id_transacao,cd_cliente,dt_transacao,vl_transacao,tp_transacao,cd_estabelecimento,fl_suspeita,cd_canal
b919d187-6029-4176-a0f7-338593776d12,B6858EBD-E23,2023-11-27,13879.63,SAQUE,15879042000111,False,INTERNET
90828acf-5a38-430f-9d5e-43388b8b7482,9BA187E2-1C7,2023-02-18,23601.45,SAQUE,63782950000135,False,INTERNET
ec56b63e-78f1-4efc-bd43-65e43c80d88d,528D786B-9D9,2023-01-30,14398.65,ESTORNO,41629705000150,False,POS
56faacce-f0b6-45ee-992b-d023f85ea9b8,B281A3AB-272,2024-01-20,12470.73,SAQUE,80165237000161,False,INTERNET
97fb33f7-6b86-4a67-809a-9d9fad05cb5d,3CC187E4-44E,2024-07-16,8897.31,PAGAMENTO_BOLETO,41602978000100,False,POS
5dde17fe-c3a3-4ce9-8345-5babc31e6293,46B176BF-0B9,2023-03-19,19376.85,COMPRA,63504279000160,False,APP
010b5d52-4d30-43f0-a213-ccf747570749,A42FEAE6-A4D,2024-01-10,23666.22,SAQUE,75231490000136,False,AGENCIA
9c47eb35-e0a8-4a42-8407-9255e0127be3,BEABB55D-772,2023-07-22,20942.87,TED,97268415000182,False,APP
a74cf7cc-5468-4b7d-9a66-d9431d27f24d,1E198149-363,2024-11-02,3233.82,PIX,85427016000138,False,POS
60de9435-8401-469b-91d2-74d0558f0572,23F59E49-F89,2023-03-14,19174.01,TED,76819304000147,False,AGENCIA
f42c3d07-05e0-42de-b8d8-4b5aa97c66eb,06AF2651-80D,2024-11-06,15204.41,PAGAMENTO_BOLETO,62375918000172,False,POS
90ee39dd-97b5-4030-92f5-15e594a05db7,51806654-A9A,2023-10-30,16695.15,TED,42317056000114,False,AGENCIA
d37164b9-1073-4da0-8844-fe9050790cdc,64263BBA-0B8,2024-09-18,14209.3,PAGAMENTO_BOLETO,78123590000137,False,AGENCIA
9ff79171-09a7-413b-9a65-b7c84c8cd5ba,B281A3AB-272,2023-12-17,636.91,TED,71956480000107,False,INTERNET
28256438-c0b5-42ef-880b-a038774535a5,EDA8FD63-D39,2024-02-01,17208.69,SAQUE,50648217000180,False,APP
74c081bf-7709-4899-ade1-60a95b1dae24,044FE849-DEC,2023-11-04,11078.6,PAGAMENTO_BOLETO,52394017000174,False,AGENCIA
33c720f3-dede-46ef-8853-4e1acf0de3a1,0ACC9AE4-1DF,2024-07-26,22439.42,SAQUE,54692103000199,False,INTERNET
42ee6ee6-93b1-4135-94a0-3b5d1eb885b9,8C5E1F11-854,2023-05-15,17242.44,ESTORNO,92781356000128,False,AGENCIA
180fff84-301c-40ef-bfec-25359a3549fb,607EACB3-F2E,2023-03-05,3586.59,PIX,84360759000175,False,POS
ba1fedb3-8c9b-42eb-b7f6-f80f78fa8641,E378B378-3FE,2024-05-27,16131.48,SAQUE,,False,APP
194fa689-58bb-4beb-88de-e9775e14706e,EF04CCC3-8DC,2023-11-17,9859.85,COMPRA,80395146000112,False,POS
f6e3da17-003c-43bf-a467-63b06ae60639,CF219331-A32,2023-07-09,15729.36,COMPRA,87204356000125,False,AGENCIA
9000f14f-76c4-42dd-b68f-53c3d9c445a4,F345BD52-4A3,2024-12-28,12286.41,TED,74032156000190,False,APP
42d79395-b9a3-4922-92ef-e60ff34faf57,E1379B0F-C24,2023-02-11,20096.07,ESTORNO,32780569000103,False,ATM
ec12b33e-cbeb-439d-9c77-1ed32b9b0c90,652FFC7E-0D5,2023-09-26,19126.21,PIX,96524371000141,False,POS
ed62bac3-2e77-4bb1-8edd-f8923ee2b630,C69A6927-B72,2024-07-14,18266.68,SAQUE,95183706000142,False,APP
fa5f487f-08fb-47f2-b699-7b9e5b9bc38e,C8D81C66-FDF,2024-01-07,4715.04,ESTORNO,74632150000154,False,INTERNET
6f44a242-ec02-4045-a0aa-3ce674512500,E6760F8A-EB7,2023-04-04,18087.8,SAQUE,85391706000184,False,AGENCIA
f61fc823-8f1c-4619-8f08-1351176fbf50,C34ECFC8-D9D,2023-10-20,21951.52,COMPRA,93041852000108,False,INTERNET
1ff2b963-d186-4b80-a31c-70e31c4059e8,6067204C-83B,2024-03-22,14569.36,SAQUE,30421659000182,False,APP
eae7d63e-2159-4488-a15e-1947960d063f,EB7A7F06-70E,2023-04-03,14397.5,SAQUE,13652970000113,False,APP
e7341b2b-e9a6-44cb-a7f0-c870d17e2946,EE280395-C68,2023-02-09,20568.78,TED,14857962000176,False,INTERNET
8910eddd-88f4-4ef1-9aef-f78b81cbdc93,1CDDA734-B57,2024-08-08,8840.52,TED,69831407000167,False,APP
275cbcb5-f79f-4124-ab55-dbbdafabc367,1B87EAB7-241,2023-10-17,17685.49,PIX,86453297000166,False,AGENCIA
35d772ec-b946-43b7-9636-1f6bf8945980,183EB1BB-10D,2024-11-02,2214.88,SAQUE,,False,AGENCIA
9631305e-33cc-440d-81cc-5f796c5cb693,738B42B8-05F,2023-01-09,7563.21,COMPRA,64019728000148,False,POS
191472a2-dcd2-42b9-a303-809481083470,0216632D-A04,2023-04-27,2175.38,SAQUE,41697025000173,False,INTERNET
c324e1ec-f614-42a2-afac-8730f45851bd,474547A6-17D,2024-05-29,6550.76,ESTORNO,08952174000166,False,APP
1cce4820-0edb-4ef0-902b-748d7200cde4,11DD78E3-90E,2024-09-07,5054.41,ESTORNO,75180463000181,False,INTERNET
9b9ed87f-f1b4-442b-8ca9-c49c4f6ad99e,EE8F70CE-17B,2024-03-13,22312.51,PAGAMENTO_BOLETO,70456129000194,False,INTERNET
1816fb0e-6bd8-41f8-8ba4-f3d030904ec7,21D4590C-D80,2023-10-25,12339.98,SAQUE,42385706000169,False,APP
2c8e612b-b231-4784-9bf8-85dbeda14096,78181A82-46A,2023-06-19,3769.71,PAGAMENTO_BOLETO,07653428000182,False,INTERNET
ff3d4806-be4c-42f1-8835-5c04a9e47259,8F0AA1B0-E59,2023-08-18,12563.27,COMPRA,27018469000104,False,POS
55bb1537-290b-4753-b54b-247c63271eb3,88A37BE7-4B4,2024-07-27,21482.65,COMPRA,39768514000127,False,POS
8b4bce88-5c97-4890-b380-cf7a1e33ab29,9FA5B939-CB2,2023-02-21,23769.77,PAGAMENTO_BOLETO,72613894000104,False,POS
5eac5d44-3489-418b-b86a-d96bd5622556,8E42EDA2-06B,2024-08-15,17785.55,PIX,68453192000125,False,AGENCIA
6318cc5f-f5f5-4049-942b-02acb4631c3e,E30EE1F6-550,2023-06-11,20239.52,SAQUE,27953840000125,False,POS
abbbeb2b-1750-4a33-827d-07b0e47cf8a3,3EFB126E-FA3,2024-08-12,2693.65,PAGAMENTO_BOLETO,85607439000130,True,INTERNET
109d2850-639b-4b79-84e6-0f61cccff0ad,3CC187E4-44E,2023-08-11,1753.99,SAQUE,16785942000162,False,POS
20e20f43-1498-4a2e-a368-8658086c77fd,637DE688-A83,2024-12-13,18176.91,SAQUE,,False,INTERNET
f2a72940-7464-4fca-b157-641d3f17bf42,B5FD8EC3-B5A,2024-03-17,5838.76,ESTORNO,34862957000169,False,APP
f34796d2-e0fb-44d9-9b07-7ed2e172cdbe,5A8E63A3-C3A,2024-12-29,24792.54,ESTORNO,18430297000190,False,ATM
ee826f33-5046-4e64-a062-e5317eefccd9,6169EB68-5A1,2024-11-01,2128.28,SAQUE,35624098000132,False,POS
89ca8c8f-adf7-44c3-9061-f95903e25c77,9B31695D-108,2023-04-28,2307.4,PAGAMENTO_BOLETO,92031754000127,False,ATM
c872f8d5-4bce-4b0e-b080-ce823c8f82b0,880F0B08-2B4,2023-11-25,7265.12,COMPRA,90263857000197,False,INTERNET
f9c2b225-14d6-4930-8194-8e9f31bf5110,FA9FD845-79D,2023-01-24,19543.37,SAQUE,36405281000100,False,AGENCIA
09ad9d92-aebb-4d07-bc6b-11077154cf45,B6858EBD-E23,2024-03-16,14811.45,COMPRA,31504279000174,False,APP
f5248c71-cfc3-4907-b10c-b928ed7f24a6,D64AAC66-00E,2024-06-15,6403.66,PIX,28905347000100,False,AGENCIA
69f4f67d-d931-4a55-b158-1ac940551a5b,0338DF3A-F72,2024-05-22,1452.2,PIX,80563721000149,False,INTERNET
d6021ce0-586e-48fd-9be6-3f68c2ac3c87,9917CE6D-711,2024-10-30,8953.61,PIX,72963054000163,False,APP
30aec197-d266-4ebd-a9a8-d10212c0c143,1A2700EA-540,2023-08-02,20638.0,COMPRA,83146570000111,False,INTERNET
7cb384b0-6245-410c-85b6-22cf4aa98294,672EBAA9-8E9,2024-10-19,16553.93,PAGAMENTO_BOLETO,32460957000107,False,APP
02e36725-a73c-412e-82ad-9ce3e7695a2d,556C7FF2-FC8,2024-11-18,16308.6,ESTORNO,49765210000160,False,APP
e7d72683-dc07-4c87-9438-ef43091f7b69,D8F25E4E-64C,2024-12-07,7887.46,PIX,26389051000140,False,APP
4dbf8e74-55ce-483a-a232-1f5cf1f8b051,4912A64A-776,2024-08-10,23852.73,PAGAMENTO_BOLETO,06247819000134,False,INTERNET
a2746795-ce5a-4670-b10a-670e279a2bc5,6B77FE92-F02,2024-02-13,1512.08,PIX,57306829000134,True,AGENCIA
66606cfe-8717-4ee5-a9f4-17f26ff735ae,A0CC7440-D51,2023-10-15,14845.81,PIX,74180695000177,False,ATM
94ab7041-7652-47cd-a024-31fd8ddba048,8D8F19B2-7D8,2024-09-11,9931.23,SAQUE,78215096000100,False,INTERNET
b6b396fa-d496-473e-b515-23029deefba3,EA44F393-CD9,2023-09-11,24670.39,SAQUE,40957381000116,False,APP
1996e346-f59a-410b-aa41-8a0144f10509,5F542E7D-47E,2023-04-21,733.41,ESTORNO,38915274000183,False,POS
ef305ba0-d3c5-4715-9da6-213110c00bc8,5798FBD8-F1E,2023-01-28,20470.08,PAGAMENTO_BOLETO,38560927000159,False,APP
a103de07-a706-4f64-9487-1177217e3472,1B87EAB7-241,2023-02-19,6859.8,PAGAMENTO_BOLETO,45201937000163,False,INTERNET
c4588d3b-e969-44de-b939-379be1b6cf6f,51806654-A9A,2023-11-02,4566.37,SAQUE,69024815000107,False,ATM
cdf5cc77-8b63-4a57-ad2b-51466129e24b,5FA92D7D-C05,2024-07-01,8442.12,PIX,83760291000143,False,POS
f157f38a-92a7-4777-9ee8-3ecc053a978d,EE280395-C68,2024-07-19,17337.7,SAQUE,76134592000104,False,INTERNET
d61e8acb-671a-43e8-9a8a-2b13f5cf0ed2,31C774AF-5E2,2023-12-10,6086.28,PAGAMENTO_BOLETO,10284569000180,False,POS
b0a6f1bf-f650-4155-97aa-e7a9239a3297,9BD37035-C63,2023-05-26,12322.95,PAGAMENTO_BOLETO,79125064000179,False,AGENCIA
e8e63827-3043-4726-b866-e30d76e16d45,97FDAD95-A9C,2024-12-10,22833.49,SAQUE,59876120000108,False,POS
6fd1f60f-e367-4f10-a837-e487ca9c8735,63DE84D8-4F6,2023-10-08,23638.85,TED,83519607000100,False,APP
6bdc5303-1a88-4080-b59c-5c87c503667e,A429C6B3-E53,2023-04-28,5290.51,PAGAMENTO_BOLETO,16598732000165,False,APP
dfbe0b02-a85b-4f85-a5bf-ab57dacd01f6,1B593A49-C61,2023-11-15,24096.44,PAGAMENTO_BOLETO,56237401000114,False,INTERNET
a0ae8db4-e2c7-40f0-a270-0e587af72632,4348581D-CB0,2024-07-09,10710.0,PAGAMENTO_BOLETO,02469385000166,False,POS
c77cad32-4e31-49c8-bc56-180983440ac8,53C02BFE-5EA,2023-07-20,17761.3,PIX,84376105000130,False,INTERNET
774fe99a-d7ad-46be-af64-efe507fbcdcc,738B42B8-05F,2023-09-04,3635.54,PAGAMENTO_BOLETO,14279086000148,True,AGENCIA
c44719ce-d614-405e-a5e2-5ac283258726,5758ECFB-5DF,2024-02-26,17371.88,TED,27683509000132,False,POS
0022c079-2431-4205-9962-1a3ba3825177,6F8558C4-4CE,2024-03-07,7781.06,TED,48316052000106,False,ATM
5d68f653-dfc3-4332-ada4-2872a9d90b0a,F369784D-213,2023-09-30,23593.34,COMPRA,94650712000108,False,ATM
81bf3ea0-b6a5-4ee0-a541-904a35b5f74a,77D1C6FE-876,2023-05-14,19168.45,COMPRA,86235417000159,False,APP
f1d1ff89-3a08-4104-957d-be81a1b9cc1f,BA6A934D-FC6,2023-12-20,11435.02,SAQUE,,False,ATM
da248bf4-f606-4d02-b862-abcbea3763eb,75D5BF65-D16,2023-05-05,9991.8,TED,74103569000119,False,AGENCIA
e993f7a4-e1d1-4a77-9fda-7c347de6c4af,905C50CD-4F3,2023-04-16,123.26,COMPRA,29748130000199,False,AGENCIA
ac9f608d-b7f0-48f2-8adb-40d1cdb090eb,504B56C9-75C,2023-03-23,6327.65,TED,,False,POS
6dc84fe5-85d8-4c21-ba29-6c3383d2f907,CA44260F-822,2023-11-16,2819.83,ESTORNO,29516873000133,False,ATM
1bff8682-ee29-4c34-80c6-09d6402cd85f,607EACB3-F2E,2023-03-16,22290.97,PIX,30824519000155,False,APP
7a87da06-7744-481b-8a3b-8610b0f32fb6,35F4CD86-495,2024-01-31,2550.78,COMPRA,42908137000199,False,ATM
f8d7043d-ef46-43d0-9698-1eea47278091,84034CDC-913,2024-06-12,1904.59,PAGAMENTO_BOLETO,32790148000163,False,APP
76c1fe84-41f7-4f51-8002-4c529e2c3234,006ECDDA-42E,2023-12-16,19567.68,TED,73962518000180,False,AGENCIA
80808e24-5b15-417c-a5e3-65137ef4fed1,E30EE1F6-550,2023-12-26,9478.03,TED,57034812000175,False,ATM
a12b1e08-85f5-4ac2-95df-fd4426d35cfb,D59977E4-03E,2023-09-10,12520.15,PIX,38129067000101,False,AGENCIA
54d0ff71-f000-4038-a3d8-ed13b9f2dff3,7F4DB55A-F30,2023-08-26,23122.6,PIX,68307519000150,False,AGENCIA
49924eb2-1dbc-4d4e-a6e9-6e5d5f0b8778,0F5BFD1F-3A7,2023-07-23,20174.16,TED,82465319000157,False,AGENCIA
8ee153b4-bfc1-48dd-b749-addb18e1a3d1,8B8AC6E3-353,2023-11-19,15797.64,TED,34896570000123,False,POS
f56e4154-12da-487a-91bf-4bb95466137e,8F20775B-7C4,2024-02-25,8855.28,PIX,02495731000180,True,INTERNET
e5bf549c-376a-4fc8-b841-71984e510eeb,2ADD4393-5A3,2023-03-30,24811.92,COMPRA,59048712000123,False,ATM
3578bbc8-babb-4ee3-be2a-345d5047a8d5,4BFDE91B-22D,2023-05-21,16088.76,SAQUE,67349201000170,False,INTERNET
8f39781a-884b-4c0a-a37d-244c7f83b04c,D9D54CB1-809,2024-06-19,23911.6,PIX,29814756000156,False,ATM
ce0d8af1-7e5e-40e3-adc9-eea5225ce092,F67A0408-FB3,2024-12-04,22677.57,SAQUE,76528041000117,False,ATM
126e1290-d8c5-42c7-af9f-6533c1b55de6,BBAEA6BB-510,2023-08-01,18594.0,PIX,,False,INTERNET
5b0414e4-5123-40de-b027-1556ddd8502e,EE26036B-12A,2024-11-04,13377.68,COMPRA,39601845000178,False,AGENCIA
06f1ead3-7847-407b-9a21-406212cfe488,BEBF5DF3-0B1,2024-10-08,20943.55,PIX,60128973000132,True,POS
519939ee-e795-4bc4-88a2-ac134eff5798,7CC2EBF2-FD3,2023-01-31,4843.18,ESTORNO,02659473000120,False,APP
88227e58-ce26-4678-a1d1-1ac686197b4f,85A782A1-AF3,2024-01-05,10160.58,COMPRA,23648519000186,False,APP
5ad1e3a1-8267-4c3d-88ab-27df561ac02a,C4D32831-F5F,2024-12-10,4725.61,TED,60583479000168,False,APP
7e2a6663-3d53-4949-a512-e8c3a64d9168,4017D0E3-823,2024-06-24,6014.84,ESTORNO,31497528000141,False,AGENCIA
c925891a-bb30-4c3e-a39c-8ae0184d235b,4BFDE91B-22D,2024-04-30,4721.7,PIX,,True,ATM
27465523-cc33-4fda-9fae-aa896858be7c,6C7A6B3F-11A,2024-05-13,4319.25,PAGAMENTO_BOLETO,05427638000127,False,POS
ae7a957d-f3f1-4a33-885d-6bf71adc5e3b,D3532524-F43,2024-12-27,8385.6,COMPRA,40879156000109,False,INTERNET
dd250c79-c188-40b8-8182-7827e766e8f3,B5FD8EC3-B5A,2023-12-30,14848.55,TED,57302891000158,False,ATM
3c935d3c-925a-4133-96c7-2a9646c45f85,3B913D4E-396,2023-12-04,10694.53,TED,92405817000168,False,APP
b0afe851-bd36-4dbe-a09e-e9325ea070e0,C0F3AB94-CD5,2024-12-14,24524.32,PIX,08713965000133,False,AGENCIA
dd31a51c-d773-45ea-8fa6-1f0553511287,0216632D-A04,2023-05-14,21118.75,PIX,97064821000123,False,POS
3a797a08-4e11-4e5f-9fdd-f05a97fdb389,EDDB50D6-49A,2023-01-13,195.3,COMPRA,09341657000197,False,APP
38219d35-8b31-446e-acf3-1c97b6e91907,87840CD3-C53,2024-04-02,16209.55,SAQUE,75246031000126,False,ATM
adacae1b-b6d8-44dc-8b4b-6c42b4b19dc6,D321DE95-DD2,2023-10-19,14499.59,ESTORNO,37925406000195,False,POS
558c0c03-ef0c-4ed7-8980-530a2198e95c,4E017D84-67F,2023-11-17,4604.34,ESTORNO,63092185000121,False,ATM
3a5980c8-a3f2-454a-8fb8-80be772e2b1d,2C3A8435-570,2024-07-18,17790.4,SAQUE,08465173000197,False,ATM
42acfaae-ece0-4850-bdb5-f365e0823a03,0F942AA1-52C,2024-06-10,6963.53,PAGAMENTO_BOLETO,72968405000129,False,APP
5165fbd4-8056-4d27-a743-a08ea575023c,1F53D01C-A6D,2024-11-30,17171.76,COMPRA,69847230000197,False,ATM
5da976d6-5c72-4a46-8642-c7c5895b9bbd,84034CDC-913,2024-07-23,320.46,COMPRA,18234609000190,False,POS
593f54e5-a7cf-4a9f-bc98-5b7006c1b665,E8DE9626-1FF,2024-11-02,7097.82,TED,,False,APP
a86f3b38-5035-4d73-a280-541421dea946,652FFC7E-0D5,2023-09-03,18442.07,COMPRA,21504783000110,False,POS
acdda9eb-742c-436b-bd3d-19f797008853,A42FEAE6-A4D,2023-10-16,7544.44,COMPRA,14293076000167,False,AGENCIA
7a6638a3-0745-4e93-bada-90f920c1c358,5F849726-BC6,2024-12-23,4344.49,ESTORNO,51428036000101,False,INTERNET
1a1bf70c-87c1-4b63-af2f-8a4c5815cd27,DDBFDB15-AFE,2023-12-26,7835.51,SAQUE,14095362000118,False,POS
7204be21-3ee0-4f8e-90e3-b00609001b24,7ECE19DE-AC0,2023-08-07,5051.03,PIX,27148603000191,False,POS
e4a05332-9b8b-41e0-bcf7-73b93dde13ac,E30EE1F6-550,2024-12-31,20242.23,TED,10647592000191,False,ATM
b570a21e-4d48-4ef7-94dd-192653117e8b,236EF649-782,2024-07-22,14345.1,COMPRA,96574823000108,False,APP
49a8fbca-b7e7-4142-bec7-576862534520,CBE4CDFF-95E,2024-02-29,22957.72,TED,94230765000161,False,ATM
e21504b1-41c8-424c-a8ae-c4c5f7028941,BA3777B8-BF4,2024-04-28,23764.71,COMPRA,04571892000131,False,AGENCIA
007f32fb-4e42-4bf8-a310-562070ce794e,0F942AA1-52C,2023-05-14,12942.04,ESTORNO,07381469000167,False,APP
469d9680-a2d0-42d3-a881-54e3e776e085,A09B03EF-EBF,2024-04-24,20895.04,COMPRA,48369075000170,False,POS
803723b8-19e3-4a53-9b36-a298866c5f22,55EEB566-F4C,2023-10-12,19760.22,COMPRA,21983470000192,False,APP
1112be48-afad-4bfd-8479-3de8403325bd,3FF3BF69-B2B,2024-08-13,12191.8,COMPRA,59673410000146,False,ATM
371b809b-4a28-45ff-a9a0-725837ba81c8,8F5E47B2-0F6,2023-11-04,2982.83,PIX,84692375000150,False,ATM
9b3046d9-707e-486d-93ea-5f6a7bc9f7e1,9F0D86B7-8D7,2023-03-25,17814.53,COMPRA,47910653000171,False,POS
61f831a3-e88f-4877-ae1a-5a2fc1c2a579,1B0AA978-35F,2024-08-13,6029.07,PIX,05314628000185,False,AGENCIA
084078b0-c2f4-4867-b67b-719aa003340b,5A8E63A3-C3A,2023-11-06,4312.79,PIX,34829710000140,False,POS
628d17df-d949-4f3b-9ae2-b2df5bfedfb3,6F8558C4-4CE,2024-10-29,22931.28,TED,05814376000153,False,INTERNET
4444e2bb-f034-4a54-b9bd-c6db11eac7ff,42837FA5-5B8,2024-11-16,6030.52,PIX,52041786000199,False,POS
a106fa01-a1a6-42f3-b0d8-dce14ba36157,46B176BF-0B9,2024-05-22,16867.75,PIX,21739604000124,True,ATM
12ed133e-5156-43b0-86fe-36431063afcc,AB82E6A4-64C,2023-05-04,14008.6,ESTORNO,42036178000132,False,INTERNET
a730dfad-5e2f-49b5-ad80-96eb74055ee8,D121BD33-816,2023-04-08,4315.79,SAQUE,03469172000105,False,POS
80f8adf8-7223-4006-b1bc-7d51013c2569,4276B25B-A06,2024-07-17,20708.07,SAQUE,97326145000119,False,ATM
6b082eca-a40e-46f7-b159-c5b7b04ac9ab,546DE253-757,2024-08-22,12077.55,COMPRA,21548697000100,False,ATM
3d622048-172f-4534-95b4-bc4840d4fdb2,4B4FBDF4-BCD,2023-01-20,10299.25,SAQUE,36102478000170,False,AGENCIA
8f4b1cfc-ae0d-43c2-8dba-f6d515fef35d,D9113245-2F7,2023-07-28,22764.25,PAGAMENTO_BOLETO,45186920000184,False,POS
66408c9f-0112-449a-8c80-d74467be4009,7E92A89E-3BB,2024-01-05,16165.21,PIX,40298567000100,False,AGENCIA
e8fdaa65-685e-4da6-9147-364ce446eeae,0AF2239C-A32,2024-11-15,10063.67,PAGAMENTO_BOLETO,91623748000104,False,APP
0e84791e-1806-4fc8-ad3d-81db9044d56d,037B2A8B-62E,2023-01-02,19213.75,COMPRA,21074859000115,False,ATM
6deb4c0e-ec86-49d4-829c-c9cc939eca90,BEBF5DF3-0B1,2024-08-30,242.14,COMPRA,94651280000141,False,INTERNET
d0b6b026-e6e6-4ec8-9067-87a0ecf1e0d7,46B176BF-0B9,2023-03-04,12186.22,PAGAMENTO_BOLETO,56431827000104,False,ATM
3b524105-c719-4425-a99e-50ccc6061292,DC953A57-83F,2024-12-22,22976.34,PIX,29734865000163,False,POS
ab260510-12c8-4abf-be7a-eb0befbf2d65,5B92290F-E34,2023-02-07,5621.07,PIX,,False,APP
f6746e15-fa01-40ea-8938-70846de14ead,EDA8FD63-D39,2024-06-11,14266.62,SAQUE,19524807000151,False,AGENCIA
2fcca412-c6f0-4ca4-a522-cfbf39514607,36836E28-7AF,2024-11-19,14847.3,ESTORNO,07258314000138,False,ATM
8607cd08-b11a-482a-a968-3136b50584df,2C89C1DE-1A7,2024-07-07,18063.82,PIX,56820917000197,False,INTERNET
78e982ee-700d-4f32-b108-a9e14de95e8d,285DFD16-5DD,2023-12-22,15392.84,COMPRA,63195087000110,False,AGENCIA
e46504a7-f461-407f-b2fb-623f10f3a514,E378B378-3FE,2023-10-03,16830.43,TED,40953826000190,False,ATM
80a2cbda-00cf-4b19-87e1-16cd8f3efb7b,5F542E7D-47E,2024-04-27,3332.09,PIX,94780156000186,False,AGENCIA
af606abb-c302-4613-99be-569a9a34b117,8C5E1F11-854,2024-09-04,2246.67,PAGAMENTO_BOLETO,98710352000135,False,APP
3e34c28a-612f-41b6-8818-d7b7f959026d,3CE84BC5-565,2024-08-23,11169.54,TED,29635081000188,False,POS
0a105d36-e9f9-41d2-b9f1-a65efb8e230c,8C50AC59-006,2023-02-11,8751.6,SAQUE,68421503000174,False,INTERNET
035f2ef7-796b-4717-a2e1-0bc309403a7f,DC440BAB-5CD,2023-03-04,18870.27,SAQUE,48570162000191,False,INTERNET
bf791aa1-99b5-4af0-896d-9c625d5cb0d8,B5E7A8A3-801,2023-08-20,9930.95,COMPRA,52147063000179,False,ATM
fc684cdb-7334-4450-84c1-1f86e1fe0245,6F8558C4-4CE,2023-09-19,16583.06,TED,54213608000123,False,AGENCIA
ad119a55-1a77-4d86-856c-6b10ce88cf89,02634C63-DC6,2023-08-17,23811.24,SAQUE,57149806000163,True,APP
e996932b-58f5-4a0f-a8b7-59e406790f5a,9917CE6D-711,2024-04-17,24977.37,TED,25873604000173,False,APP
05ca0dce-ba5d-47e4-917a-a0ea72fbbee9,5758ECFB-5DF,2023-08-21,18311.42,TED,35298704000177,False,POS
5ce8d299-3681-440f-bdc7-cc963dc2ebaf,A008CFDF-174,2024-10-24,8571.73,SAQUE,50268971000195,False,ATM
0dbdfd15-e837-451f-975f-c2cc02868e82,1ACA01CF-632,2024-01-12,18616.17,COMPRA,65391820000105,False,POS
281c4f5b-bc81-46b2-91ee-c88dc78a2bd0,5758ECFB-5DF,2024-10-10,5003.84,PAGAMENTO_BOLETO,16923407000120,False,APP
5c07b6d0-997c-4e08-a925-6dd9dbe86115,EE280395-C68,2024-01-02,1547.63,SAQUE,38062147000189,False,ATM
966a428d-8188-4ecb-abf2-5efe5105c64e,AEF073B0-AEE,2023-08-02,15012.58,SAQUE,,False,ATM
fded75a0-8b6c-4e2b-86d4-3c5705b5354b,2A85F43E-231,2023-09-22,5764.86,SAQUE,79620538000159,False,AGENCIA
a341e151-55a0-49ea-8c92-fce3536fc2a6,7B56E268-CC1,2023-06-13,17429.26,PAGAMENTO_BOLETO,59748210000105,False,INTERNET
e15f36a0-57fe-477a-95f1-58e44629141c,148829F6-E46,2023-08-13,22380.4,PIX,29730156000100,False,INTERNET
82eefb87-d7b1-46ac-bc92-c78b94c52dee,34D64374-6C8,2024-08-16,8426.46,SAQUE,82034571000101,False,INTERNET
95860330-8265-4419-a78a-bb8ef0eb32f2,219B700E-7A4,2024-04-27,20248.11,ESTORNO,83027459000106,False,APP
be02a7db-71d1-4bec-a8af-94f659d6cc39,4B4FBDF4-BCD,2024-12-10,174.13,PAGAMENTO_BOLETO,48709261000101,False,INTERNET
31b1b73e-0c5f-4bba-a078-bed518ced244,45955261-0C4,2023-02-04,6275.71,SAQUE,74652931000100,False,APP
4e6d2442-03bb-468e-9a8c-50b59f7cd66a,EE8F70CE-17B,2023-07-15,6678.54,SAQUE,81594326000196,False,INTERNET
9f84abdc-7a48-4c5d-918d-01c543c74f31,D67D9A88-C34,2024-10-09,17070.47,ESTORNO,29187650000170,False,POS
88e20d89-9ad0-4c4a-b16e-c5a3c0560e60,07C93CA1-3B6,2023-10-15,5264.74,TED,51096427000176,False,APP
a4348478-76a1-4ef6-8ea5-6db9ec499d69,B269600D-820,2024-10-23,3198.37,PIX,23704689000130,False,APP
bc9badc8-5983-4745-b946-01ec84501941,694B7912-326,2023-08-13,6735.65,PIX,,False,POS
008ea37f-b750-4cfe-a0b6-a68a10e9af41,27D9297E-B64,2024-10-19,20023.97,ESTORNO,70839546000116,False,APP
4c506354-491f-4dcd-9c5d-afd35f2b2aca,9B80B591-CC1,2024-03-07,11938.75,PAGAMENTO_BOLETO,,False,POS
090c15e0-ab59-4347-bdb5-af8138d60903,ADFD97F2-EA7,2024-10-30,415.54,ESTORNO,34961502000109,False,AGENCIA
885767d5-2f18-4bfc-b455-cd77e7162475,9AFEBC11-DCD,2024-01-01,21104.0,TED,03278459000140,False,INTERNET
23323507-76ec-4d1a-936d-36833f2d33dc,507DE0B3-C8E,2024-05-16,2397.83,ESTORNO,40812759000193,False,INTERNET
274e2ac5-0d21-400c-b72a-7e5c61ff221f,41BED45F-D69,2024-11-15,11589.99,SAQUE,59436108000174,False,APP
ee097396-b2f8-46d6-b3f3-c4e0ac6d1aed,7A7B9B5D-252,2024-12-31,8081.24,SAQUE,21749083000196,False,ATM
301eba73-4a17-4449-80cb-b03a158dec1c,BB347D67-ED6,2024-09-08,4956.68,PIX,65437128000162,False,AGENCIA
e7e9fd3b-ba12-4e21-a9de-242bdb2d634f,0846E910-845,2023-09-27,15419.08,ESTORNO,69035128000197,False,POS
dce85e8f-225e-4104-9765-d6d80edbb851,F003001B-1D9,2023-08-07,24801.13,ESTORNO,26195840000140,False,APP
fc047b78-7e41-4b11-90e9-b0baade305c5,D57A19C5-4AB,2024-04-12,5524.88,PAGAMENTO_BOLETO,64052987000170,False,ATM
eb7bf8da-5e72-4fd3-a431-4b2ef5ce6e55,AABDD418-4A8,2024-11-24,22842.76,ESTORNO,39765420000102,False,INTERNET
707a4e00-bed2-45d8-b6c6-97a3f93cb83d,A58441DA-54D,2023-03-24,16943.47,ESTORNO,50938261000125,False,INTERNET
54dea565-11af-4e70-be33-741b34b131da,32756865-284,2024-08-31,4125.77,PAGAMENTO_BOLETO,39865210000188,False,POS
16b1feb4-473e-4354-af7c-2f506f19d6a3,20977FAE-684,2024-03-06,20607.13,TED,94527136000106,False,APP
118ab368-d68e-4e62-81a1-e63b859bcdc4,BA3777B8-BF4,2023-01-31,17023.86,SAQUE,27915043000153,False,ATM
5c957e4d-83b6-4d77-b390-65c755fe9941,B9D30B5C-4C4,2024-10-26,10898.64,PAGAMENTO_BOLETO,04728916000113,False,APP
e2fa0a59-43f0-421c-b099-39e76ef1a25c,929EE52D-1FF,2024-04-13,10082.71,SAQUE,83916745000122,False,ATM
8bae1dca-7c9b-4538-a3c6-432cfa8d8636,D7B62EED-316,2023-04-06,10439.65,TED,48290513000100,False,POS
b48fc89d-29a5-4264-a10d-05120f81099a,9D279566-E1A,2024-03-14,16963.98,SAQUE,72935468000189,False,POS
1c9712a7-d22a-4ed6-8fcb-d598717f5764,96DF87A5-7F5,2024-09-22,8960.33,COMPRA,92017485000144,False,APP
f6c12192-b0fb-41be-8343-11456c38e085,45908E7E-B6E,2023-12-09,5778.93,SAQUE,38716245000192,False,ATM
f42ee6c5-1221-4dc0-bd57-f49172bf8375,E92720A6-90C,2023-06-06,9529.27,COMPRA,31975024000190,False,POS
bf4f9fde-775c-4bd0-a787-738f4ac02757,3EFB126E-FA3,2023-09-05,18984.67,ESTORNO,70915862000120,False,INTERNET
ebcf313a-e710-44bc-8f79-406ed8dc9fc8,285DFD16-5DD,2024-02-29,14319.67,SAQUE,06943281000100,False,AGENCIA
b6d7c820-7157-4bef-ab9a-b1056cfeed95,8F20775B-7C4,2024-09-02,15377.75,TED,84120397000145,True,POS
f330a955-8e05-4664-884a-9e3db1b3c364,5758ECFB-5DF,2023-11-25,14072.71,ESTORNO,61429375000166,False,AGENCIA
a7b1c564-4fc7-44da-9aca-c84e8fb081d8,5950E6C7-791,2024-11-09,10887.84,ESTORNO,39082674000118,False,APP
d5574c2a-3bbc-42e8-b406-38a10a89f1ac,CA8C3776-00B,2024-06-09,11749.05,PIX,68195743000106,False,APP
849b83df-d81e-4fcf-929a-678f9783dde1,E5156096-91B,2023-04-04,3741.7,COMPRA,62793405000181,False,ATM
90f932ca-bba4-4c30-bbf4-f273d689c051,A3D456CB-CDC,2024-01-25,23500.46,ESTORNO,36745190000113,False,INTERNET
b92ac824-ea0f-44f8-93ef-c79a671228c5,53CE6CE6-88D,2024-02-04,8774.07,ESTORNO,30829647000191,False,INTERNET
c3487026-8253-4ab1-aee1-5bd55eb1dce6,20868332-9FC,2023-07-10,17995.83,SAQUE,08159674000145,False,INTERNET
ae8c8106-f250-4616-a510-15f1d427a8ea,D67D9A88-C34,2024-06-01,7128.1,PIX,04931658000178,False,INTERNET
219660dc-3f1b-44c8-8f8a-dd31f8038419,5AF5C7FF-F97,2023-03-08,14960.34,PIX,78450932000123,False,APP
691f8420-6d67-4ada-9094-599e5dd647d9,E336FE15-195,2024-08-17,19924.01,COMPRA,19725684000117,True,APP
fbeed2cd-a950-4bb0-b62d-c763e725db08,2ADD4393-5A3,2024-06-15,7560.14,PIX,69852731000161,False,APP
3faacef0-25e4-4547-a5c5-bc82aa5f720c,296BA3E8-2A2,2023-08-01,18695.13,ESTORNO,79512480000120,False,AGENCIA
cdc202e7-21fc-449e-a507-1fd2b8fc9759,8C50AC59-006,2024-04-03,7606.21,PAGAMENTO_BOLETO,31645279000194,False,INTERNET
68109298-6930-4513-b7b3-46d006de8211,A0CC7440-D51,2024-06-10,16612.34,TED,25709864000108,False,AGENCIA
4bd21523-25af-4e3c-82da-38bb214be2b3,6C0F83D3-984,2024-03-17,2285.51,COMPRA,89240753000188,False,POS
533c210d-72df-4eaf-924f-546da7ac644c,0D1D3193-CCF,2024-09-05,16772.88,SAQUE,72540916000145,False,ATM
49824c5a-b29f-42ff-8f8c-060a0d8b8a4d,FB7EAF5F-BD0,2024-12-25,7316.95,ESTORNO,83025469000102,False,POS
af639d96-d282-4822-9063-7511abb26e2d,02CECF04-DC2,2023-10-20,2687.4,TED,69874352000172,False,INTERNET
b333b8ad-5f47-495c-accf-76a77eced8d0,6D7513BA-8D9,2024-03-04,17894.74,PIX,30849521000189,False,AGENCIA
3bb41a80-c201-4043-b9d8-3d6fa3f95679,73EF3E1F-B9F,2024-05-20,6374.66,SAQUE,64398510000141,False,INTERNET
fd43d21e-2196-4b19-9e6a-30ebf9af77d2,3ED1676C-CAA,2024-07-16,13489.74,COMPRA,97645132000102,False,AGENCIA
2875043a-69ff-4293-a07b-cbf4abc627b4,1CDDA734-B57,2024-08-09,3270.5,COMPRA,,False,ATM
9067ad00-c17f-4d19-94bb-182728d18282,607EACB3-F2E,2023-03-31,10919.42,PAGAMENTO_BOLETO,79831042000124,False,POS
c7364f9f-5a38-4bfb-a37f-00771dcd4946,7A75C6A4-725,2023-11-07,19971.49,ESTORNO,,False,APP
004b761d-8c1d-4a71-80ba-aecf7b400c65,B6D52146-CBF,2024-07-06,14835.99,PAGAMENTO_BOLETO,49067583000167,False,ATM
a603a513-f8aa-4cce-9261-3add616be885,D8F25E4E-64C,2023-09-28,6837.06,TED,07521869000120,False,ATM
804f816e-be7f-4384-a1c0-589df537fe3c,57E329B0-2DC,2024-09-25,12703.52,SAQUE,80217354000121,False,ATM
37e48f7f-e318-4029-a332-33d2705db690,75C86A71-122,2023-11-28,3944.83,COMPRA,03895462000102,False,APP
31792381-cd13-459a-8556-b8e1ecb832e3,2AE67F9E-ED5,2024-08-07,12788.33,ESTORNO,05689473000161,False,ATM
797ca18a-3aa2-4c96-872d-08d151b3edac,1A2700EA-540,2024-09-14,7011.55,ESTORNO,80945761000155,False,INTERNET
994c3bd5-8448-4ead-b487-378f6388a237,57E329B0-2DC,2023-08-26,7455.31,TED,13945802000116,False,ATM
97332db0-1ff4-447f-bcd5-04d5a0f6d06b,29AA7C55-D27,2023-07-01,14872.22,COMPRA,41936725000173,False,APP
ed6b20e8-a41f-4292-a208-308dc661320c,1CDDA734-B57,2024-02-03,17151.2,COMPRA,89043176000134,False,POS
8dd8964a-89d6-46ac-b161-f217d0b96c58,5FF8C9EF-A2C,2023-01-06,11297.66,PAGAMENTO_BOLETO,,False,INTERNET
0df0ef88-72f7-4ab2-b867-b8780659a988,78358790-736,2023-11-14,8253.94,PIX,57186924000141,False,ATM
c7823ab6-058b-4d71-bd22-ed09402fb4ef,78F37A8D-683,2023-11-03,10680.02,PAGAMENTO_BOLETO,57320891000180,False,INTERNET
f0a32ce9-b605-453a-b347-5c74dc2ab7d8,7BA65E1D-25B,2023-09-23,11924.27,PIX,17458396000118,False,ATM
8d7bfce0-2fe8-4edf-a731-aea211f27342,C1DDE387-6CF,2024-08-19,18366.78,COMPRA,10948276000150,False,APP
22b67c2a-4688-4746-98cc-11bb5bba0bf6,57922564-3CD,2023-07-10,10651.59,SAQUE,86540327000171,False,AGENCIA
fae7e6f5-6ecb-4cc2-b796-a1d635887813,F3E193F3-059,2023-09-01,1108.43,ESTORNO,20345719000171,False,ATM
0b60a85b-10e0-4c00-abf2-9134292f6869,F345BD52-4A3,2023-12-26,17469.26,PAGAMENTO_BOLETO,34260198000164,False,POS
8b0f8dd1-ca4a-4b04-988b-5f3b1fad1496,F01E432A-5A3,2024-12-19,17774.36,COMPRA,70368459000128,False,APP
03d2ce7d-811e-4423-aa4e-9a8414a056c2,A09B03EF-EBF,2023-11-06,1061.57,COMPRA,28701546000199,False,POS
72ae5231-a228-4534-ab79-6b20c611ae93,A9FB5ADD-217,2023-08-10,5541.44,TED,30481796000102,False,POS
ab9b150a-72de-45ec-b486-8994c1038f48,8D8F19B2-7D8,2024-11-08,10400.47,PIX,43156792000109,True,INTERNET
5b2386ab-8426-466c-8cd5-db8b6e0c6db7,21D4590C-D80,2023-11-20,12891.35,ESTORNO,90516482000120,True,APP
7e1ab406-67f8-4096-8f63-ec4e7dd04f61,EE8F70CE-17B,2023-12-13,4185.01,PIX,95436870000114,False,POS
d673280b-6c83-4b48-8ba8-295ff4b7fda1,25296E7F-C60,2023-02-01,290.53,COMPRA,04851629000104,False,AGENCIA
152703da-0cd6-4507-aa75-42ab3c88a775,AD72640D-C17,2024-04-21,20266.45,COMPRA,82136095000130,False,APP
e8fc3d87-4a8f-40fb-83a4-b4312102798b,42A9CD29-2F9,2024-07-26,22780.65,COMPRA,48105736000150,False,APP
1f0518fc-02a7-4bf2-856a-4d2d04908d78,A13C5957-9AB,2024-09-14,14944.04,PAGAMENTO_BOLETO,09476851000180,False,APP
355ff78e-300e-4fb9-a78c-9925417b9760,5B92290F-E34,2024-02-15,4743.53,ESTORNO,21894760000160,False,AGENCIA
ba81a9e6-c295-4055-a9b0-24d156e17aef,41006AC3-D3C,2023-12-31,906.0,TED,36021974000107,False,APP
27321884-1732-4237-9333-6cdb69962a42,45955261-0C4,2024-08-30,16796.57,SAQUE,56804237000180,False,POS
adc8c4b2-e2d5-461e-8c1e-1b3802d40f51,3680AE2E-283,2024-03-24,10295.49,COMPRA,79305842000101,False,ATM
bde8dc83-21e6-4c43-9809-ea40c1479e86,AB82E6A4-64C,2023-01-08,1921.46,PAGAMENTO_BOLETO,60542981000120,True,AGENCIA
da3472b9-6f6d-4a75-9f11-eca745b810d6,F0CC8CCA-3F4,2023-06-01,15258.58,PAGAMENTO_BOLETO,46951308000113,False,INTERNET
c1bc6ea6-1fac-4b20-bf87-9b95c89c61ef,1A2700EA-540,2024-07-25,18780.71,ESTORNO,56128470000190,False,AGENCIA
957ddd19-548e-48f7-9f79-5d45be873a63,938851C2-6B0,2024-12-19,433.29,COMPRA,,False,APP
741b6829-10e8-4510-8e06-3d3dec30902f,65F02700-2FC,2024-08-28,3843.73,SAQUE,,False,INTERNET
4eac9829-c255-4fed-b7c9-58e9f5ef63df,FAF2CD44-6BD,2023-07-19,1857.03,TED,,False,INTERNET
53ce46ee-2091-4e8d-8eb1-fce9457f6f2e,31C774AF-5E2,2023-02-13,24043.07,PAGAMENTO_BOLETO,,False,AGENCIA
1c35596e-a58c-4ed0-8c6f-d63c266b137b,89B2491E-E7A,2023-02-23,1035.15,SAQUE,39624057000105,False,APP
dfc140f7-7e51-4d86-b625-4ed9308a7e24,90BF61E3-F81,2024-04-27,23390.94,PIX,30756294000147,False,POS
30da0ea1-c01c-4016-a5be-06d0926dae65,4BC609D4-49C,2023-06-08,8719.89,ESTORNO,39408561000160,False,POS
8339b96b-6288-4cda-aa19-7eda99cc857a,546E609B-C22,2024-02-14,174.12,COMPRA,14528376000188,False,INTERNET
47227e33-b870-4f03-8238-27fe0ead807a,9212F99A-4ED,2023-05-15,22628.03,ESTORNO,60592384000100,True,INTERNET
90845cb0-9b73-4812-ba5b-4985ca90c54b,FEF1CBF8-F36,2024-02-02,22921.38,PAGAMENTO_BOLETO,62379850000108,False,AGENCIA
cb90aa50-9ca5-4e44-a85b-7a7a75db5e74,9D279566-E1A,2024-03-15,23579.9,TED,26534780000143,False,APP
34354bf2-fb3b-473a-a58e-7b3ea4ed81be,BA6A934D-FC6,2023-05-01,4201.71,PAGAMENTO_BOLETO,69285031000132,False,APP
3b7a468d-e3ce-4ab5-a171-2d43de984539,B9EF1743-CFB,2023-05-05,13551.75,ESTORNO,93061578000139,False,INTERNET
99d84358-7cae-4c2a-af7e-ef079ddc2faa,60EFE149-B0D,2024-09-21,21870.23,PAGAMENTO_BOLETO,50327619000183,False,INTERNET
3dc00ffc-bb6d-4ded-bab2-d28c8f0f2470,546E609B-C22,2023-11-29,1483.59,TED,21863495000152,False,POS
69d50a8d-cbfc-4b8a-9140-35247863bbe4,929EE52D-1FF,2024-08-17,19225.0,ESTORNO,48057192000107,False,APP
d244177f-961d-4a6c-b0ae-1eb6c364cb5e,78358790-736,2023-06-04,10730.63,SAQUE,92801576000176,False,AGENCIA
12e53e3b-8756-46dc-bf8d-973a25995648,D812663A-72C,2023-12-16,20400.13,PAGAMENTO_BOLETO,10845236000182,False,POS
b95b3f89-a31e-4291-837d-84ccd03aafb8,6BF7B311-358,2023-04-18,17528.3,COMPRA,,False,ATM
03b22dc5-9983-4dd1-9ec4-ae2653ed9a35,BEBF5DF3-0B1,2024-08-07,15832.2,PIX,60293841000166,False,APP
63559eef-a96e-478b-8c17-0e78fcff28de,E122327A-013,2024-01-03,24172.21,COMPRA,48963725000101,False,APP
a0eb124f-9977-4be0-ae9f-ba7ec85c8afe,B074432D-13F,2023-02-20,1628.96,SAQUE,25186390000167,False,APP
cf6ed25c-2fcb-479b-bcfa-6fa1c3423e35,308BDC26-175,2024-02-19,12972.39,TED,62380714000120,False,POS
744ed5cc-83ff-4fb6-a19d-0743cfcd747a,3B913D4E-396,2023-09-17,19217.33,TED,07529163000105,False,ATM
5ff2cfd2-d19d-4f77-a34b-d04cb908f5c2,694B7912-326,2024-07-08,20996.11,ESTORNO,90852143000114,False,POS
4ce053f6-5a7b-4bba-831c-2dce33a08aab,9F541B3D-2BE,2023-04-15,12489.83,TED,59341760000105,True,POS
0d3fd001-e316-4455-bcd4-fea41b54e79a,BBAEA6BB-510,2023-10-07,21019.74,PIX,70435961000104,False,AGENCIA
583efb02-3084-4a2f-919a-d40642ffbd48,C5A04C8D-3A9,2023-12-27,7013.32,COMPRA,95630721000191,False,APP
b6006369-12bf-44e2-bd9c-cdd4bc283423,75C86A71-122,2023-12-07,14766.18,PAGAMENTO_BOLETO,09824513000191,True,INTERNET
641eea7a-cbd0-4a2a-890b-79b4738e8b34,77BA6002-F5E,2024-04-12,17308.23,TED,69207853000103,False,ATM
299d846b-b417-4772-b4f3-3ec068c18206,F369784D-213,2023-08-14,14853.63,ESTORNO,51386209000176,False,POS
04dede76-4964-48ab-a98f-9612e0181edd,5A8E63A3-C3A,2023-12-23,22863.94,PAGAMENTO_BOLETO,40157932000167,False,ATM
68290ba9-97fe-4cc3-8f57-23304e5144aa,A3D456CB-CDC,2024-09-14,6448.4,TED,17324895000112,False,INTERNET
39744a7f-d18a-4ec8-ae51-08e416303648,F44856C2-08E,2024-11-04,16629.39,COMPRA,53640917000117,False,AGENCIA
7b3ee576-c2ec-4798-9ab5-62fbfc4930f8,9B272835-D53,2024-10-28,11358.34,PIX,05213489000101,False,INTERNET
df3444a8-272d-4488-bb8e-a32ec73e45e8,0338DF3A-F72,2023-07-15,7905.93,ESTORNO,60247358000145,False,POS
7da3757f-b82f-40d8-9938-e813409eba76,AACCEFAB-AA1,2024-02-20,7192.44,PIX,,False,POS
254d6f4f-a1fa-49da-bd4d-3fb0570df50e,BA3777B8-BF4,2023-07-19,20160.84,COMPRA,25740931000157,False,AGENCIA
811b9278-d4d4-483b-b0cc-a8f0a1f7063f,BEBF5DF3-0B1,2024-06-21,12384.98,ESTORNO,97310856000103,False,ATM
cf4f8008-93b0-461e-bd70-625d3e0d9d08,DC440BAB-5CD,2024-11-19,24730.73,ESTORNO,82046931000195,False,POS
2ed0b2d4-561b-4771-89f9-0b532bbde767,A13C5957-9AB,2023-01-15,8005.24,SAQUE,32649157000139,False,ATM
40c674c1-99aa-48a8-9138-d230fa7b32c6,938851C2-6B0,2024-04-01,3238.24,PIX,87964052000166,False,ATM
1f397fa7-0dd6-4343-b14c-01d67a9aed37,D67D9A88-C34,2024-07-07,9674.58,PIX,86509712000156,False,INTERNET
925148d8-7d71-405f-9fc4-5b800e745cc2,658124DD-565,2024-06-18,7712.08,SAQUE,35692107000122,False,ATM
87fd8454-f63b-4589-972e-15a45f46d7c9,607EACB3-F2E,2024-08-31,21903.42,ESTORNO,60572341000163,False,ATM
78d7979f-878b-4cc0-91ca-6fc36bbc8d48,2CC8F03A-ABB,2023-02-17,12078.7,COMPRA,68913745000185,False,ATM
05f442cb-a1a3-4adb-946a-d5d5239afc1e,26671A0D-B1C,2024-05-24,3936.3,ESTORNO,83251796000182,False,AGENCIA
a9128a52-28c5-471a-a037-597974a40624,3BE9521C-BEE,2023-03-06,1121.56,TED,13042785000107,False,ATM
8608e554-55b3-4a1d-98cd-1b0780e6682e,2CC8F03A-ABB,2023-07-31,23796.21,COMPRA,14873052000187,False,INTERNET
450443df-5354-434d-9876-c43e7f4ae822,50EB3D81-A1D,2023-10-08,8058.25,SAQUE,98041657000100,False,AGENCIA
6a7967c7-d288-4ceb-b046-b6762e940038,12238E6A-C08,2024-02-04,3785.56,COMPRA,65189743000105,True,AGENCIA
1979c17b-2330-40d5-aab1-8dd085f4f5a5,793C00B9-31F,2024-06-19,18628.5,PAGAMENTO_BOLETO,01642389000131,False,ATM
e3ac6a1c-30a9-4d1a-b3a6-2c051ea926e5,48C834D9-BF5,2024-04-08,21964.43,SAQUE,14927360000148,False,APP
12b96b64-9692-4f4a-bf71-dbd7ecd5b1ec,311FD181-566,2023-06-03,8487.97,COMPRA,61237594000143,False,INTERNET
9e7d5e5d-619a-497b-9893-da616e536aeb,556C7FF2-FC8,2023-03-31,8262.45,SAQUE,29165084000103,False,POS
17a8ee61-288d-4424-b5bd-ce340be84e66,652FFC7E-0D5,2024-02-28,6805.97,COMPRA,72981463000192,False,POS
dfe56659-b44e-422e-8c12-a83f8ded4d54,2496CE35-A46,2024-11-10,5749.54,SAQUE,46915382000184,False,INTERNET
7b18bf8f-6eda-42ae-bfee-2ae1511a3b10,4017D0E3-823,2024-12-29,18140.45,COMPRA,48359260000184,True,APP
b0de8657-b224-4f7a-96d2-c3015ee6d13d,CBE4CDFF-95E,2024-08-15,22079.96,TED,64782530000111,False,INTERNET
6cd866c8-7436-485b-b03f-1ea1f65cb4fc,A567601A-AD2,2023-10-11,18138.85,ESTORNO,,False,APP
db6cd523-69e1-40a5-b056-f346bec2b731,E6760F8A-EB7,2023-02-01,7027.01,PAGAMENTO_BOLETO,36420581000168,False,ATM
8fe900aa-1825-4b49-99b9-273859e88439,2C3A8435-570,2023-09-29,12800.57,ESTORNO,94651032000109,False,INTERNET
4a4b0e56-5672-407f-9153-fe43c068d6f8,76B2B36C-816,2024-10-12,17023.33,PIX,50168372000108,False,ATM
5427eaa1-dcc7-4da6-8563-fb2b2a2f2521,F003001B-1D9,2024-07-11,14794.13,SAQUE,56493087000130,False,AGENCIA
d6fc4d9e-5d28-4829-a896-473876fddc95,2D96CBE0-414,2023-06-02,1129.74,COMPRA,53490786000139,False,ATM
4024cd2f-500d-4ef8-a86b-fb0507e7c01f,9FA5B939-CB2,2023-05-31,23264.11,SAQUE,51067239000110,False,ATM
0c4c67f8-f0c4-46dd-ab0b-7353e9e0ccf6,3BE9521C-BEE,2024-08-02,15568.29,ESTORNO,29816437000180,False,POS
5a8dca96-2cc4-441d-843c-c3fed501f5a0,7B56E268-CC1,2023-04-22,2021.64,ESTORNO,50186493000174,True,APP
beca50ae-c2b0-4594-add2-bd16419fa36f,6A6E452F-04F,2024-08-03,20100.76,PIX,,False,AGENCIA
9f82ae30-0883-41c8-a6ed-272e8e9bdf5f,C850624F-78C,2024-02-23,4066.88,TED,64093715000119,False,POS
200202ce-dbb9-4433-a499-d3da4ea842b3,236EF649-782,2024-03-21,19309.26,SAQUE,72561490000106,False,AGENCIA
6e976baa-64f1-4493-bbad-e7d36705a4ac,553B6665-707,2024-04-07,12599.11,TED,82076453000166,False,AGENCIA
65c802cb-4464-40a2-b2eb-2f3e1fc33dc5,D57A19C5-4AB,2024-03-03,21671.24,SAQUE,74832150000106,False,AGENCIA
c26ccf72-1e34-4e6c-91cb-80b8067d6168,F2D061CE-C82,2024-06-29,12557.46,SAQUE,54612390000180,False,ATM
55dc6aef-8d41-446e-afdd-f964f63e2470,A9FB5ADD-217,2023-06-02,20599.39,TED,72145398000165,False,INTERNET
12bfbcb3-ae33-435e-9706-8da4b8f1eb01,CE3CBFF5-437,2023-11-26,3207.85,SAQUE,05341827000182,False,APP
ed5f94a6-2d77-4977-9664-9b266afafe97,05DBBCFA-F80,2024-06-23,22476.06,ESTORNO,12578609000121,False,INTERNET
170630c1-178e-4b3a-8bf8-6c6b302d62a5,7F4DB55A-F30,2023-12-06,13839.13,COMPRA,40359678000180,False,AGENCIA
5f1aee28-5c3b-4bc6-b032-f598bd3145b8,C1DDE387-6CF,2023-08-24,8411.23,PAGAMENTO_BOLETO,83754912000186,False,INTERNET
14671aab-b00d-4f77-824f-39cf45ad9d1d,3112BA40-37C,2024-04-28,12770.34,SAQUE,96587340000130,True,AGENCIA
b50202d7-7f56-4fab-814f-7e104d8c64c3,23F59E49-F89,2024-04-29,11035.36,PIX,96570241000145,False,ATM
e3b934ee-3525-4e80-be31-f686832b0a68,9CB3F84C-ECA,2024-06-29,17715.22,SAQUE,70163854000174,False,ATM
35af23ac-1574-4ab4-9562-815dd381ec4d,6D7513BA-8D9,2024-12-24,7481.75,ESTORNO,,False,ATM
4f4134b8-5c6d-469b-890e-0e6e50eb7d2b,1ACA01CF-632,2024-11-12,1977.14,SAQUE,20764135000130,False,ATM
43d5d363-5549-42ec-b1d8-a7ff200f0a89,665C134A-4BD,2023-03-15,7836.18,ESTORNO,76980251000141,False,INTERNET
6a20aa32-3c97-4689-bb53-c852be334c53,43B530B3-7BC,2024-02-04,17919.99,PAGAMENTO_BOLETO,37504129000147,False,INTERNET
cda5ef49-9cfc-4cd0-9961-95f2cfef6467,A3D456CB-CDC,2024-12-27,2569.42,SAQUE,61024539000175,False,APP
95416215-0c38-4c70-9379-31dc20b21e9a,4912A64A-776,2023-02-05,16417.19,PIX,37409125000180,False,APP
30feea73-251b-4b99-ac30-961b387ad756,E336FE15-195,2023-09-27,6424.23,SAQUE,17452830000152,True,APP
4d3c5800-69f4-43b7-8a38-731a03deb283,A0E9265F-AF7,2024-02-01,382.11,COMPRA,02861743000181,False,AGENCIA
543c7495-a166-4e92-85a9-4772e55cbf4e,DDBFDB15-AFE,2024-08-28,8887.77,PAGAMENTO_BOLETO,32160798000125,False,AGENCIA
4663d427-bf4a-42df-bd8c-3634fb34e911,7673EA28-DD8,2024-04-17,8814.15,TED,13967248000178,False,INTERNET
6380eea6-44e9-4f0a-b224-6415b7431265,4348581D-CB0,2024-09-01,5339.52,PAGAMENTO_BOLETO,,False,APP
c2ffa3ce-3f16-40be-aede-a29aa50b8a80,75C86A71-122,2024-11-30,20269.64,TED,98524061000152,False,INTERNET
42f13874-dce4-4774-a8a9-b32225445473,EF04CCC3-8DC,2024-08-17,22179.27,PIX,15487039000152,False,ATM
73ad9fc5-51cb-4248-88e8-df2861581cbf,1B07A035-981,2024-04-23,21050.24,COMPRA,87920164000115,False,APP
6a0f4d9f-ccba-436f-8e3c-5754cafa946d,011B508F-288,2024-10-10,18658.17,TED,06723419000158,False,AGENCIA
8fd9a630-408a-40e7-b5df-324ae4eeea9e,1208FCAE-5EE,2024-05-23,14994.49,TED,62149075000196,False,POS
b31ad4ef-6000-43f1-ada7-b536a4e5f152,2565B346-217,2024-07-18,17525.85,ESTORNO,52108963000107,False,APP
11a5ff3f-5fe9-4fd2-b998-5e61fd6c75af,699338A2-166,2024-06-20,18341.94,PAGAMENTO_BOLETO,24136850000180,False,ATM
d655512f-6302-4943-a223-1bfd1ea5726a,0A82203B-4AD,2023-02-24,12794.12,ESTORNO,07169382000120,False,INTERNET
58d41b61-4306-4241-8318-66a8a74d98fd,6406CC5C-F06,2024-08-09,2891.42,PAGAMENTO_BOLETO,37106594000120,False,POS
5a0f7e12-fdc4-461f-89c1-e4f1f8808d16,D57A19C5-4AB,2024-04-12,6379.29,PIX,10627938000190,False,INTERNET
e9935120-9353-43bd-a145-af68d73d6c8a,C69A6927-B72,2024-05-17,12874.95,TED,59824317000195,False,APP
3af65e7d-470c-4b33-82c0-99d2e58ae546,AEF073B0-AEE,2023-08-04,23814.52,SAQUE,09386542000119,False,INTERNET
fd3acb00-f8d7-44ca-afdd-1073927d2e59,E312D44E-3D8,2024-09-08,4656.64,TED,13620579000137,False,APP
9f9260a9-9955-4fa1-95c3-88b5ee738b03,51806654-A9A,2024-03-25,23234.58,COMPRA,89163754000176,False,INTERNET
ad87d586-557d-4c1e-95a1-2f08b8bb19c9,7A7B9B5D-252,2023-11-16,17144.53,ESTORNO,72864903000121,False,POS
27cd7cd0-d848-479e-bb37-0d4c075bb7d4,C60883CC-A68,2024-02-10,5459.76,PAGAMENTO_BOLETO,76012439000104,False,ATM
cec4cc49-8c91-4822-985e-f350086c4aba,3680AE2E-283,2024-05-23,11790.76,TED,24865319000148,True,APP
71f04eed-6ea0-40e0-8eec-31a70b1fb180,53C02BFE-5EA,2024-01-30,5530.67,PIX,79602138000110,False,AGENCIA
a083bbfe-37c8-4181-a259-038da8c3ffb1,60EFE149-B0D,2023-01-04,10056.31,ESTORNO,,False,ATM
890e4f1d-0379-49bd-8823-9d658d6503c2,20217DA6-A62,2023-05-23,24058.93,SAQUE,48295310000107,False,POS
5c411d24-f608-48a8-82de-9a3e5c436008,12238E6A-C08,2023-05-04,21312.72,SAQUE,93062418000104,False,POS
39df995e-9d23-4213-ac82-3f674dbacdf7,941C4D43-1DD,2024-08-17,3177.79,SAQUE,23675108000180,False,POS
59043fa0-8fc3-4960-a4b4-27fca7368136,2C3A8435-570,2024-07-04,10384.33,SAQUE,73681209000131,False,AGENCIA
50f6807f-935e-4366-a037-f7a98fd1cff9,9CB3F84C-ECA,2023-05-17,19064.3,PIX,63874025000134,False,INTERNET
5e1670d1-601a-45e7-8868-e9fb64cbb8e9,0AF2239C-A32,2023-07-22,14968.02,COMPRA,,False,AGENCIA
0f81d68a-a570-4c6e-9606-a9c5464a0673,7E2FAD1F-7C1,2024-03-17,16096.71,PAGAMENTO_BOLETO,67520941000127,False,APP
76d5b81f-afaf-472c-96fd-fbe280cc73eb,5F542E7D-47E,2024-02-15,22503.5,ESTORNO,,False,APP
08029b4c-175f-485d-ac81-7a276f70b9f4,E1379B0F-C24,2024-07-10,22186.28,TED,79410523000166,False,APP
6b7c7141-33ff-44ce-83e3-428d85dde26a,5758ECFB-5DF,2023-09-16,4543.82,ESTORNO,65842190000130,False,INTERNET
1bd8bf98-8d34-4c28-b0af-b2ac16506716,57E329B0-2DC,2024-06-17,24962.03,ESTORNO,40683215000179,False,POS
3c49c124-b88b-4bdc-b83f-de661273fb85,9D279566-E1A,2024-06-17,2290.67,ESTORNO,72198345000102,False,ATM
84a0b463-d090-4281-9877-eff498fadbc3,E0ABA7D1-487,2023-06-07,8788.08,TED,17435290000107,False,APP
7f97f114-a33a-4e27-97a4-8da4ae4591d6,02CECF04-DC2,2023-08-29,21823.15,PIX,06941325000155,False,APP
fd501e57-f5b3-492f-9392-ebbcb153f496,7BA65E1D-25B,2024-12-25,11846.78,COMPRA,04123897000100,False,INTERNET
3e80c182-0f33-4d4f-b037-0509214f8862,32756865-284,2023-09-16,19732.43,ESTORNO,62475309000195,False,APP
610006ba-990f-4573-85f9-5f97655656fb,006ECDDA-42E,2024-02-25,2080.46,ESTORNO,02418753000147,False,AGENCIA
18ae4171-2fea-4359-813e-d5a8614c7766,308BDC26-175,2024-07-19,23143.02,ESTORNO,14309586000185,False,POS
f389b5f9-99e3-4034-bf6e-376a52cafdc9,6F8558C4-4CE,2023-06-20,23301.37,COMPRA,84293617000132,False,ATM
a8ff9b4e-1815-4ce9-a02b-aeca1549e4ae,89B2491E-E7A,2023-07-22,14345.85,COMPRA,91427305000130,False,ATM
22c67d49-5614-405b-abc1-3efbadb67bb7,FA9FD845-79D,2024-12-06,4836.74,PIX,61807325000175,False,ATM
df5a3a4c-3db3-403b-a307-dbc93ba39433,7A7B9B5D-252,2024-02-14,4432.89,PIX,64139587000105,False,ATM
27329c62-9ee7-49b9-992a-2c69f0936ad3,04A1E508-594,2024-01-10,11906.81,PAGAMENTO_BOLETO,47201985000187,False,POS
31e4233c-0c0f-4136-b9c2-0b0bbfbf1a5f,53CE6CE6-88D,2023-08-02,10629.5,TED,46058739000155,False,AGENCIA
66334c80-b103-43fa-a03b-a46c0199a59b,5374F3F0-0EA,2023-03-16,24960.5,PAGAMENTO_BOLETO,,False,POS
61009474-8cc2-4958-8c94-e59dae98df70,78181A82-46A,2024-07-14,588.64,ESTORNO,98735102000150,False,AGENCIA
f1a125d5-afd7-46ec-a8e7-3caa7745073b,AACCEFAB-AA1,2024-05-18,4480.14,SAQUE,37658149000172,False,POS
f40d5eb8-aa3c-4d29-84e1-6be88e74be99,0BC0CDFC-D6C,2024-11-26,15173.89,PIX,,False,APP
846c65e3-1138-4f42-b944-2bca94cb8b88,03B70411-818,2023-01-29,9083.94,COMPRA,72813496000123,False,APP
3578a1bf-79c5-45ef-b3b6-714341960abf,A0E9265F-AF7,2023-04-19,5599.76,TED,70381269000140,False,APP
b0e2e44d-cab6-4ab0-84ed-a1b769a2c857,FEC8557E-820,2023-07-07,7696.48,ESTORNO,14920758000152,False,AGENCIA
0081bc24-c676-4f45-a542-5181ba4ee52b,C5A04C8D-3A9,2023-06-10,12485.53,COMPRA,97564813000146,False,POS
200a42ef-6193-4418-94f2-fb38c67d3680,08EFA536-02F,2023-03-31,15093.32,COMPRA,82017963000162,False,POS
f9d7b226-ca79-4b31-809d-0ebb3eec4426,D321DE95-DD2,2023-04-10,23769.1,PIX,57018694000101,False,AGENCIA
7c0567da-fd35-469c-8ceb-16b1615b1182,738B42B8-05F,2024-12-21,20638.23,PAGAMENTO_BOLETO,01379248000178,True,POS
166b3718-f497-46f9-8450-23b267ad999d,8C5E1F11-854,2023-04-02,14267.81,TED,27563180000176,False,ATM
c31d9325-ba1c-4b6a-9b63-e10304b3b0e8,4718E60E-068,2024-11-08,5605.46,COMPRA,51240768000173,False,POS
703af463-caa7-485d-8ac5-510da8529dfa,9B80B591-CC1,2024-01-26,23465.25,PIX,48920561000135,False,ATM
b7c7c225-05e4-42f3-8ee2-ff0d74d920d8,EB7A7F06-70E,2023-02-07,11303.09,PAGAMENTO_BOLETO,75294806000139,False,APP
38ef96af-a1e1-4d38-a8f5-8df8878edc05,546DE253-757,2023-07-05,1127.8,SAQUE,47903861000143,False,ATM
18f89d03-5c72-4bf3-b0dc-608d64f23d9e,DEAB7370-795,2024-11-21,7639.86,SAQUE,08259436000101,False,POS
281049d7-52bb-43da-b9b0-ae9942a18807,FC8D400B-C4F,2024-08-04,19961.27,PAGAMENTO_BOLETO,50329864000120,False,INTERNET
461e0bdc-8568-4926-8d17-4c8b44ea100f,4094B3F2-508,2024-01-07,22395.28,PAGAMENTO_BOLETO,38675210000152,False,APP
f4fce3e6-38c2-4512-942b-3738a2675083,A58441DA-54D,2024-10-23,16614.83,TED,62103874000121,False,ATM
5277b0f6-689c-4988-a7ed-ea55406f8222,0D1D3193-CCF,2023-06-10,15452.14,PIX,05814376000153,False,APP
f9261975-d5a0-493d-a37d-649986ef611e,2D96CBE0-414,2023-12-10,2892.11,TED,61408927000150,False,APP
e1a3f0bb-8725-46e7-b770-d9477e0f2d42,EA5734EE-BA6,2024-04-22,20838.67,ESTORNO,71096354000120,False,INTERNET
8999966c-c7f3-4e8f-95ed-8f2661d2be8e,30080527-225,2024-02-28,18254.34,COMPRA,12750369000109,False,POS
bb3d1a2f-af99-4dc5-b0b9-5e0340fd83bb,AF69A0EF-0DE,2023-12-15,10601.13,PIX,76208149000122,False,POS
0ca2810c-4361-49c3-92f9-ea3a233574a7,30080527-225,2024-12-04,21687.29,PAGAMENTO_BOLETO,72895104000112,False,APP
2b1c4668-a5b9-4bd2-a086-f5d239fffad9,CA44260F-822,2024-06-20,874.78,TED,24681539000111,False,ATM
ebac1f7b-da37-4644-9c59-5b299af925ac,32756865-284,2023-12-22,5012.86,PAGAMENTO_BOLETO,67125894000117,False,ATM
83e852df-d81b-4d24-a9b3-362bda9e3eb5,AD72640D-C17,2024-08-28,21550.02,TED,57291083000132,False,INTERNET
d15faee0-f1d4-4faf-8870-f488ec524ffa,DB275D79-7A4,2024-02-25,24821.5,TED,05986271000181,False,ATM
a4edd4b5-f68f-460e-b204-294dd4f82dc9,BB2AA7BB-CDF,2024-01-27,1277.93,SAQUE,80261439000107,False,ATM
8c4649b1-0c33-4696-a5da-b994ea1550ca,738B42B8-05F,2024-11-04,20991.67,PIX,04768925000138,False,AGENCIA
4c9bd522-b13f-4e9a-932c-697a4fe2fa7b,665C134A-4BD,2023-09-28,14863.81,ESTORNO,26139084000132,False,ATM
28a862fc-68df-40fd-97ef-c1aa7bec5f78,938851C2-6B0,2024-02-01,16396.08,PIX,12938670000132,False,POS
71c76f07-c6d2-4441-89eb-165721d07669,0F5BFD1F-3A7,2024-03-29,15825.88,ESTORNO,80123597000109,False,AGENCIA
6875ab6e-d02a-4436-88b0-a8ebfb50dfb9,9B272835-D53,2023-09-02,21049.22,TED,90486312000140,False,AGENCIA
4506993a-4f9a-4475-999a-4a7b644a3abb,4017D0E3-823,2024-10-25,21588.56,COMPRA,62078451000107,False,INTERNET
ea8196f2-75af-4326-bb4c-8549b704cfa4,1ACA01CF-632,2024-01-09,6330.81,SAQUE,13475296000149,False,INTERNET
461e71af-ccab-4637-b8bd-3b1217ec79b8,20217DA6-A62,2023-01-06,15013.49,PAGAMENTO_BOLETO,20341975000190,False,POS
98604cd9-5f64-4d78-96f5-d6fecea7b4db,FA9FD845-79D,2023-11-19,15279.12,SAQUE,06521387000108,False,AGENCIA
48d660b3-e5c0-4f3b-8013-79a7772f9018,EA44F393-CD9,2023-01-28,8320.15,SAQUE,21305497000126,False,AGENCIA
8d059ca4-1ca0-4bbb-88c0-053aceaa609a,89B05EAE-D90,2023-02-03,6992.52,PIX,93281765000128,False,AGENCIA
3f663a66-b9b1-422c-a216-bd648099a041,183EB1BB-10D,2023-08-10,5740.46,SAQUE,32806719000100,False,AGENCIA
53a62916-9907-443e-ae7d-5bc6e24d912c,B94F3F59-1CC,2024-08-17,23122.93,SAQUE,78420539000197,False,POS
47eeee98-96ba-4fcb-97f6-dba3462a77e2,D164C138-7B1,2024-02-21,3022.96,PAGAMENTO_BOLETO,98561270000176,False,POS
0be8b426-53bd-4cdb-a785-a1f78582e386,D321DE95-DD2,2023-10-11,1073.92,COMPRA,94813562000106,False,ATM
8956e9ce-1f8d-4c33-a93f-2f87a6905cd3,7B56E268-CC1,2023-10-09,5226.98,COMPRA,29746153000164,False,ATM
6c4f8b86-21a6-469f-9a6a-d22bee3fc57b,88A37BE7-4B4,2024-12-24,5461.76,TED,09486215000139,False,AGENCIA
a6fc2abc-8b4d-4df6-9586-748c49089538,B269600D-820,2023-05-25,2585.34,PIX,98215630000188,False,INTERNET
386b593f-0253-4d77-a9db-5c52c90a0f1e,CE1EB707-510,2024-04-07,21733.93,ESTORNO,,False,INTERNET
7619b8d4-6f56-420c-89b0-7dcdc328684c,32756865-284,2023-10-26,5053.47,PIX,31946270000113,False,ATM
fb5bdbfd-0273-4d92-8a67-72ff5c363c05,63DE84D8-4F6,2024-02-08,6663.05,PIX,71832590000167,False,INTERNET
8a3cddce-d7fc-44ac-b119-11f01c25f5cd,6F8558C4-4CE,2023-05-20,5461.44,PIX,64783950000112,False,POS
2862cc49-11f1-47e5-b2d3-ea1102c17e2d,311FD181-566,2023-09-28,15483.85,COMPRA,98243715000170,False,INTERNET
526953ac-c1cc-4b5a-acc1-a8ad0b34531d,7A7B9B5D-252,2024-12-26,19564.32,PAGAMENTO_BOLETO,83416795000140,False,APP
1b77ff98-41b7-4a06-92e6-c3bcf93da012,CA8C3776-00B,2023-04-01,1335.73,COMPRA,93207186000135,False,ATM
b2a28092-3ae1-42b2-ba09-8711de50db35,C850624F-78C,2024-05-09,10906.11,PAGAMENTO_BOLETO,23854176000106,False,POS
ce62695f-2870-46b1-bb09-73a94398d313,880F0B08-2B4,2024-02-06,8198.46,TED,65413028000104,False,AGENCIA
e687134d-beca-4082-8d09-1b214ba52a02,DEAB7370-795,2024-04-17,14798.09,PIX,37492180000186,False,ATM
c658d506-817d-46db-ab30-171210eaa86c,C173E03E-66E,2023-07-21,5055.81,SAQUE,41367259000152,False,APP
882f09b5-5ee0-42fe-b58b-8dbd2fe29796,BB2AA7BB-CDF,2023-09-27,10678.76,TED,26418357000188,False,AGENCIA
c4a51732-d142-4113-8323-4a8235afd0c7,1B07A035-981,2024-11-02,11180.51,TED,59234061000166,False,ATM
08b42ec3-b540-4d20-a5f4-178aafce7630,EE26036B-12A,2023-08-04,13203.33,TED,,True,AGENCIA
d7be1e2c-be10-4f7a-bd15-63fda797ae99,DA3556EB-9FA,2024-10-18,16717.53,ESTORNO,87541392000184,False,APP
11c171f5-83a9-4a51-a7dc-36bd84a2b2b9,FA9FD845-79D,2024-04-23,4644.46,COMPRA,13874956000164,False,POS
ea57caa0-a349-40df-b893-49b5358aa397,9EABD0F1-1A2,2024-03-19,11760.07,PIX,32709184000150,False,APP
6cf16dc7-c273-4ecc-a87b-9d22adc2672a,D7082733-EC2,2024-12-17,15913.27,PAGAMENTO_BOLETO,57013962000100,False,APP
2e90b203-f9bc-4a7a-a470-1a513360b410,F3E193F3-059,2024-09-06,23536.08,SAQUE,74912653000183,False,ATM
b8e8b8f8-82c5-47e6-94ad-8b9af442af75,B5E7A8A3-801,2023-08-12,23061.13,PAGAMENTO_BOLETO,93640827000140,False,INTERNET
566892dc-735d-4f5d-8e6f-96cc5112af9f,F345BD52-4A3,2023-09-17,12300.37,TED,28045736000103,False,POS
470d1ed8-bc51-4143-9784-46d9781e5537,5B8277CF-B8C,2023-11-01,13023.65,ESTORNO,38162059000159,False,INTERNET
a5da187e-7eb5-4211-8809-aad9535d4211,047120EF-D1A,2023-09-12,22730.8,PIX,76312598000116,False,POS
a6b1aae3-528d-4d00-9eb9-5c022341b920,8D8F19B2-7D8,2023-12-09,11148.19,ESTORNO,73158026000136,False,APP
bb89f5fe-9610-40d0-8c04-6d198be9acab,3CE84BC5-565,2023-03-09,12232.74,COMPRA,98310627000143,False,ATM
075a2259-79c0-44fd-9090-3db3832c1314,B6858EBD-E23,2024-01-08,21125.79,COMPRA,23541608000129,False,ATM
b37eac19-5ebc-4f1a-b1af-138368a4c016,89B2491E-E7A,2024-05-22,6684.3,COMPRA,47862395000103,False,POS
61ecb1ee-3ef0-49fb-9dea-ad023edd95df,9BA187E2-1C7,2024-07-04,5125.82,ESTORNO,76248593000171,False,ATM
a168e523-06d2-4faa-b13b-19c6bb06ee9b,89B2491E-E7A,2023-10-03,13273.41,PAGAMENTO_BOLETO,83240576000153,False,APP
c1c78f32-1180-4cc3-828b-a6ad8cc94a9a,CE3CBFF5-437,2024-06-13,5701.11,TED,80369425000101,False,ATM
3571c373-a23a-47d8-a0ea-290419af2f51,45908E7E-B6E,2023-12-03,23242.52,ESTORNO,64823910000157,False,APP
c588fbe7-af23-43cc-85d6-7b101d5ef251,E92C543B-BF7,2023-09-26,21699.62,PAGAMENTO_BOLETO,72184069000123,False,INTERNET
6c4429a6-c952-4b2e-aa1d-86c5069c72ea,B6D52146-CBF,2024-09-21,12852.55,COMPRA,,False,ATM
16776514-b916-47af-88fa-af97029850f1,FC8D400B-C4F,2024-06-02,13852.69,SAQUE,32416708000114,False,ATM
24cdb691-3919-469a-8779-aa9e1f2bda66,F3C371CA-0C8,2023-09-20,20090.01,SAQUE,,False,APP
7fea598a-1b74-4e28-b3e8-07854d5008ee,DFCE968F-DC0,2024-06-15,10701.42,TED,92750648000101,False,POS
003b464a-b8bb-4364-a6a1-cb56e0edda45,8E42EDA2-06B,2023-09-25,20716.0,TED,85603947000140,False,POS
040e4dc0-5d9e-48b5-9926-a19163570ebe,F345BD52-4A3,2024-08-09,14049.86,TED,34872169000153,False,POS
97379e81-c5d2-4a13-9a24-5bfcaf842468,3FF3BF69-B2B,2023-07-24,5391.48,SAQUE,95637820000103,False,APP
d8ce9f4f-88df-4b5f-8508-813fd6cc3394,233320B6-644,2024-01-16,11530.0,PIX,95304862000114,True,AGENCIA
e670cdf9-c6e6-4ffb-b284-fef2c0531869,4865FFF2-1A1,2024-09-26,3864.15,PAGAMENTO_BOLETO,61472805000122,False,APP
2355d266-966b-4dee-9f90-c3ee3dead4a0,A13C5957-9AB,2023-06-12,18580.81,SAQUE,13924706000191,False,APP
b9d58ac9-b146-4daf-90e6-e70b6a109f29,02CECF04-DC2,2024-09-13,22473.47,PAGAMENTO_BOLETO,06795382000173,False,ATM
048846ed-4bb7-4817-902f-b639d43171c3,C8D81C66-FDF,2023-08-13,9528.36,COMPRA,19708462000196,False,INTERNET
2d6cf72d-03d9-4b8a-939f-b87b7014241f,5FA92D7D-C05,2024-01-02,22756.5,PIX,38102569000130,False,APP
730d8e64-27d5-47aa-9e3b-154aee671579,9078051D-07C,2023-01-31,24461.82,PIX,72684015000127,False,POS
ac73b851-503f-4c0e-bc4e-9b665f75c312,E30EE1F6-550,2023-12-28,2934.81,TED,62013794000185,False,APP
593e5ea6-fbad-4eff-adc3-5b64e155089d,25296E7F-C60,2024-11-30,20108.06,PIX,79364218000185,False,INTERNET
8a68f5e2-33b7-478f-96b2-1a2e42af26f4,F01E432A-5A3,2023-05-30,645.36,ESTORNO,34789625000104,False,INTERNET
2ca44d18-4ff7-456d-a287-9f3111efa4aa,8798E45C-EC3,2023-12-01,2336.81,COMPRA,07612943000114,True,INTERNET
ea040874-8705-4f72-aa0f-9dab7a8c07a0,C173E03E-66E,2024-11-11,5013.15,PAGAMENTO_BOLETO,06498715000100,False,APP
f6436f31-541c-459f-a6cd-31a23c80a9ea,507DE0B3-C8E,2024-12-10,18951.95,PIX,58694270000120,False,INTERNET
1333d63b-9462-4ffa-854c-4a7bc29b55cc,A890B3C1-30D,2023-02-26,20193.98,TED,07315862000152,False,APP
2acd6cb5-a016-470c-89b8-a7c63c8966e4,2ADD4393-5A3,2023-02-03,19544.38,PAGAMENTO_BOLETO,24107536000179,False,APP
7e779052-569b-4fc1-a888-44394a3e774f,12238E6A-C08,2023-12-21,22738.72,TED,54130862000168,False,ATM
8aa76313-ee99-4635-b8e2-030501596fa4,011B508F-288,2024-06-12,5439.04,TED,83629107000120,False,ATM
81abe7d0-a4ab-4c9b-a30f-45edeb2bc278,7A115044-E7E,2023-07-29,15000.68,PAGAMENTO_BOLETO,17542806000104,False,INTERNET
2634f7e0-e6f6-4d6c-a167-1703d03c9716,5CF51D18-847,2023-12-04,6773.47,ESTORNO,01729346000198,False,INTERNET
5c667f8e-5787-4162-935c-4897cf14c61c,0D5C1679-51B,2023-04-18,13157.38,TED,56203749000190,False,POS
168f832f-49cb-4fdb-be0d-5068d6642ad4,DB44B012-FE0,2023-05-29,3921.62,ESTORNO,74526893000140,False,POS
e1658026-82ac-4051-9b7c-1430a3a72dcc,75C86A71-122,2024-03-23,21758.69,TED,71326804000123,False,POS
8c59df71-8ced-42de-bc6d-4c3222a159b3,C0657C28-173,2023-04-11,8876.86,PAGAMENTO_BOLETO,96548371000181,False,AGENCIA
8e5c2ea0-c696-447a-b7f2-e7643c6d7f9a,32756865-284,2024-04-23,9129.19,ESTORNO,54726190000158,False,POS
3b3efd0e-9a0e-4349-8a13-c39811f70fe6,E122327A-013,2024-11-08,19586.39,ESTORNO,,False,AGENCIA
5c0b384d-9bfb-4a30-b838-42551367a68e,65A673B0-B88,2023-09-07,14794.33,COMPRA,,False,APP
af40f2b7-3015-4015-bb10-6165a5d6fc07,F345BD52-4A3,2024-09-27,14380.33,TED,45027196000146,False,AGENCIA
17d8464e-f3e7-4fd9-ba75-f2225dd413d7,C850624F-78C,2024-04-09,18543.92,PIX,23960471000147,False,AGENCIA
cc208829-a24a-45b7-b1c5-4cf256a8dd84,DC53D190-D5E,2024-12-26,373.8,TED,24518760000153,False,AGENCIA
972db240-6f13-49f5-937b-1cf06eb97601,8F5E47B2-0F6,2023-04-28,14630.71,ESTORNO,38572419000190,False,APP
fb1e80af-ba5e-404a-903f-4e037e2f9325,30080527-225,2023-05-20,12761.26,ESTORNO,,False,ATM
df8f0095-66d4-4f05-9433-6a493eb72191,938851C2-6B0,2023-02-12,17796.57,SAQUE,53204689000132,False,APP
5f501a08-f7bb-4d12-8c72-038f5c84ea6d,1A2700EA-540,2024-02-27,11091.33,PAGAMENTO_BOLETO,62397584000138,False,AGENCIA
c3bcb248-d3cb-4835-bb33-68feca8e006a,C355B081-9CA,2024-09-07,19596.68,ESTORNO,41863507000156,False,INTERNET
61be0608-1b85-464f-a3ff-8665b52ea7f7,20977FAE-684,2023-12-07,9207.63,PAGAMENTO_BOLETO,52760943000116,False,APP
5945d1b7-8ce0-4794-8835-d1c69646e8d9,3B0422E7-A8F,2024-12-29,12695.48,SAQUE,51302489000197,False,ATM
dcf47ddf-56db-4b8a-88fc-24d4f4144921,A09B03EF-EBF,2023-12-04,10966.82,TED,43721659000140,False,ATM
a9c6c57b-ec13-451f-9f4d-0ffcaf800cef,E764C6CE-0B3,2024-05-19,15690.19,TED,63201945000191,False,INTERNET
790a8ca3-7389-43e5-b235-64fb65ddf61f,B8774B06-2C2,2024-12-26,9249.38,COMPRA,30485612000182,False,POS
9974fcb5-97a3-4460-87f1-066cd91b4bf2,7CC2EBF2-FD3,2023-10-23,11185.26,ESTORNO,36152840000117,False,INTERNET
c1051f34-5c55-4421-8f24-fd0415b2e087,743FC2FA-1C5,2024-04-26,12063.96,PAGAMENTO_BOLETO,70452693000139,True,ATM
23bf6662-27cf-47c9-8f3a-a2d7eaa25694,E312D44E-3D8,2023-10-19,1554.51,TED,07915842000112,False,POS
3b970d5b-4b4b-4cba-820b-e75a9888b65a,CA44260F-822,2024-07-14,24581.84,TED,48176023000188,False,ATM
900e8f67-b86c-4a2c-80d1-9f0d9c5a593e,02634C63-DC6,2023-09-29,11546.94,ESTORNO,29154768000100,False,APP
91f6fc14-2d04-4de4-b1fb-735613105caa,2496CE35-A46,2023-05-16,10910.27,SAQUE,25613749000135,False,AGENCIA
95d26aa5-6ba5-4061-8dd8-f35ab6edc94c,2C3A8435-570,2024-11-05,19702.62,PIX,75248631000123,False,AGENCIA
0945fc19-b5a8-4d38-b03e-d128923d3cec,A577D70F-D33,2023-08-15,9101.3,TED,68912453000128,False,INTERNET
f8a0a104-dd38-4a45-829b-5e805b406182,A3D456CB-CDC,2024-03-17,19413.42,PIX,14795263000149,False,APP
75cc6a15-71a3-4bb9-ab2a-6e1208b25f51,14E3BAEA-767,2023-05-07,9391.04,SAQUE,54932106000152,False,INTERNET
7cb996b6-f9e9-42c7-b6f2-a8820788722f,3BE75694-93E,2024-11-26,12271.24,PIX,19567820000198,False,INTERNET
6c8ffff1-dcc2-4be5-b6cc-ec02cdb6f24e,E6760F8A-EB7,2023-10-17,20132.02,TED,36524189000169,False,INTERNET
045b1870-16a5-4f20-88c5-4dc40c484584,FB7EAF5F-BD0,2024-05-23,6908.71,ESTORNO,51608472000162,False,APP
2dad485d-b674-4ba4-8a62-2717abdd501c,905C50CD-4F3,2024-01-09,8475.61,TED,,False,AGENCIA
328e59b6-716b-4767-aeb6-116c3d783a7e,DDBFDB15-AFE,2024-09-29,8830.78,TED,68549207000153,False,AGENCIA
1024b6a0-35d2-4d97-acaa-65eae0f81d28,3680AE2E-283,2023-07-11,23090.92,COMPRA,64520198000117,False,POS
9d977a12-095e-4563-8597-3225f826b300,1B0AA978-35F,2024-11-10,23907.85,SAQUE,72631408000172,False,ATM
d53201d1-566f-4a45-b116-55cc35cd7c06,8C5E1F11-854,2024-02-29,17484.34,PIX,61578420000144,False,POS
6f8acb10-ea8b-471e-a176-bbe64eb63e6a,652FFC7E-0D5,2024-09-19,20509.57,TED,84706215000112,False,AGENCIA
279ec9d2-918f-4c42-9b66-fd55850bb7b9,F3E193F3-059,2024-08-17,24712.83,COMPRA,80953241000194,True,ATM
0477e351-844c-4f4a-8cb7-f3398ed44390,8F20775B-7C4,2023-02-22,18978.67,TED,37180429000118,False,ATM
29dc058d-4d7e-46e1-9c37-acf8d8499695,63CAA8BC-147,2023-12-04,2221.23,ESTORNO,08941237000189,False,AGENCIA
25efaf02-9429-434f-ad1a-8ee6d9297ded,CF219331-A32,2023-04-06,19149.32,ESTORNO,97132065000122,False,ATM
df70c179-ee6a-4d17-93ce-cc69d8ea76f2,236EF649-782,2023-08-17,14577.4,PIX,70142698000165,False,APP
8e84ebe2-b748-4f85-b3a9-a544e9654ffd,D57A19C5-4AB,2024-09-22,19461.24,ESTORNO,27593048000107,False,APP
0bfee99a-dede-41bb-95b9-2653178d2f79,0BC0CDFC-D6C,2024-03-06,16706.24,COMPRA,42910635000176,False,POS
4ce37960-a59b-4a47-9a89-baf730494160,D64AAC66-00E,2024-07-13,24583.13,TED,86714920000197,False,APP
88c641b3-a4f3-4966-ac93-ea32551ba6ed,11391EE6-64E,2023-02-04,24488.0,TED,57489023000129,False,POS
fa847a67-b184-40ae-b8cf-f293957df86f,040E7AAA-066,2023-03-22,4923.79,COMPRA,70851463000142,False,INTERNET
5ac0acbd-10f4-4e4f-854b-2be257ee686a,B9EF1743-CFB,2023-06-15,4331.53,PIX,91425630000163,False,APP
76486a1d-0191-4821-8ec1-fdefb4119437,4524AB53-1F4,2023-07-14,15277.81,ESTORNO,01496275000120,False,INTERNET
a2268b9d-416d-4f88-8ad8-e5b0b8fc397e,7B56E268-CC1,2024-08-07,17690.81,PIX,65397842000174,False,POS
55cf0dca-8808-4519-bc61-28ef8ac2777d,3CC187E4-44E,2023-01-03,1065.56,ESTORNO,41975602000141,False,INTERNET
d3ac7348-24b3-4775-b3b7-fdb0e53ceca4,AA8190E5-D52,2024-10-13,13584.26,PIX,21430657000169,False,APP
a7cb5553-ba99-4ac7-baca-994573e9cf67,6F8558C4-4CE,2024-09-21,13990.6,SAQUE,05497381000180,False,AGENCIA
15365cac-e4ac-4e70-ab69-df48e74a2ae3,A429C6B3-E53,2024-04-05,23814.86,PAGAMENTO_BOLETO,58674213000189,False,ATM
2b17f684-1c19-44d2-b4e7-a8364e049a7f,4017D0E3-823,2024-03-18,19323.46,PIX,05672194000195,False,AGENCIA
7c61192b-9aad-490b-b77a-8702a2131fcd,2C89C1DE-1A7,2023-05-19,22017.13,ESTORNO,69418570000100,True,INTERNET
49296b97-b374-422d-af2a-ea602dc70993,14366407-C1D,2024-12-17,7475.49,COMPRA,45906782000160,False,INTERNET
319a6a47-6798-4185-ace5-577341fd909c,5AF5C7FF-F97,2024-02-19,18571.83,PIX,57192064000159,False,AGENCIA
6350ee4b-3710-4233-9240-8dd4d7be4f79,75D5BF65-D16,2024-02-27,3723.76,TED,94036217000103,False,APP
725e31e5-022d-48d4-9c50-adc71c7d56c9,4F28D99A-839,2024-10-25,6442.54,PAGAMENTO_BOLETO,13654078000171,False,INTERNET
3a28a8f5-9884-4969-bed6-4f99768ff515,3BE75694-93E,2024-09-05,19040.99,PIX,65748039000137,False,ATM
0f60ddff-80e5-49df-b211-8699222de4ed,AA8190E5-D52,2024-10-28,14847.69,TED,43875092000166,False,POS
54dd0450-5963-436c-a6d4-24adc18c3675,D3532524-F43,2023-11-06,11860.08,TED,96415728000153,False,INTERNET
875d1277-67e0-40dc-8ba9-26c0820cfac5,12238E6A-C08,2024-06-23,7778.54,PIX,39408615000197,False,AGENCIA
3d0c80a4-842a-4529-bebc-0ffef8fd7b93,C69A6927-B72,2023-09-21,23306.7,PIX,94685310000130,False,INTERNET
8630bcf0-a5ff-4d81-8e75-0c7da7f0c420,BA6A934D-FC6,2024-08-05,24568.98,PAGAMENTO_BOLETO,71394526000141,False,INTERNET
0b6b2126-8b39-414d-a194-4b52da3385dc,98ACCAA5-832,2023-12-01,2297.65,TED,87405692000136,False,ATM
acb07617-3e38-4849-81a7-5fb3877cd537,DEAB7370-795,2023-05-28,7774.84,SAQUE,45903618000108,False,APP
65b2ff6d-85fd-483f-8e39-53442ff1a5aa,041C727A-960,2024-10-03,23538.8,PIX,89106247000109,False,POS
ba741523-3517-4a27-9b26-b5cfaf5fec63,DC53D190-D5E,2024-07-22,18975.47,PAGAMENTO_BOLETO,50413976000164,False,AGENCIA
2690342c-74be-43e4-8258-29ee12de2be5,35F4CD86-495,2024-08-26,19142.16,PIX,36054982000141,False,POS
520ede63-a276-4db5-87c0-867fe051131b,0D1D3193-CCF,2023-05-05,1598.32,ESTORNO,82763019000154,False,INTERNET
cfca2100-55a2-4009-9d2a-c9743b847713,5C525AD3-E0B,2024-08-13,20994.79,SAQUE,04795283000166,False,INTERNET
6ee8b6da-c2db-4b59-a3cc-e724cc2d6359,AEF073B0-AEE,2024-07-27,6658.34,PIX,46520381000130,False,APP
4e40aac6-aecf-4ebe-bee6-2e578d54e9ac,2C3A8435-570,2023-08-01,5665.07,SAQUE,71043829000110,False,POS
00fb71d7-ea5b-4c0b-be77-cda53a0c40bc,F05B4624-6F9,2023-02-24,19338.79,PIX,,False,APP
0d318807-0de7-416e-ba54-809069d2d5eb,F46161DD-048,2024-02-28,5095.01,PIX,89703425000170,False,POS
e613910d-2f88-4f15-9042-ef0f85b923ec,29AA7C55-D27,2024-05-22,24091.59,PAGAMENTO_BOLETO,65483907000102,False,AGENCIA
f97ca717-7587-48bf-96c4-f68dd38b184e,546DE253-757,2023-12-02,19680.91,PAGAMENTO_BOLETO,71605849000137,False,AGENCIA
82d6b072-4f0c-48da-83fd-b46d4381698a,308BDC26-175,2024-04-05,16894.97,ESTORNO,29704586000157,False,AGENCIA
8ebd0ae4-b06d-4594-8e44-240ac3a3ca3e,EA44F393-CD9,2024-04-16,20642.13,PAGAMENTO_BOLETO,02593876000114,False,APP
092cc6b3-2fb8-442a-a1e9-62b73ca07f6e,63DE84D8-4F6,2023-12-28,1354.21,TED,37059814000101,False,INTERNET
c0c0b391-f00b-47c8-858e-a42a1b7350fd,E30EE1F6-550,2024-10-14,22914.23,ESTORNO,51827463000162,False,ATM
6cd9230e-4c88-4917-9522-89cb9d313349,14366407-C1D,2023-09-19,6529.57,PAGAMENTO_BOLETO,83520741000120,False,ATM
b11d3065-3c73-4afa-8a61-7346e316f210,4E017D84-67F,2023-06-19,22887.34,PIX,56043712000142,True,ATM
cb05e512-4a26-4b79-90a3-8f931f053d9b,311FD181-566,2024-03-20,2685.61,TED,12538974000102,False,AGENCIA
2fed0f71-7b75-4340-8312-fcd27a1d9bc0,E8633C66-07D,2023-07-01,19991.2,COMPRA,35762810000160,False,INTERNET
261eedbc-b0e9-49c3-ab6a-2088a2cced6b,FC21EF4D-4CA,2024-12-02,2195.87,PAGAMENTO_BOLETO,54238709000159,False,AGENCIA
a6907bbd-f4b2-484e-98d6-564730902f90,8F20775B-7C4,2023-04-13,11398.64,TED,92685174000153,False,INTERNET
81841997-eb42-408c-938c-a3d54dc466f5,A890B3C1-30D,2024-10-08,8145.94,PAGAMENTO_BOLETO,52367480000127,False,POS
d5146557-2b5e-4670-b636-1a3a11f95d4d,65A673B0-B88,2024-11-04,8691.02,COMPRA,,False,ATM
5b87c0cb-1d44-4bb9-96b2-3dff1d2dc1a5,EF04CCC3-8DC,2023-04-14,9352.59,SAQUE,36721598000155,False,POS
811212bc-74e9-442c-90e5-909a74f34551,20977FAE-684,2024-07-10,7988.63,COMPRA,29613748000141,False,INTERNET
a62ba64d-fae4-41a4-a8a8-3280aac20913,5950E6C7-791,2023-07-10,22811.16,ESTORNO,90125438000199,False,ATM
15a254c9-66c9-4760-8a4c-61103c86d5cf,9F541B3D-2BE,2024-02-25,22476.22,ESTORNO,52973416000190,False,INTERNET
e3529320-aa0c-4b52-9cb8-f1433e96546e,A13C5957-9AB,2024-11-18,21355.43,PAGAMENTO_BOLETO,84376952000102,False,APP
0f57003f-10b8-46ab-a03a-6c2d572e9035,A05EEE34-570,2023-05-12,19485.72,SAQUE,21896437000125,False,APP
0bf4ed5d-fdd1-4247-bf76-eb9f16c09bd9,D164C138-7B1,2023-02-11,40.59,ESTORNO,64095127000114,False,POS
d4d574fe-9a70-45cd-95bc-617b39e39734,4348581D-CB0,2024-05-17,24263.61,COMPRA,63251890000124,True,INTERNET
d3a39efe-eb6d-4890-a40b-55f5166f2ad6,3CA4B1D0-65A,2023-03-25,3174.05,PAGAMENTO_BOLETO,51738240000129,False,ATM
2be49f7b-2e4a-4568-b39a-9dd92beada5a,183EB1BB-10D,2024-11-01,22504.66,TED,73910846000132,False,ATM
b2c4dd46-4800-4605-a28b-74aa2cf3e95b,89B2491E-E7A,2024-09-04,9047.19,COMPRA,69217083000171,False,INTERNET
f9762273-ccaf-46be-a2c9-dff9d02ef877,1E198149-363,2024-12-21,11827.83,SAQUE,69837425000156,False,POS
d03bb7b4-b6db-42c0-937c-149ed376a1f9,BC184D0F-B3C,2023-04-26,10731.22,TED,16092753000104,False,POS
69f59011-3a58-4e7f-8a95-c3faff8355a7,4348581D-CB0,2023-02-15,20541.04,TED,69540781000103,False,APP
dd90a0cf-78ff-4710-8b53-aa2a67fa43f3,D9113245-2F7,2024-05-05,15688.34,ESTORNO,75946128000141,False,AGENCIA
4535be02-4680-4fd8-8b50-91ae00e7d222,D7082733-EC2,2023-02-11,3088.88,PIX,,False,POS
642b4eaa-1878-4ef7-9c04-1de2e2bbe6a9,C4D32831-F5F,2023-05-24,18779.64,COMPRA,93284071000144,False,POS
f4110639-d462-4c15-a459-cab50122a277,76717AEE-F5C,2023-12-14,11395.18,SAQUE,03148762000128,False,APP
91a780e0-778b-4faa-a5bd-52094b1d5ee3,6C7A6B3F-11A,2024-04-02,7063.98,SAQUE,34892067000108,False,INTERNET
c00e8b5e-cdd8-47a8-ab9e-dd1b27f99812,B5FD8EC3-B5A,2023-09-09,1094.61,COMPRA,79815046000119,False,ATM
f1f51211-f84c-455a-85b9-88d8fc5d1645,EDDB50D6-49A,2023-03-31,7051.17,SAQUE,83051746000151,False,ATM
31cf7b1f-b63c-44b5-a8a1-669723d26e4e,D7082733-EC2,2023-02-14,8785.72,SAQUE,46125093000181,False,ATM
dab6764d-7429-441f-9d09-7f621737d407,A577D70F-D33,2024-02-28,2162.57,TED,57241089000103,False,APP
5de92c65-edc2-43aa-bc9f-cac8edd1196c,EEA42A8D-8B7,2023-05-30,10463.87,TED,40185627000189,False,AGENCIA
1fc7e7e8-9179-4ad2-b1be-875b35ba0d13,B6D52146-CBF,2024-03-07,8460.3,PIX,49607582000168,False,APP
5cf11cf4-2041-4167-9af9-dc88eff587d7,BEBF5DF3-0B1,2024-02-19,16861.79,ESTORNO,10986432000177,False,APP
ece33ba0-1d85-4f40-8aa6-08ccd866ac20,F3C371CA-0C8,2023-11-18,3600.62,COMPRA,63249587000197,True,AGENCIA
1f5dde05-6d9e-48e6-9fb5-028fb7e7e751,C0803A87-332,2024-12-02,22585.66,PIX,,False,APP
05c1bee2-99fc-44d0-a2f0-02684164580d,63CAA8BC-147,2023-01-03,10657.51,TED,20374856000134,False,APP
a83c7eae-f96e-479c-b934-2ecb7a60575e,A890B3C1-30D,2023-07-02,19315.38,COMPRA,59813047000117,False,APP
3a5c94b3-a71c-4f75-b273-c6c58b815fd4,02F2FEBC-D68,2024-04-09,21235.03,ESTORNO,86902713000166,False,INTERNET
ba2412e6-53fc-4b18-8b14-75a41e091d8d,D7082733-EC2,2024-01-09,24296.01,SAQUE,78135264000140,False,INTERNET
36a13777-6719-41db-a819-e37f6c15126f,3E7FC973-929,2023-08-25,19006.38,COMPRA,63270459000125,False,AGENCIA
93d783e4-e220-4ad0-a0e4-3dfe5f042c99,183EB1BB-10D,2023-10-16,6817.17,ESTORNO,17295463000120,False,AGENCIA
071da31f-535b-4fba-98ac-fb139c422f85,30080527-225,2024-03-04,24207.99,TED,,False,APP
8ebf8c18-2ee6-40fd-83e0-85146b9f5f29,DFCE968F-DC0,2024-08-18,22409.77,TED,79154602000153,False,APP
1ecaa6e8-4ebf-4daa-bba0-94e5354a6401,6BD021D3-B35,2023-08-21,17657.03,COMPRA,54086319000100,False,INTERNET
9f2aa170-ea64-4afa-9816-aae51e0d5b3c,713C8530-565,2023-09-29,9899.53,PIX,30961825000133,False,AGENCIA
0ced9d98-361b-48b6-b5c4-8b23f3ecc8be,8E81B79F-B91,2024-12-01,15702.56,TED,53610894000106,False,POS
7b112e4d-cc8f-4a23-8076-ac21dece3e70,F44856C2-08E,2023-02-05,615.21,TED,08124657000172,False,APP
f104ecd4-4507-4c41-a089-38335a437408,271A9EB9-8FA,2023-11-09,8075.86,PAGAMENTO_BOLETO,50183796000133,False,AGENCIA
88544dcd-c2a6-414e-853a-2c573aedcccd,C5A04C8D-3A9,2024-09-13,2464.51,SAQUE,68432079000163,False,ATM
5f5ada6f-a2cc-439e-8e47-61f0b138d927,18AE6F70-8F1,2023-09-11,19367.57,SAQUE,26384059000114,False,INTERNET
a55d87ca-5c79-4baa-bf27-c7bd3bf136e6,B5FD8EC3-B5A,2023-01-07,19099.18,TED,65409238000110,False,AGENCIA
1122b402-a23c-43bc-adb0-4364555beb55,A890B3C1-30D,2023-07-18,17498.02,PIX,65039271000104,False,APP
538ace75-617d-4e74-b978-a1eea4791fe3,DC953A57-83F,2024-07-07,73.95,TED,43856207000175,False,AGENCIA
f80ee767-4240-45ed-83dd-9a9632ff5f09,4F28D99A-839,2024-04-04,5833.33,COMPRA,69823401000148,False,INTERNET
ef28bc7d-69d4-47e0-bb83-968d09b4f0e1,B9EF1743-CFB,2024-04-18,2398.66,COMPRA,46710258000182,False,AGENCIA
844e1354-d19c-44c5-8246-32eb9e9fabee,652FFC7E-0D5,2023-04-24,11021.74,SAQUE,43690275000107,False,POS
f88fff2a-6bed-40b5-889d-cde03f0be007,EA44F393-CD9,2024-11-27,4241.67,SAQUE,65409187000127,False,POS
a62f034e-19ff-4fe7-beae-7c93534450a6,DEDFA32E-A68,2023-04-05,18621.63,PIX,95361082000106,False,POS
0f97676c-2c66-45fb-ad68-dffa649ae253,EDA8FD63-D39,2024-06-25,9353.74,COMPRA,87046259000151,False,POS
70380f77-4f22-4a90-b985-625dcb00d700,97FDAD95-A9C,2023-02-07,11112.08,TED,25308417000147,False,ATM
71737c8b-b97c-4ced-89bf-80a6747631fc,60EFE149-B0D,2023-08-31,23796.07,ESTORNO,31960427000165,False,INTERNET
a1802663-7822-432f-81d5-95091f9197f5,9917CE6D-711,2024-12-19,764.62,COMPRA,75028916000159,False,AGENCIA
af1f1361-4fc9-4ef0-87cc-70a8d2d38383,C4D32831-F5F,2024-08-26,18028.14,COMPRA,56721098000120,False,POS
b4f74ae1-0a52-45d2-81d1-4b35241337f4,2ADD4393-5A3,2023-07-13,19227.3,SAQUE,16539708000155,False,APP
c27f0b00-1b12-4249-a6fe-2d7e9a5eac3f,528D786B-9D9,2023-08-05,12203.92,PIX,76248103000137,False,ATM
ea637af9-7dea-4a65-a6b2-117e170dcc4f,A890B3C1-30D,2024-09-08,699.7,ESTORNO,15468307000199,False,AGENCIA
650fbd07-20b1-483a-9cca-6e3386bc01cb,6BF7B311-358,2023-12-25,1080.44,ESTORNO,91826570000190,False,AGENCIA
192ecdbe-9e10-4b48-be6f-4938e437671d,75D5BF65-D16,2023-12-30,23202.02,SAQUE,25870314000176,False,AGENCIA
e5743806-a39f-4f16-a8c0-0a8c0c595437,05DBBCFA-F80,2024-01-13,14273.99,PIX,08659327000181,True,ATM
82cd75e4-53c3-43ba-ac86-6ed7a0a091bc,C5A04C8D-3A9,2024-01-27,21312.52,TED,54260798000130,True,AGENCIA
a89bbd4a-35d0-4824-8478-bea47deae765,89B05EAE-D90,2023-01-13,9799.85,PIX,40263785000100,False,AGENCIA
1ee8488f-46e3-4bb0-94f3-c172bffe7fb8,A58441DA-54D,2024-10-30,10635.33,ESTORNO,31479685000124,False,APP
83703156-605d-4b68-bb35-0bf76ab9f401,0216632D-A04,2023-06-13,14524.8,PIX,02693148000184,True,INTERNET
13e69acd-92b7-4263-a953-f81c59bfff3f,1B0AA978-35F,2024-10-08,24454.86,ESTORNO,28071954000104,False,APP
97e597bd-db89-466b-aa1b-567eee0003fe,D7B62EED-316,2024-03-22,3033.34,PAGAMENTO_BOLETO,79053641000164,False,APP
b511bebc-bf06-4e96-ac4e-fc00ed92525d,FD094CD5-837,2023-01-28,18487.99,PAGAMENTO_BOLETO,78642159000105,False,INTERNET
5dc2c33b-5613-4517-9d72-1bed7701ff2c,02F2FEBC-D68,2023-01-04,10900.98,PAGAMENTO_BOLETO,01532768000179,False,POS
479b8f71-b040-45ba-9191-c0390d34d381,F003001B-1D9,2024-08-08,6959.54,COMPRA,,False,APP
946c8a67-c2a4-4e8d-b247-f4ffc8f04b39,439662C8-A28,2023-02-20,16342.53,COMPRA,71420369000100,False,INTERNET
f44421ec-2875-45db-8f50-dace782ae73b,F345BD52-4A3,2024-02-20,12490.6,ESTORNO,91830726000107,False,APP
681cb5f5-7560-4161-9c7c-2e5027f4a15f,0F942AA1-52C,2024-11-15,8619.13,ESTORNO,98027641000134,False,ATM
d1c943fa-1abc-4de2-9598-5acc135f519e,2D96CBE0-414,2024-05-17,11624.28,PIX,63981250000170,False,APP
af1ae25d-dc55-41cf-9f89-461c6293663e,0242103B-775,2024-08-25,6939.34,PIX,37529016000104,False,ATM
f07559d0-ffea-4d1c-a692-c6e95a394900,7BA65E1D-25B,2023-04-13,12663.75,COMPRA,05691382000160,False,ATM
6c01917c-1cb0-4820-a322-6d6f19b7ed22,3EFB126E-FA3,2024-09-06,16187.52,PIX,05364129000100,False,APP
9e5e3557-a321-4f2f-8e71-ec57d1993004,439662C8-A28,2024-04-05,24103.57,SAQUE,50916237000195,False,POS
c3465ce6-4236-46f0-8d18-ea4c745512a4,183EB1BB-10D,2024-12-13,9051.38,PAGAMENTO_BOLETO,91836427000180,False,POS
e6707d18-752d-4cb0-8987-73e19fe40d37,DC53D190-D5E,2023-06-02,20436.16,COMPRA,97054263000115,False,APP
9254f18b-55cd-45ce-a402-e79051ba1ecd,790D77CE-DBE,2024-01-13,24273.4,PIX,70213984000174,False,POS
953dac6f-3a17-481a-9c03-00df3822c134,7F4DB55A-F30,2024-11-09,23343.87,PIX,45867931000120,False,POS
ce5a3ec4-20f9-4393-8240-fb4035a67b77,B269600D-820,2024-09-16,19561.22,SAQUE,73490652000125,False,APP
1aaf0a50-b0e4-472b-96ab-0c63240e2629,BEBFA072-ED0,2023-04-19,12400.48,PIX,84230195000156,False,AGENCIA
e53b9bad-a05c-492c-a446-9d89a8335b2e,A64FBE33-90A,2024-06-21,21982.2,PIX,16459208000103,False,INTERNET
150fa694-d318-4122-893c-b5bc3e0bacf0,E8DE9626-1FF,2023-05-04,9078.61,PAGAMENTO_BOLETO,02648953000196,False,APP
8365e4f9-e550-471a-854a-af61aede8eeb,5994C2BD-463,2024-05-23,12252.37,TED,47815069000137,False,AGENCIA
9f350f2d-84ce-4145-a9bf-1f21602f6e34,4348581D-CB0,2024-09-13,12478.9,SAQUE,41796832000143,False,POS
9b086a15-8ccd-4c0a-840e-0ce0282485d7,9FA5B939-CB2,2024-11-13,23212.8,ESTORNO,97561384000153,False,POS
b84ef966-d6a9-423a-ade1-5a7d87793c81,4C352209-E09,2024-07-03,7673.41,SAQUE,19820346000164,False,POS
c0d79698-7f22-4a57-abbe-db6496d0319b,790D77CE-DBE,2024-04-25,14467.85,COMPRA,01354627000103,False,INTERNET
35f75bcf-da3c-4771-974f-d784e20269e9,AA8190E5-D52,2023-03-24,19325.87,PAGAMENTO_BOLETO,71568024000190,False,ATM
14909874-837f-4e76-9cef-72ad2c57fb6f,08EFA536-02F,2024-03-12,22301.63,ESTORNO,02356179000140,False,INTERNET
c71cdd26-e3e3-460c-9fdf-7e7f3225286e,8798E45C-EC3,2024-05-17,9539.02,COMPRA,04351728000119,False,POS
5f77ee73-7e22-4ec4-a902-e65dadc8edc7,8C5E1F11-854,2024-08-22,10506.59,PAGAMENTO_BOLETO,76293015000157,False,AGENCIA
e2acbcbb-624a-41e5-9eda-54b5e0480b3a,2CC8F03A-ABB,2023-02-08,5975.53,SAQUE,,False,INTERNET
21423195-26f5-4499-aa98-70b3b284537d,4912A64A-776,2024-05-04,19116.74,PAGAMENTO_BOLETO,32058947000140,False,AGENCIA
cda46287-d3a9-4c37-9b5f-da49f8571747,9212F99A-4ED,2024-06-27,16035.39,SAQUE,78601934000176,False,ATM
c8de2268-7711-4c66-afa8-8e467543b172,A1DE839C-A8F,2023-08-30,9348.72,TED,,False,INTERNET
7c284114-c82e-4fa5-b62a-ccc7ef8c5b93,63CAA8BC-147,2023-06-25,10589.01,COMPRA,53917840000180,False,AGENCIA
e47d5e9b-f295-48ea-9b11-ed9fcbe73f33,75C86A71-122,2024-05-17,19389.14,TED,97365218000181,False,APP
3a35574e-3245-47da-b846-61a9e515b556,BEABB55D-772,2024-07-25,2844.74,SAQUE,05381967000184,False,POS
12d884b2-2e7a-42f1-833d-b129ca35cd62,7E92A89E-3BB,2024-01-13,4925.4,COMPRA,93128074000199,False,POS
b35a1e9c-babc-4466-a79a-d62b9a923cf0,4BC609D4-49C,2023-05-11,24338.9,SAQUE,49802163000187,False,APP
41033992-9701-4533-bddc-8e86c1888657,0F5BFD1F-3A7,2024-04-16,11013.24,PAGAMENTO_BOLETO,,False,APP
116799fb-6a53-4fd5-bb84-6a7a13e38078,07955C62-C5E,2024-08-04,19830.7,ESTORNO,74980512000106,False,ATM
04804ce2-d9f6-4a12-aa56-b6aef5c45c29,4017D0E3-823,2024-10-21,9338.98,ESTORNO,91487206000143,False,AGENCIA
04f77ea0-ea70-432b-92a6-b2e1332253e8,50375792-33E,2024-12-10,24135.95,ESTORNO,58312690000102,False,ATM
0848a590-5ad8-43da-b4b3-ef06e8d7d796,3CA4B1D0-65A,2024-07-30,19524.7,COMPRA,73419825000119,False,INTERNET
cb6dc140-372c-4e05-a4f1-643dddbbc9b4,351341E6-A44,2023-05-09,1855.49,ESTORNO,29017538000190,False,AGENCIA
847902ca-ee6c-4742-825d-b17d4f49be3d,743FC2FA-1C5,2023-07-31,16019.01,TED,83462517000120,False,APP
a47db253-4e15-4a4f-9ca5-58860aef08de,7E99BF69-BFE,2023-12-05,1719.14,PIX,93047865000194,False,POS
1e84db63-3cb7-4bac-90ad-fb57d5646c43,91F40B50-DE2,2024-04-15,3519.35,SAQUE,08194726000114,False,AGENCIA
1e3cb1dc-a86f-4ab7-a238-b24d49de93e3,C34ECFC8-D9D,2023-07-12,12889.96,PIX,03947862000114,False,AGENCIA
38131ae1-0e16-41c9-b624-18c857d8fa5a,00559CD9-BD5,2023-12-27,11268.51,PIX,07643185000100,False,POS
2221b468-7c69-47b5-88cc-ea3371c3acad,65F02700-2FC,2023-07-24,6415.67,PAGAMENTO_BOLETO,,False,POS
14a59c73-a042-49ed-9b62-c31c8340dfb7,14E3BAEA-767,2024-04-16,9440.12,COMPRA,81390462000164,False,POS
ea94ebbf-f9dc-43a4-a195-08f41fa39ce8,6C7A6B3F-11A,2023-01-17,7886.61,PIX,85397614000101,False,AGENCIA
016ef232-2e75-4b29-b615-d2a4d3e080a1,3680AE2E-283,2024-08-16,5696.89,ESTORNO,79326401000196,False,AGENCIA
b46ba78c-3715-412e-8699-3751aff81e17,0D5C1679-51B,2023-03-03,20046.93,ESTORNO,08625741000170,False,AGENCIA
cf1a5b91-0fa0-45eb-b910-4c5397688930,2D96CBE0-414,2024-05-13,3648.95,ESTORNO,86274539000154,False,AGENCIA
9ca1f331-8f8d-49cb-a8e8-035b3a1b2db0,BEBFA072-ED0,2023-12-24,15556.41,TED,09164285000170,False,INTERNET
09469859-ce76-4716-920f-a133700e1395,EDA8FD63-D39,2023-01-02,2869.63,COMPRA,56813927000103,False,APP
44af0e36-53ed-4fcc-a8c2-8673b6e8de8c,183EB1BB-10D,2024-10-17,12623.99,PAGAMENTO_BOLETO,20569341000190,False,POS
86c3a363-6769-4787-86ef-7a64e59cd361,652FFC7E-0D5,2023-08-08,16038.07,SAQUE,26749583000141,False,POS
21a25c20-46e3-40a6-aded-5c0be78ed5c1,D121BD33-816,2024-04-04,6136.63,TED,94523018000111,False,AGENCIA
6ac16335-158e-49bd-beff-83fa1c2d8de6,CA44260F-822,2024-10-11,19914.67,COMPRA,87324160000174,False,AGENCIA
af60df2d-7d43-4ff2-a2e0-9591db685809,11391EE6-64E,2023-02-08,17916.41,SAQUE,15209384000124,False,AGENCIA
2579a4cb-d0b3-4e84-91ca-3e95af60e266,11391EE6-64E,2024-10-20,9891.45,COMPRA,38057942000189,False,ATM
96afaf0a-e809-4a56-ad68-7c4bcf5ac3f9,D67D9A88-C34,2024-12-04,7158.38,SAQUE,06359147000159,False,AGENCIA
ec93df2e-233d-45fa-ba17-f84196639ec3,50EC0D0C-8B1,2023-12-09,20804.5,TED,56702948000143,False,INTERNET
e7208f42-0573-48b5-9f3b-b4827be4f1c7,2C89C1DE-1A7,2023-07-02,82.66,COMPRA,38654210000176,False,AGENCIA
a82c3d60-82a0-478d-ac38-93ca599ff4de,EB7A7F06-70E,2024-02-03,17726.66,PAGAMENTO_BOLETO,68015347000141,False,INTERNET
84431e4c-5999-4fda-8e0e-639ef88f4ab1,9B272835-D53,2023-09-13,3603.43,PAGAMENTO_BOLETO,30749561000159,False,ATM
89d7ee89-7b8b-47ce-820f-113935a04814,7E92A89E-3BB,2023-03-27,20913.58,PIX,16284705000118,False,AGENCIA
73862b4e-5173-4a24-9f95-ba5c225662b2,7E92A89E-3BB,2024-01-30,5728.0,PIX,35986402000191,False,POS
53ff3107-5215-4a5e-b52b-13e44b8810f3,973432A5-1DD,2023-09-23,23148.06,PIX,10967852000106,False,APP
435de9c7-8c8d-46f0-95e1-9960ce5b500f,C051EB60-892,2023-09-13,10428.89,PAGAMENTO_BOLETO,79346215000119,False,APP
bb19738f-6e72-44c1-9307-73456a9b8d74,2499B0E5-DE4,2024-08-14,1288.21,TED,75932801000194,False,INTERNET
d5932cd3-69ce-4082-8e1e-583518af5891,EB7A7F06-70E,2023-03-18,8433.42,TED,29170843000118,False,APP
53c4b758-b190-4a49-954c-9d4e2286185f,BEBFA072-ED0,2023-01-01,18505.71,SAQUE,86493071000199,False,APP
c5d023c6-6bcf-41eb-87b6-40f8a784b2c6,8E81B79F-B91,2024-02-13,12190.88,COMPRA,06351428000165,False,APP
b181a1a5-6bfa-4e2d-b1b2-aa5f8ef8160d,E764C6CE-0B3,2023-12-12,22636.29,PIX,34519682000165,False,APP
62841ce9-d83a-4bcb-b780-23f201da73f1,DC53D190-D5E,2023-12-10,13220.25,TED,18702956000109,False,INTERNET
68f80367-e91b-4eda-bdd9-faceb445aa40,9078051D-07C,2024-03-21,16853.27,PIX,30145697000150,False,APP
548c3bd7-3c37-4b1b-b0ab-ba20d30f9800,9F0D86B7-8D7,2023-12-15,3513.25,PAGAMENTO_BOLETO,29514367000105,False,APP
ace7a5ec-bfa5-4511-a934-a96c9df59c49,A4407358-A24,2024-03-17,8219.49,ESTORNO,25803419000102,False,AGENCIA
2a7546de-5708-4e3e-98cc-90d1bdca44fe,1C145E3F-A90,2024-03-25,13798.8,ESTORNO,50417398000134,False,AGENCIA
0de3a9bf-271d-46da-8518-e2fb06388db8,4C352209-E09,2024-07-15,18176.09,SAQUE,38670549000166,False,AGENCIA
d8f74bb3-5ef6-47a8-844d-0738f9da22d4,37D042F3-091,2023-11-08,4443.21,PAGAMENTO_BOLETO,24379601000115,False,APP
0a23a412-3dae-431b-8da5-049e578fdb00,EA44F393-CD9,2023-04-29,20361.28,ESTORNO,23958164000121,False,AGENCIA
431e223a-4b0f-47fb-81e9-aa2d1c4a9ddc,DB275D79-7A4,2024-08-19,4002.07,PAGAMENTO_BOLETO,48371695000144,False,APP
96ba62e4-5216-4d58-b928-f9531d6a93df,EE280395-C68,2023-10-19,7255.89,COMPRA,45928317000120,False,INTERNET
0ae56d33-5575-4055-b618-97e21cecf5a8,107243F2-368,2024-01-06,20389.46,ESTORNO,12597863000177,False,POS
ab6a4b0f-fb88-4241-8350-8b505883bda6,672EBAA9-8E9,2024-08-17,14527.65,COMPRA,63198540000141,False,INTERNET
2425ad4a-48c0-4ac7-8f8b-ad578fb75276,38D62C98-B42,2023-06-07,10305.58,COMPRA,72645081000198,False,INTERNET
148f74eb-762e-40eb-ac6a-2aaab6cd351c,D164C138-7B1,2023-02-01,20520.04,COMPRA,56417023000150,False,APP
5533b8a9-8c3b-4d6d-b018-477f64efc79c,CE3CBFF5-437,2024-09-26,3804.94,PAGAMENTO_BOLETO,09873412000100,False,AGENCIA
34930302-d004-4b39-a3d4-224fcd89fe33,497EFB1B-D1C,2024-05-30,10896.84,PAGAMENTO_BOLETO,50463891000190,False,ATM
712516d7-695c-4620-ae6c-7ce1287187da,43B530B3-7BC,2024-10-01,10082.03,TED,,False,POS
c9e1a4f3-f134-4236-b794-a9a407462d4f,250D0F1E-5F5,2023-07-11,3673.17,PAGAMENTO_BOLETO,47216085000103,False,ATM
a55fd83b-c3e5-4699-8e1f-31039e44f381,2ADD4393-5A3,2024-11-15,11427.37,TED,30251649000146,False,APP
a2d34421-aa58-4a0a-b8a0-8dc6391fd360,B2482C09-FE0,2023-11-16,22828.65,TED,54768321000160,False,POS
10d27128-7b83-4aa8-b7bd-e5b7a5316e3a,880F0B08-2B4,2023-11-17,3095.17,SAQUE,10472369000150,False,APP
ad127169-4789-4aac-829a-dd290c577441,DDBFDB15-AFE,2023-01-27,13994.32,COMPRA,25307169000110,False,APP
640b09bf-5f82-4b61-84de-eb5fd2631375,EADDE6C3-F90,2023-05-21,12935.28,SAQUE,47082356000185,False,ATM
8d08084c-a266-4cd5-a000-11e33e21e0ab,BBAEA6BB-510,2024-06-30,20720.79,SAQUE,83291067000150,False,INTERNET
ba7e4198-4d7a-4479-a2eb-5900c2a1aaba,D121BD33-816,2024-07-10,7246.56,TED,06987354000158,False,APP
27acb0bc-4d17-4c3e-a6d8-4b2b9c5d9950,51806654-A9A,2023-06-01,18182.06,ESTORNO,26874305000116,False,AGENCIA
7d76f4b9-d31f-41ba-9704-2d4bb6b684be,658124DD-565,2024-02-07,9864.31,PIX,35426901000124,False,INTERNET
be8eafcc-6425-440d-8b47-8cba517e5783,7B56E268-CC1,2023-06-11,24976.8,COMPRA,91573426000190,False,AGENCIA
416850be-5c2e-4de3-b099-369bee00918b,14366407-C1D,2023-09-17,6173.56,SAQUE,96502473000166,False,ATM
120b391a-994b-48c0-9efd-bd69100232a5,1E076B7E-629,2023-02-10,11026.12,PIX,76091483000149,False,APP
26a956b0-eea6-4d01-b620-28f45799055c,012936C9-0B1,2023-05-18,7774.45,PAGAMENTO_BOLETO,63941507000160,False,INTERNET
0c013ae9-949e-462b-9703-7daa81dd0055,50EC0D0C-8B1,2024-10-11,16295.84,ESTORNO,15487203000121,False,POS
bc2cb977-6d02-429c-8705-f7e086402b01,51806654-A9A,2024-12-24,12338.09,PIX,02459738000147,False,ATM
03da19ac-ce16-4d68-8be4-d0bc365422b8,E30EE1F6-550,2024-07-06,7560.64,ESTORNO,10748963000121,False,ATM
5ffc62b8-eca9-4fcb-8c6e-238ade3f6779,672EBAA9-8E9,2023-05-18,12170.64,COMPRA,68943705000186,True,AGENCIA
09cfa78d-1242-44e0-a67d-83e477203d83,73EF3E1F-B9F,2023-10-27,4463.19,ESTORNO,96048371000112,False,INTERNET
1e8241e3-5cd6-4173-98a1-ae75febf75e5,B269600D-820,2024-12-16,20814.25,COMPRA,87132549000118,False,AGENCIA
4c63ad1e-0b4c-4b8b-9e81-6ac8de578c65,FAF2CD44-6BD,2023-01-20,21362.06,ESTORNO,43291087000106,False,POS
dd14e7b6-9a3c-4085-bf32-7efb629e5fc2,88A9F6D0-A64,2024-05-19,17867.55,SAQUE,14396827000170,False,ATM
202c317e-783a-4a21-b848-8c76075f6bd0,BEBF5DF3-0B1,2023-05-21,20108.47,TED,01946285000110,False,ATM
2306348d-d8c9-4fca-96c7-094f802364da,C279329B-FEE,2023-03-08,8659.86,PIX,39572618000161,False,POS
83063a12-050b-447a-98ac-df7904604dd1,BEBF5DF3-0B1,2023-08-01,14815.88,PAGAMENTO_BOLETO,56109274000178,False,ATM
f45f18c0-58c9-4664-8f41-e2294735a78f,A58441DA-54D,2024-12-27,18811.76,ESTORNO,53687941000101,False,POS
eea9b054-d8c5-470d-9f9b-c5ba199880f5,9BD37035-C63,2023-07-09,7977.59,SAQUE,83754219000103,False,APP
4dbe5284-ba4f-404d-9838-36f4d6aeaf1e,0ACC9AE4-1DF,2023-06-23,20123.74,PAGAMENTO_BOLETO,31796542000146,False,ATM
51a2653d-7698-43a9-8807-ee1207232a8e,CE3CBFF5-437,2024-11-17,16203.13,ESTORNO,19520347000193,False,ATM
64dfb9c7-f452-4571-a03d-b3cc042f467f,041C727A-960,2024-03-12,13732.69,PAGAMENTO_BOLETO,78249061000184,True,APP
3b414fea-52d6-4e19-8984-2f012f3dc552,9AFEBC11-DCD,2024-10-28,6856.02,SAQUE,98375106000174,False,ATM
b339166d-d251-41ab-bc18-073099fb75d1,7BCC7B22-498,2023-08-25,19332.16,COMPRA,86509427000135,False,POS
b15e0e6c-d703-4689-8c7c-762967beb2c8,235CA8B4-2DA,2023-08-29,9181.34,COMPRA,20495186000104,False,ATM
20679cce-abd4-479e-83b5-d9e90da1fba8,12238E6A-C08,2024-08-30,17042.78,SAQUE,41076923000104,False,INTERNET
0682cc12-650e-4e17-b2a0-ab1bf54be6c4,65F02700-2FC,2023-11-16,7969.73,ESTORNO,68532190000121,False,APP
00749310-2330-4a61-815b-f2acb4423b08,F53EC8C9-042,2024-04-25,8655.5,ESTORNO,31980256000136,True,ATM
49c53235-6b10-4820-8f10-58e77ebc2343,A42FEAE6-A4D,2024-07-25,9374.84,PAGAMENTO_BOLETO,76150423000150,False,AGENCIA
29a6235e-eb0d-43ab-b907-2cad234bb22c,50EB3D81-A1D,2024-11-05,14159.21,PAGAMENTO_BOLETO,42368157000114,False,ATM
e50ff1dd-a14f-4dd6-accd-d81f5bb02762,6C0F83D3-984,2023-12-21,4946.7,PIX,96751240000105,False,ATM
a5f31bf1-98ed-4a16-8cbd-e71eb333eb58,285DFD16-5DD,2024-02-29,17609.18,SAQUE,02849531000189,False,INTERNET
7b174985-d310-41ae-9962-bc5c9c2ca16e,EDDB50D6-49A,2023-01-12,13671.53,TED,86430951000116,False,AGENCIA
7acc6fdf-97b8-4ced-8ef1-275143c9032b,96DF87A5-7F5,2023-09-21,1825.37,PAGAMENTO_BOLETO,47931560000123,False,AGENCIA
2d129d59-d8b4-4539-ade5-7ab4806e802a,7B56E268-CC1,2023-06-25,6948.68,SAQUE,80291735000150,False,POS
59cc4516-0df2-4306-bda1-a35a99d4e29f,E30EE1F6-550,2023-04-14,8321.27,SAQUE,89104675000194,False,INTERNET
1d1d7bfb-45fd-4124-9601-b761de6d9e32,B94F3F59-1CC,2023-12-02,17699.99,PAGAMENTO_BOLETO,86154793000119,False,AGENCIA
015f7808-84d4-4852-98b5-638d4f75c9bc,040E7AAA-066,2024-02-28,2408.04,SAQUE,25341869000120,False,AGENCIA
54bb1c60-35ad-47d7-ae32-3b4e69bf9945,A88E3BE7-50C,2024-12-21,2744.68,COMPRA,32691840000134,True,ATM
93f107e8-44a0-4e6f-9809-13a8abf0fcaf,507DE0B3-C8E,2023-12-17,12447.86,COMPRA,,False,ATM
0b8056ab-b6e3-40c6-b660-c84e7064f3a6,1C145E3F-A90,2023-12-31,5735.62,ESTORNO,91057462000109,False,AGENCIA
1ae33aa2-787f-401e-9401-3ffa485591a0,9AB96346-B5B,2023-09-15,18349.77,COMPRA,89432706000136,False,ATM
31335fcf-7bc0-4f50-8f8d-329c6b0dc904,7A115044-E7E,2023-05-26,22072.75,SAQUE,47391025000127,False,INTERNET
34c09b7f-3e04-4ba8-bcaa-97070ac5c8d3,A008CFDF-174,2024-12-19,10496.1,PIX,60824973000177,False,ATM
9897afce-7582-4b69-99c8-bb6585cdc59f,BB347D67-ED6,2023-02-10,21709.58,ESTORNO,,False,INTERNET
c248eed5-2a25-46f8-899a-80efb0cb243e,DB0D7157-AAE,2024-07-12,5413.16,COMPRA,37846591000122,False,APP
885e2149-bb6c-48f3-a7db-8f6dc1f56a3b,BEBFA072-ED0,2024-06-22,11034.55,PAGAMENTO_BOLETO,05842367000176,False,POS
4b34bbcc-ab98-457c-87fc-d7521689645b,B074432D-13F,2023-12-28,18753.29,TED,79248650000100,False,AGENCIA
043cce2a-833c-4b83-b53d-ec6b83637bcb,21D4590C-D80,2023-05-03,21933.33,COMPRA,34067128000194,False,ATM
8e6ac6bf-dfb9-4ec7-a33a-b5404ab83a53,4BC609D4-49C,2024-08-18,18730.49,PIX,06874519000185,False,ATM
5ff7e26f-4e1a-41ce-af52-1f35a7612eb1,41532C01-314,2023-08-11,22278.86,COMPRA,36452189000109,False,POS
540788fd-b669-4bd2-a100-d6d8020639ee,A008CFDF-174,2023-07-30,21031.81,SAQUE,53269487000179,False,APP
066b8cb2-9e73-4696-9e8c-1c53aa9bbcc0,C34ECFC8-D9D,2024-07-01,22441.79,PAGAMENTO_BOLETO,97604831000104,False,INTERNET
4917b209-73d6-4524-a085-fc1a1e49cb76,8F5E47B2-0F6,2024-03-18,1347.37,ESTORNO,50873164000100,False,POS
7e6e6855-34c4-4042-ac6f-9bebba7f9749,9F541B3D-2BE,2024-11-20,22215.67,COMPRA,36174982000185,True,POS
a95b578d-258f-4c16-bc5c-5a3b6ab47a0e,57E329B0-2DC,2023-01-20,2389.48,SAQUE,32879456000160,False,AGENCIA
9ce4606c-3455-4952-869e-ff54f3fd7404,42837FA5-5B8,2024-01-17,13679.22,ESTORNO,72143065000105,False,APP
52a92095-9d34-4084-8523-54dd914b6008,5950E6C7-791,2023-05-13,22942.51,COMPRA,57206394000156,False,AGENCIA
2859685a-f009-4364-aab7-f04551dd00fd,8EEE1992-6DB,2023-09-16,1896.45,COMPRA,89243501000102,False,ATM
517fd746-251f-444c-a6e1-b39a7a579dae,0F5BFD1F-3A7,2024-06-14,1139.96,TED,10792568000146,False,APP
749e4301-9888-453a-8d83-b30a6aa400e8,213778CE-215,2024-07-17,10616.16,PIX,47815309000101,False,INTERNET
f82ea933-e273-49e0-81d7-4fce4a779907,694B7912-326,2023-03-07,4594.14,TED,29068175000112,False,POS
bad125df-09ac-4d6b-9582-b8c31ced4f84,AFB22303-3B8,2023-01-12,11956.96,SAQUE,93052471000124,False,APP
4e6677ce-1d76-43b9-9235-f62dfeec8fc6,D164C138-7B1,2024-10-21,7003.69,TED,47569038000143,False,AGENCIA
978ad5fb-baef-458e-b627-da72bdedb76c,DC953A57-83F,2023-07-29,5327.31,TED,,False,APP
296cbaa1-1bd7-4812-9872-38d112fd247c,8060E53B-831,2024-01-05,1086.13,COMPRA,91528064000115,False,APP
47775513-2575-4448-8e76-d60622e18878,FF7FBC12-858,2024-02-09,7356.78,COMPRA,86102735000141,False,AGENCIA
42e6ae15-3de7-48ad-b29f-43a73d949e2e,F369784D-213,2023-05-05,2764.46,SAQUE,03627581000184,False,AGENCIA
bf83be71-97f3-42bf-aad5-5ce2575ef6c8,D8F25E4E-64C,2024-04-11,24001.13,PAGAMENTO_BOLETO,59643201000150,False,APP
1bf8d3d7-31ef-414d-ab4f-6a5a1c06997c,E122327A-013,2023-05-31,18019.21,ESTORNO,26304197000146,False,INTERNET
d4700fb8-8abb-4d02-b17a-3ca8b346ca0e,1E198149-363,2024-01-01,14920.51,PIX,03459617000168,False,ATM
f6c3dc33-0213-4a3f-9ec5-41f31075b5cc,D64AAC66-00E,2023-03-29,3263.23,PIX,17682530000160,False,APP
32a29fde-6afd-43f8-85d8-4b44bc72aa50,DC953A57-83F,2024-09-06,17769.76,PAGAMENTO_BOLETO,,False,POS
8f29453a-605d-411f-8966-6f7debf472d8,30080527-225,2024-07-21,12421.18,PIX,89756120000127,False,ATM
70c600c5-1046-4b81-ad2a-842aa8906aa3,BB347D67-ED6,2024-01-15,18389.15,COMPRA,39501462000128,False,ATM
282c3dc0-ae2e-4e81-866a-6470b2471256,D8F25E4E-64C,2023-03-20,11618.79,SAQUE,13605892000104,False,POS
e101f8d4-ba2d-4622-9263-ba077da4e076,84034CDC-913,2024-06-29,13426.81,PAGAMENTO_BOLETO,72345196000167,False,ATM
07e35391-5d07-482d-abfb-82dd198da66d,8C50AC59-006,2023-06-14,16081.11,COMPRA,38916452000190,False,ATM
8e872cee-98ee-443d-a699-1044a01af20c,A4407358-A24,2023-10-09,5621.78,TED,86759241000134,False,AGENCIA
220a40af-0dba-4274-a66f-3b88188de0b4,7A75C6A4-725,2024-05-28,7978.15,PIX,16534972000104,False,APP
4f5c3e89-5aca-4cbb-b8e1-34320f6343bb,439662C8-A28,2024-04-12,16130.54,ESTORNO,64971803000176,False,APP
a0ea1545-d269-4932-a3b3-9ca51f81e76f,285ED2B8-FBC,2024-12-03,13464.47,COMPRA,98425016000140,False,POS
27a76591-1b10-46a1-93bb-e22c7806b1db,C4D32831-F5F,2023-11-16,16433.53,ESTORNO,40192635000152,False,INTERNET
1cc9eef7-7c01-4b87-b9be-50f12bfc63bd,FB5078CF-178,2023-04-20,15660.02,TED,72485391000192,False,AGENCIA
adab2059-80f9-412d-9fdc-d44ef10ca676,04A1E508-594,2024-09-26,12750.7,SAQUE,02683457000173,False,APP
f46576d0-18e3-41c4-87af-7e03a711d9dc,7BA65E1D-25B,2024-07-06,19181.13,ESTORNO,23649581000192,False,ATM
7322420c-e7d7-4dfa-a089-b85f508d3bb9,AEF073B0-AEE,2023-02-03,18007.74,TED,80543916000127,False,AGENCIA
2d3750a1-01eb-4c95-b13f-3b5747c22127,7E92A89E-3BB,2023-08-30,15024.37,PAGAMENTO_BOLETO,49072385000191,False,APP
d0b7c848-ff61-4c2c-940d-c585bbb19ac6,CBBD0E4C-247,2023-11-20,16857.29,TED,69284710000197,True,ATM
1ba02157-e7f2-4d6a-88a8-fe8e85364b6c,07C93CA1-3B6,2023-11-18,5698.75,PIX,71924356000160,False,APP
7d69412d-1501-43af-a6a3-51735f4d6b03,DC953A57-83F,2023-02-25,3508.1,ESTORNO,98160435000106,False,APP
05651caa-7c06-4e58-86bd-e992b95ad393,84034CDC-913,2023-07-21,19193.55,PIX,01563789000151,False,AGENCIA
9b75d0d0-6ef7-4065-883c-2e6710b799ed,77045CFA-9DD,2024-12-04,4649.01,TED,94105382000161,False,AGENCIA
8f42d68b-d2de-465c-9ed1-8d3e00571bac,E8633C66-07D,2023-08-13,17975.13,ESTORNO,50263148000197,False,AGENCIA
17ae563c-6d67-4d5a-9475-1fcfbe9f5fc3,F3E193F3-059,2023-02-06,23424.34,PIX,48709362000182,False,POS
5092f8a9-3a32-465b-80b3-fb82b509a207,B8774B06-2C2,2024-11-24,17705.6,PIX,89031456000122,False,POS
35de722b-4eac-453a-bee4-1c4547633195,7A115044-E7E,2024-07-04,21863.37,PAGAMENTO_BOLETO,08563427000100,False,INTERNET
209cb7f6-b886-45d1-b5ce-0c42b5d6254b,75C86A71-122,2023-05-19,16109.15,COMPRA,75923864000184,False,APP
f0b133d7-5543-4cfc-9571-ad6bc219a573,E378B378-3FE,2024-04-11,18507.07,SAQUE,41068297000104,False,APP
6100459b-267d-48ca-835c-df29a294189b,20217DA6-A62,2023-01-23,23139.28,PAGAMENTO_BOLETO,,False,APP
71c63e32-661a-4748-a32d-6ddbb51ec355,F369784D-213,2023-06-27,24679.19,TED,39057146000109,False,ATM
ccb9f4a0-978f-4258-84cf-ec636cca472d,53C02BFE-5EA,2024-05-18,9177.47,PAGAMENTO_BOLETO,47216589000123,False,AGENCIA
2a8e2475-7b72-4ebd-a0b0-2b59f6a80d02,D59977E4-03E,2023-01-24,2370.82,ESTORNO,42613958000106,False,POS
d1e18320-05eb-4304-907b-c9e46a05c126,992C185E-9D9,2024-05-10,10688.94,COMPRA,90153742000140,False,AGENCIA
70ad8ff6-7db4-4760-af84-dc9804edb5d8,20977FAE-684,2023-06-02,23775.98,PIX,08654712000136,False,AGENCIA
7e1383a4-e280-4872-9051-f6e700b7e1f4,1A2700EA-540,2024-05-24,7516.52,COMPRA,30416597000110,False,POS
1b0227d1-0fd2-477c-8cfd-8692812dab05,3CA4B1D0-65A,2024-04-26,13716.03,COMPRA,47890256000185,False,APP
a0808a28-3f87-42e0-b77f-1bdf9ce463b7,044FE849-DEC,2024-05-29,24491.58,PIX,50632178000123,False,APP
187b2f58-bad0-4c88-ab40-6116645b153f,77D1C6FE-876,2023-06-10,5774.42,TED,91374082000190,False,APP
f1d8bc38-47c3-40ba-9d2c-2d5be5e40bba,6BF7B311-358,2024-11-06,17323.91,TED,09735418000111,False,APP
5aa5fd76-2a1a-427d-a517-2a3cbaa43a53,880F0B08-2B4,2023-05-18,11590.33,TED,03952641000134,False,ATM
f7349e8b-8585-43a1-99e1-7780aed9104e,36836E28-7AF,2024-08-02,19317.29,PAGAMENTO_BOLETO,04176982000128,False,AGENCIA
4fc580f1-08a8-4176-8c34-cf12e25e2a49,D7082733-EC2,2024-11-26,15018.58,COMPRA,51069428000121,False,APP
7b295a1e-a430-492a-866f-9074a82366d0,CBE4CDFF-95E,2023-08-22,6520.66,PAGAMENTO_BOLETO,56970324000107,False,ATM
be0c4b5d-82a8-4f52-b6d5-8a239bddf3a9,CC8C650E-86B,2024-09-01,11058.6,ESTORNO,73546281000156,False,POS
aad6be5f-08d2-4589-b1f9-909478fec1f6,F05B4624-6F9,2023-09-25,14336.03,PIX,61759340000195,False,INTERNET
c0a56fc2-2119-4742-9a5e-f838cdf3445b,18AE6F70-8F1,2023-01-23,7091.82,TED,63987412000187,False,APP
ca48aa65-fb9b-41a1-8d09-f9e3115262ed,3ED1676C-CAA,2024-11-27,2633.39,SAQUE,68142593000164,False,POS
4998525e-00ba-4bdb-85aa-de3d1d13d2ee,AD72640D-C17,2023-10-23,10650.99,SAQUE,52730849000114,False,APP
9fab02a1-48c3-4d9e-ab73-10a06c122a0b,6C0F83D3-984,2024-01-01,20352.07,ESTORNO,57208916000159,False,AGENCIA
a7a64e91-7f17-4d6d-b19b-b56790d62074,A58441DA-54D,2023-05-08,2423.79,SAQUE,,False,POS
62b50c88-4e3c-4a48-b171-683244880013,7A75C6A4-725,2024-05-01,2018.22,COMPRA,06489351000194,True,AGENCIA
0b3b30fc-fb92-4ec1-ab6b-588e3abbce92,9AFEBC11-DCD,2024-04-16,6051.96,TED,,False,INTERNET
85d47c56-3a10-49b1-ae4c-007a70644160,E8633C66-07D,2024-01-26,8853.46,ESTORNO,14962758000115,False,APP
7283a9c0-19c4-43de-9dda-46a1e585ae24,A64FBE33-90A,2024-12-06,24312.66,TED,47186259000132,False,INTERNET
0514386c-aede-4d99-91c6-72ebe750fac1,713C8530-565,2024-10-26,7881.09,ESTORNO,93842517000109,False,APP
0e5e65a3-51eb-4f02-8e3c-eca573d4382c,938851C2-6B0,2023-12-11,1827.38,TED,10475839000130,False,APP
2f1176ec-7d77-46f5-b9a5-14f19b1a8c7d,EE8F70CE-17B,2023-01-28,2839.9,ESTORNO,40297581000190,False,ATM
7cb96ff7-ea41-4bc9-b1fe-ab1a76379a29,7343E2B3-4BD,2023-04-15,290.99,SAQUE,43871562000113,False,POS
5ad22aaf-9d86-43f6-97a9-ac73b169753f,50375792-33E,2023-02-03,5098.76,TED,61597208000124,False,INTERNET
70a0148c-3a82-4f2a-857f-6af152e06bc3,BBAEA6BB-510,2024-11-22,1886.07,TED,41576803000176,False,ATM
d09556c6-56ff-416f-953b-f40a3ea9a0f3,D3532524-F43,2024-03-24,19604.72,ESTORNO,14053682000105,False,INTERNET
5f2ea859-6058-4d26-abdb-104034580f42,3DA68E6D-00E,2024-01-10,18706.95,SAQUE,46783951000185,False,INTERNET
32a41602-2c01-42a2-91c6-5d7ca3c23853,1B922371-F6B,2024-03-10,7900.1,COMPRA,,False,ATM
9fa05e51-d52f-4b50-8b1e-eaff471d9c8b,9B31695D-108,2024-12-02,2718.03,TED,31648790000140,False,POS
acb5de9c-2bb7-4455-bef2-3b30655767cd,EDDB50D6-49A,2024-09-17,14272.53,TED,08623514000105,False,INTERNET
9eaa958e-9ed1-4879-bc0e-235da45d57e5,7B56E268-CC1,2024-12-19,10328.06,COMPRA,,False,AGENCIA
380ff0e2-5100-48d4-b914-5b5aa2f4704a,45955261-0C4,2024-03-25,7865.62,TED,96348157000181,False,INTERNET
2512a156-5412-4afa-9fd7-cc9231d0a05b,F46161DD-048,2023-05-11,10037.8,ESTORNO,58942037000119,False,AGENCIA
b5e90f83-b96e-415d-936f-80db10402cff,5C525AD3-E0B,2023-04-20,1502.07,TED,96034581000151,False,POS
45aa0c18-d934-4c48-8fa3-869f0475e945,C0657C28-173,2024-11-03,20425.96,TED,67582109000155,False,INTERNET
f70faed1-c0c5-48e0-810f-6490739e44c4,3E7FC973-929,2023-05-17,19977.11,SAQUE,98361570000101,False,AGENCIA
a7aacc57-ffeb-4a20-94f9-4969ec0a93c1,B269600D-820,2023-12-23,14829.66,PAGAMENTO_BOLETO,02769438000164,False,INTERNET
03c3ab8f-04c3-4bed-9acf-0dd930c17ac6,E5156096-91B,2024-10-05,23725.23,TED,82073641000130,False,INTERNET
8370ddde-a8f6-449c-b29c-36397beb270e,7673EA28-DD8,2023-01-31,12700.32,TED,90257834000170,True,ATM
0798e6ca-e008-452b-8177-31001bf95f06,CA865364-8EF,2024-05-24,7904.83,ESTORNO,10689574000172,False,APP
db830b58-df55-4a7b-8962-d6f05ef612c6,738B42B8-05F,2024-10-07,14648.35,PIX,25349876000179,False,AGENCIA
c0841f5e-0dd0-499f-8c9a-aa0bc671ce7f,5F542E7D-47E,2023-10-29,6482.29,SAQUE,53912607000104,False,AGENCIA
2b2f9ae9-435b-4b21-bd5c-e0805f02056e,699338A2-166,2024-04-29,17594.05,PIX,13826759000170,False,AGENCIA
a0d17adf-cec6-46b8-aa72-1b9b3497d8de,994A8BF3-4CF,2023-10-08,7132.93,PAGAMENTO_BOLETO,26759148000106,False,POS
1737fbf2-03f6-48ca-a60a-2ea168ec0604,5DA8DF02-F9C,2023-11-10,6133.18,PIX,23697415000161,False,APP
b77cface-25e2-474d-bf9b-59cbe25facfd,A720359B-3BD,2023-01-09,1221.65,PIX,45326897000186,False,POS
c845237d-5a11-4b2e-8ed1-5cee7ea70b44,38D62C98-B42,2024-02-04,23098.33,TED,65234019000148,False,INTERNET
e9cc4ac6-bc1a-4d49-826f-754ca5bda742,50EC0D0C-8B1,2024-11-18,24007.11,PIX,03142689000187,False,AGENCIA
ceca6854-c600-4fb2-a6a2-c2e554160bd4,D57A19C5-4AB,2024-05-23,20058.47,PIX,18564732000170,False,POS
b8ac4016-d794-49c4-b2a5-e166f06af34b,658124DD-565,2024-10-29,8791.88,TED,14583729000142,False,ATM
334d304d-c990-45ea-b8ee-f946633a999f,C34ECFC8-D9D,2023-04-14,518.91,SAQUE,79364815000100,False,AGENCIA
926ef991-74e8-4cf6-8bde-d169fa444192,9AB96346-B5B,2023-06-10,610.4,TED,36148790000102,False,AGENCIA
aa751048-4992-4699-b47b-387c2a5ef2f8,F2D061CE-C82,2024-09-09,18278.88,PIX,40138526000157,False,ATM
cd2f52c5-b827-45ce-ae62-41b24a95379c,88A37BE7-4B4,2024-09-21,1512.57,SAQUE,84352619000155,False,AGENCIA
45435209-1762-4cb3-9d6c-edccb8109b06,55EEB566-F4C,2024-03-26,11719.16,PAGAMENTO_BOLETO,92153067000184,False,INTERNET
ec172238-49dc-4356-a774-0853d9e73771,D57A19C5-4AB,2023-04-17,9015.18,ESTORNO,23450687000162,False,INTERNET
8304cccc-fd4e-4404-9310-c87faa81a033,7673EA28-DD8,2024-02-08,3110.69,COMPRA,32978501000133,False,AGENCIA
91438190-80bc-4bc9-a048-89a67b5c7744,1CDDA734-B57,2023-08-25,1469.35,ESTORNO,10287653000157,False,POS
9354ba85-a8b0-4938-beaa-3eae6eab46ca,C173E03E-66E,2024-11-21,7429.73,ESTORNO,81920437000145,False,POS
d23ef453-fb51-48ed-a4f2-2a2ea64ca121,36836E28-7AF,2023-10-01,6467.53,SAQUE,37846029000107,False,POS
986a907e-656d-4fde-956e-3405e5b9cac5,43B530B3-7BC,2024-12-03,8938.15,SAQUE,01348726000182,False,ATM
238f009d-e671-4ddc-9682-299b098ad747,F05B4624-6F9,2023-09-28,14788.87,PAGAMENTO_BOLETO,,False,AGENCIA
f3b8d81b-837f-4b60-9c6a-fadc55cc02ce,10547D09-625,2023-11-10,8404.08,PAGAMENTO_BOLETO,,False,AGENCIA
20d2cbd8-c67c-4b3d-b544-2269e4a5c62e,48C834D9-BF5,2023-12-29,17781.79,PIX,67524391000114,False,APP
bd5634a3-d95a-4e4f-a891-a8bb2fc458ab,64263BBA-0B8,2023-07-17,4333.76,ESTORNO,01793284000183,False,AGENCIA
3680f0ab-8258-4b0f-952d-dc854f6115c6,EA1A1A06-74E,2024-11-05,17026.83,SAQUE,61958034000188,False,APP
0801c61a-9824-4ba5-90f5-0866b300da4e,A29C29B5-83F,2023-05-16,13227.8,SAQUE,71850429000116,False,AGENCIA
a1b5e7e5-022c-42e3-9b7b-d3c2d6800707,14E3BAEA-767,2023-06-15,22556.02,SAQUE,15028397000105,False,INTERNET
10142c0a-4cbf-4a40-8f35-ce6c317fcf85,02634C63-DC6,2024-11-12,9854.37,SAQUE,03617482000111,False,APP
27c81899-4be5-4d4d-b0e4-6599622dd782,5F849726-BC6,2023-10-05,11542.55,ESTORNO,37561928000155,True,AGENCIA
49c84488-8b46-4095-9c59-ba344e885b41,219B700E-7A4,2023-10-12,24462.38,ESTORNO,93168274000175,False,AGENCIA
03f8d602-ccca-46bd-a2dc-62a9e0997f1a,F003001B-1D9,2023-04-12,16595.0,COMPRA,49605837000153,False,ATM
4f07d5f3-5bbd-45d6-9b36-ff5310371ce8,3EFB126E-FA3,2023-03-23,5786.31,COMPRA,30519728000195,False,AGENCIA
f212d5a6-dfad-4395-bfe3-df403629ff52,7E99BF69-BFE,2023-05-20,165.23,ESTORNO,76301285000162,False,INTERNET
a9364c64-ac34-4de4-ac07-ece97d063366,D164C138-7B1,2024-09-09,13298.13,SAQUE,,True,AGENCIA
6c90eaaa-bd22-461c-a102-530805d8082c,5994C2BD-463,2023-12-13,16979.75,PAGAMENTO_BOLETO,68231497000192,False,POS
a1dff5af-7460-4a62-9c66-05831c9148fe,BA6A934D-FC6,2023-05-19,24432.6,PIX,02187439000109,False,ATM
45d238ad-3a5e-4873-9c58-a4f85607ca3c,6BF3EDFA-30C,2023-10-07,12259.97,SAQUE,74906831000163,False,INTERNET
3a9cb29e-9333-4ca9-b6c8-8769c13dac27,D7B62EED-316,2023-09-29,7959.66,SAQUE,28156439000127,False,INTERNET
f4d88b86-4059-4c03-831d-13b15a8aedf3,992C185E-9D9,2024-04-12,20498.26,SAQUE,58172036000132,False,INTERNET
0a58304d-14da-4a21-b452-5c2ee7fb6a01,53CE6CE6-88D,2024-06-16,17886.72,SAQUE,06713825000130,False,POS
4dc0db2f-b9a2-4629-9bba-99ecc8c9b511,58640546-C28,2023-12-19,4678.89,COMPRA,01745968000100,False,INTERNET
8d11193d-a782-48a1-8e1f-e20c59a292d9,DBEA8F18-1FB,2024-05-16,9484.82,PIX,08973412000110,False,APP
c6dc04df-ce8f-4221-9331-16dc623ee8b1,A577D70F-D33,2024-10-05,6437.61,ESTORNO,43019786000100,False,POS
bb80d4dc-61a4-417e-83c6-9b23eaeeb7f2,941C4D43-1DD,2024-08-05,9635.08,ESTORNO,07283961000108,False,AGENCIA
d2ff0534-2724-4051-a077-a3333ddad02e,F01E432A-5A3,2024-05-23,5415.58,COMPRA,45973801000171,False,AGENCIA
f377fe43-567f-4f41-ac82-6e5cd52f808f,08EFA536-02F,2023-04-25,11910.85,COMPRA,16734082000138,False,APP
8e811eae-121c-49ba-bc4c-1254d3a5ec51,F05B4624-6F9,2024-07-26,14008.54,SAQUE,21439607000142,False,ATM
c00dff7c-06e5-4043-9c35-43e7a1b84a1f,3DA68E6D-00E,2024-11-12,5550.7,PAGAMENTO_BOLETO,36401589000187,False,APP
529d3733-108c-4a0d-917a-e30c2eb69a87,DDBFDB15-AFE,2023-08-03,11908.52,SAQUE,89067423000132,False,INTERNET
e4181249-d5a8-4c25-a08e-41a265585522,C279329B-FEE,2023-05-14,2637.6,PAGAMENTO_BOLETO,64915732000194,False,INTERNET
b36fd6eb-1bfd-4050-8cf7-932aaf405909,637DE688-A83,2023-10-09,22227.37,COMPRA,15078469000110,False,POS
05e5dbc9-af8c-4870-9b0d-2ad93ae417f9,27D9297E-B64,2023-06-13,8498.13,ESTORNO,85104973000123,False,AGENCIA
f58a6944-4fd9-44c7-aae7-1659b3ccc446,EB7A7F06-70E,2024-12-14,15164.02,COMPRA,47130965000162,False,ATM
66a79981-3254-4674-9a4d-275df7d5db32,F369784D-213,2023-01-19,13603.45,COMPRA,49851067000129,False,ATM
69cf9e3e-0d9a-4de1-892b-b722e3f1ba56,C5A04C8D-3A9,2023-01-29,3769.86,PAGAMENTO_BOLETO,56941203000137,False,ATM
1ec1d5e9-24a6-4c3f-9da7-00908ca927e8,1B0AA978-35F,2023-06-10,2136.16,COMPRA,34596178000169,False,AGENCIA
775a23ce-b9fe-4cec-bf8f-d97aae9c0997,FF7FBC12-858,2023-09-09,8680.22,PAGAMENTO_BOLETO,91745086000137,False,AGENCIA
70745146-9b5f-429e-a52c-4754e17e7b34,E4F74C28-9C6,2023-02-08,14256.51,SAQUE,38702645000149,False,APP
3955cca1-49dc-40d3-b42b-b52d22746d76,1E770BBB-B8E,2024-09-27,20321.77,PAGAMENTO_BOLETO,59283610000192,False,ATM
4ea66440-989d-4b54-981e-702ccc11a045,148829F6-E46,2023-04-28,23651.99,PIX,43850679000110,False,POS
4694e177-8cb9-40b5-b793-02554168bb13,994A8BF3-4CF,2023-06-21,740.36,SAQUE,12406539000124,True,POS
70ffed80-a8b5-4acc-8784-499fcc1e4bd7,60EFE149-B0D,2023-02-28,13145.08,PIX,90176835000190,False,POS
8722a2d2-35c9-4a84-bdcc-7883e0856e22,B9D30B5C-4C4,2023-03-10,7076.31,PIX,54038927000140,False,INTERNET
08bd4cbd-f117-455a-9226-bf7e84d2e0b3,C355B081-9CA,2023-10-14,23868.66,COMPRA,34598210000145,False,APP
b7ceddd0-308d-40db-abcb-228a17c1311c,658124DD-565,2024-06-09,1178.41,ESTORNO,64503917000191,False,ATM
12ba4460-7aad-4b92-a17a-99e2f2739bed,7E99BF69-BFE,2024-06-12,16241.17,ESTORNO,28157604000165,False,AGENCIA
96fd4c10-f0af-438e-8cdd-3abbc7549919,C279329B-FEE,2024-07-08,8517.87,TED,73526019000140,False,APP
d77e6b3c-420e-4264-a672-4cea6d44f6a2,5367FD49-D59,2024-08-11,14693.14,COMPRA,30486152000107,False,APP
326c799d-7006-4679-8ad3-fe652be57403,738B42B8-05F,2024-03-24,7417.95,SAQUE,35042761000190,False,ATM
f4ee8548-c39c-4235-a3cd-8bdbf061c3ca,77BA6002-F5E,2023-10-26,10308.42,ESTORNO,42976130000104,False,ATM
d074876f-aa57-418b-bbc5-ee9a68eea0a1,DA3556EB-9FA,2024-03-15,4450.77,TED,80261354000129,False,APP
dc6be9e7-ee02-4d14-a519-5799f8eb5246,9B272835-D53,2024-12-07,7201.88,SAQUE,46208759000165,True,INTERNET
048fbfdb-2a63-4c74-899c-c5bd717ba973,3112BA40-37C,2023-10-04,16283.05,ESTORNO,58147093000161,False,APP
4feae923-b787-457e-a70b-0ac4530f1f28,EA4F0409-381,2024-12-06,17049.95,TED,09851674000174,False,INTERNET
3b3075d4-890d-4af9-b833-bfc5d9996a54,05DBBCFA-F80,2024-01-31,2652.48,TED,,False,AGENCIA
71c34e15-e047-4a62-b40b-fb09afd68fcb,146EACB9-67C,2023-07-26,15119.95,PAGAMENTO_BOLETO,51842936000109,False,APP
800a42bb-038f-4a2c-84ee-a071d6df4c4d,6A6E452F-04F,2024-01-22,10644.48,PIX,72498056000129,False,APP
ce43d6a5-2dcf-4f3e-b1f9-2eeede567bce,EE8F70CE-17B,2024-11-26,11041.33,PAGAMENTO_BOLETO,53146280000107,False,ATM
9c07d788-76e1-43d3-80b5-511f3b83585d,55EEB566-F4C,2024-12-14,14091.65,TED,65409238000110,False,ATM
7268bfa0-c8ed-42c3-9efe-4066920e4dc6,3B0422E7-A8F,2023-03-19,6769.42,COMPRA,49150837000106,False,ATM
30949159-502f-4aa1-9160-1a4d5d039bfe,8EEE1992-6DB,2023-06-04,11444.07,PIX,57631289000164,False,APP
aa766230-7eaf-42c1-a4da-3e5005ecb197,0F5BFD1F-3A7,2024-10-01,12600.84,SAQUE,39104568000198,False,ATM
f9b03985-aca1-4712-a48c-6a83c63c90a4,7A75C6A4-725,2023-11-21,13450.07,SAQUE,71045386000104,False,APP
7415a022-1f81-4c13-91f1-117341154994,5FF8C9EF-A2C,2023-06-13,1813.37,TED,05423678000109,False,APP
7f8034f3-083b-4238-a93c-1cce679e7c7a,57E329B0-2DC,2023-09-30,10779.86,TED,64291578000127,False,POS
a85261ef-8fa4-4e42-9750-53697fb01e55,546E609B-C22,2023-05-31,13039.14,TED,65814270000181,False,ATM
7ddca5c6-74bc-4f56-a346-453a9f415958,8F20775B-7C4,2023-10-04,13665.23,PIX,58240671000100,True,APP
04ad8821-503c-471f-83e3-ebc12c5bac5e,528D786B-9D9,2024-08-26,12062.6,SAQUE,84102567000169,False,APP
d4334f83-b1af-4695-89b3-7e5f67672088,6BF7B311-358,2024-04-02,20045.32,TED,08213457000196,False,POS
8405ff3c-d41c-4265-a827-a4caea4395bc,CBE4CDFF-95E,2024-03-18,4462.09,ESTORNO,74861350000189,False,INTERNET
cd39dc46-5aea-4d07-ac23-ec2f2c7bca58,11DD78E3-90E,2023-08-14,18921.66,ESTORNO,74265103000110,False,INTERNET
30d66f12-5c00-4c91-934f-851399e1570b,A4407358-A24,2023-08-02,11741.37,TED,64597038000176,False,APP
165750b0-ffd9-416e-94f4-e51a31387208,5616BA27-A5D,2024-02-03,3525.87,PIX,52307684000172,False,APP
855efc82-38a1-4f5e-9d49-ccdb3ec80411,A42FEAE6-A4D,2023-09-13,3858.75,COMPRA,54013687000129,True,AGENCIA
e4a86d51-1add-47bf-b9e9-358a0855a2e8,793C00B9-31F,2024-06-02,11446.68,PAGAMENTO_BOLETO,16930572000100,False,POS
4ddfe9d0-f2db-4f03-b9ce-ddfd34b5f408,65F02700-2FC,2023-08-28,2879.8,SAQUE,81904635000115,False,INTERNET
1e214a89-7bcb-457c-9c09-3aadc730f0db,07C93CA1-3B6,2024-02-02,8511.47,PIX,65718432000188,True,POS
73b533b4-ea49-47aa-833a-9d1d21ac4249,A1DE839C-A8F,2023-01-01,13491.99,TED,38042195000105,False,POS
b7fe0f45-0907-4636-b0a1-0b171f0df43b,A4407358-A24,2024-10-31,5322.62,PAGAMENTO_BOLETO,53069782000181,False,INTERNET
5d16de56-0d90-47d7-82ee-f8a931171708,BB347D67-ED6,2023-10-03,772.11,COMPRA,35926784000168,False,INTERNET
35c0a8f6-6868-4d43-96db-f4ee66d8cf6b,3FF3BF69-B2B,2024-02-20,20545.63,TED,10285637000125,False,INTERNET
60942b49-a847-46e8-9631-ba5679a04d80,51806654-A9A,2023-11-27,14708.29,PIX,71329864000108,False,POS
5b668f5e-2851-4cc2-abea-7ea90032a124,76B2B36C-816,2024-11-26,6675.29,PAGAMENTO_BOLETO,64105279000150,False,ATM
fdfe50b4-4368-4c06-927f-9a788337ec3f,E92720A6-90C,2024-03-27,21643.77,COMPRA,31902745000170,False,APP
ec1decad-eebe-4c50-b168-bb03480f9870,CA0882C3-15D,2023-01-26,10655.62,PIX,93620158000145,False,ATM
428b7643-cf01-4773-84dc-671b8bbd86e4,37D042F3-091,2023-10-12,2484.18,SAQUE,65371942000121,False,ATM
ea9f24cb-ad63-4d2e-8b5c-4d9209b0b086,88A9F6D0-A64,2023-02-22,786.12,TED,30859264000166,False,APP
4d91343d-a16e-4b44-96fa-feb743905748,219B700E-7A4,2024-11-07,18239.7,PIX,31076948000154,False,AGENCIA
e28788b5-d34d-4bef-9595-b5bbaebb2eb5,0B5F2C84-E62,2024-07-27,4925.59,PIX,67291580000194,False,ATM
9052c30a-a760-4c06-95b0-bae8fd6891b9,75C86A71-122,2024-12-20,5960.18,PIX,08915672000139,False,APP
cd3135e2-b2e0-4106-8e7e-f296cff9b508,0338DF3A-F72,2024-05-04,22663.77,ESTORNO,78926435000159,False,AGENCIA
e9e90d09-9f8c-46ea-8eac-74f9bec34ebf,03B70411-818,2023-11-29,20811.48,TED,85203146000197,False,POS
e52fbeb8-e14e-4097-b776-965e1034d33a,9D279566-E1A,2023-05-05,10929.01,PAGAMENTO_BOLETO,71628594000128,False,POS
bd1d9a4d-0f43-4c5c-a3e9-52cd490db2d8,C31C921A-968,2023-11-11,18111.24,COMPRA,65307819000141,False,ATM
abd47391-6f52-4ee8-9f14-d9c17e85bfd3,AACCEFAB-AA1,2023-08-28,12648.35,ESTORNO,53748902000177,False,APP
7d7dd4bc-698f-4427-b770-9db80cc178dd,97FDAD95-A9C,2024-09-10,18145.24,PAGAMENTO_BOLETO,76184529000174,False,INTERNET
5e9b34ad-42e3-4558-b1a3-12fc7bf56b55,FF7FBC12-858,2024-12-26,10457.49,TED,19238507000106,False,INTERNET
4e4a0b7a-2e07-464c-90ab-877722945e31,D7082733-EC2,2023-06-14,2055.32,SAQUE,01675249000160,False,INTERNET
5adebd39-6c7b-4df6-9c10-e2ee23cb93df,38D62C98-B42,2024-08-22,14406.68,PAGAMENTO_BOLETO,79586013000144,False,INTERNET
1924ac7b-d9cf-4011-96c9-0d011295aae1,04A1E508-594,2024-07-30,3068.14,COMPRA,60547318000119,True,APP
ea7d90d8-e97f-4dec-8fd6-975b8ae8d04d,57922564-3CD,2023-05-22,5291.73,ESTORNO,81203749000138,False,AGENCIA
1d3d6f0b-77b6-4d92-a9bb-a67649c826db,BB347D67-ED6,2024-06-07,17959.79,TED,73625480000150,False,AGENCIA
64ecee5c-4864-45c9-b6ed-84acc8bbc3e3,F3E193F3-059,2024-05-09,10498.61,COMPRA,70384591000123,False,AGENCIA
bc271d56-be43-49c0-8a1b-71852042da48,A58441DA-54D,2024-04-20,2762.91,ESTORNO,51340862000102,False,ATM
941d071a-45fe-4e52-9b9f-40d4bb2b6c31,34D64374-6C8,2023-11-20,178.15,PIX,35987406000194,False,INTERNET
284a4a68-a0c7-4861-846d-3b33234339cd,5367FD49-D59,2023-04-12,14418.89,PIX,36079541000102,False,AGENCIA
ed2fa769-b94e-4b5f-9a9f-4df94903b3f0,5367FD49-D59,2024-10-30,9265.52,PIX,64903712000101,False,ATM
d502af19-e617-4055-b670-a965e37c4461,0242103B-775,2024-02-14,18796.26,TED,54162839000155,False,ATM
d604adb1-e8f8-45ef-8813-dede9ae77abc,23F59E49-F89,2023-09-15,9622.59,PIX,06172954000168,False,APP
633571f6-05d5-4a65-9373-da45cda98633,738B42B8-05F,2023-05-09,14054.13,COMPRA,45067931000145,False,AGENCIA
9f5a2d85-4977-4167-95bc-89dd0fb1aa4f,A58441DA-54D,2023-05-24,21246.93,PAGAMENTO_BOLETO,68459702000171,False,AGENCIA
7dd2b159-4228-445c-89f1-2d246ebc3830,D57A19C5-4AB,2023-07-09,22011.77,COMPRA,30924751000165,False,APP
240dd332-f7d8-4638-a89f-ecbf1c0412a2,76B2B36C-816,2024-09-30,7189.02,PAGAMENTO_BOLETO,,False,POS
2456dee2-2938-423c-98c6-6f4fc7776de4,4B4FBDF4-BCD,2024-07-25,3360.29,PAGAMENTO_BOLETO,46091875000147,False,INTERNET
5c3bc362-48c1-4238-bbb1-2a0aa60d06dd,DDBFDB15-AFE,2023-11-03,11701.29,ESTORNO,,False,INTERNET
915115fd-d3af-4bf5-b0c5-57d30762ff4f,C8D81C66-FDF,2023-03-20,125.16,ESTORNO,07539841000110,False,AGENCIA
4f14b31d-da08-4b88-87c5-8e819eba37bc,C0803A87-332,2024-02-29,17309.0,PAGAMENTO_BOLETO,57842169000106,False,POS
d56ec06a-4c69-4e18-b04a-af73c70cc34f,ADFD97F2-EA7,2024-11-26,11686.13,SAQUE,38127065000175,False,ATM
3afcb2d1-9f19-4d66-99de-07f487083751,5FC18B36-F65,2023-10-10,19628.37,COMPRA,74536910000120,False,ATM
275684e8-0328-4704-830a-01a0549a55ab,4F7BE63D-3CB,2024-02-29,3493.61,PIX,04218379000161,False,APP
357808ec-46e7-4ae9-a583-26476810752a,AFB22303-3B8,2023-03-31,6144.98,TED,14960837000197,False,INTERNET
1d08ce24-ae5c-4b36-867d-d70e387e4fa7,4718E60E-068,2024-12-14,2225.42,SAQUE,32769548000197,False,INTERNET
20506826-745a-4d80-97a4-6d5cafefbf2a,6B77FE92-F02,2023-01-21,6046.5,COMPRA,29046157000130,False,APP
5b1465bd-ed73-46d0-8554-9015dab8353b,CA0882C3-15D,2024-06-04,20024.58,TED,30658194000188,False,ATM
ac1713d3-7445-47fd-9c4c-bf7200d64fca,CA8C3776-00B,2024-05-28,8842.01,PAGAMENTO_BOLETO,34895071000111,False,POS
f1c925cd-0c5e-41af-b4d2-fea77ae0c13b,8C50AC59-006,2024-01-16,12454.57,SAQUE,87231504000109,False,AGENCIA
48076667-6962-4dd4-a53e-3ae28e734a92,B074432D-13F,2024-02-07,3838.26,COMPRA,83659027000118,False,AGENCIA
f31653c9-b3ca-481c-a71b-1d57d6651e34,9917CE6D-711,2024-09-15,4822.64,PIX,81207465000110,False,AGENCIA
f2b3f592-f3a3-492d-bf7e-676a4917a76c,45908E7E-B6E,2024-06-19,11371.39,SAQUE,37596410000157,False,ATM
2f1dd133-9df3-4715-afb0-8477d7999490,1ACA01CF-632,2024-07-13,23941.21,SAQUE,74016935000100,False,ATM
a18c479c-e7a9-47dd-aa86-0d7ac491db0e,2A85F43E-231,2023-04-02,17815.91,ESTORNO,57413082000113,False,AGENCIA
b46269b3-d1f2-402b-b0e1-9f9ac2b66416,CBE4CDFF-95E,2024-03-10,24222.03,PAGAMENTO_BOLETO,53416297000137,False,INTERNET
804c384a-96c6-411f-88a6-3796bdd648bc,18F1EF31-2EA,2023-07-28,16426.77,PAGAMENTO_BOLETO,50789164000118,False,POS
8b8bd112-6648-4f89-8dab-dbda08f74296,4912A64A-776,2024-07-04,8886.0,PIX,53291687000128,False,APP
f88577d5-8a37-4a86-ad64-3455b0567961,C0F3AB94-CD5,2024-06-30,11600.19,SAQUE,10532746000108,False,ATM
a005b879-52c1-456d-8703-27a2044e1427,EA4F0409-381,2024-12-10,22599.09,COMPRA,81579032000195,False,POS
fc198aa5-7885-488a-a211-258099724ff4,658124DD-565,2024-03-18,24829.66,SAQUE,54390271000120,False,ATM
e2064675-bd97-491a-8373-dc20718e7346,2ADD4393-5A3,2023-11-10,23356.89,ESTORNO,27415380000181,False,INTERNET
210e24d7-b9b9-48ff-aa32-24a3faa471ef,E5156096-91B,2024-02-07,14798.39,ESTORNO,94718526000155,False,AGENCIA
81de7116-9cf0-4360-87f0-4b12f928307f,7CC2EBF2-FD3,2024-06-21,3436.0,TED,56704193000116,False,ATM
5684e550-a63a-4ee7-9452-0df2908652a4,31C774AF-5E2,2024-04-13,24152.59,SAQUE,81324907000108,False,POS
f2df534f-e688-4263-b809-55076f2db983,CE1EB707-510,2024-09-12,18172.56,COMPRA,13075624000110,False,APP
535b4c9a-266c-49c1-a8ce-3f4c831644e8,507DE0B3-C8E,2024-05-21,3279.21,COMPRA,74085362000169,False,APP
ecb5b3ec-8f50-49e2-a235-e122c2fd8f3b,3BE9521C-BEE,2024-09-27,16992.36,TED,,False,INTERNET
ce903d3d-bb7d-462d-8d8a-f15824dfe8c6,8798E45C-EC3,2023-07-12,20917.35,PAGAMENTO_BOLETO,92173650000157,False,ATM
27502157-8d0e-43be-8e91-acb2a9b96690,E378B378-3FE,2023-05-12,3972.4,COMPRA,43762098000127,False,AGENCIA
8090d018-b19b-4f8b-8fc2-3a59b9bc92e7,4524AB53-1F4,2024-08-08,15924.09,COMPRA,14798650000139,False,AGENCIA
4f7fa089-2781-4966-8013-c699bc3606fa,4BFDE91B-22D,2024-01-27,18275.65,SAQUE,79681045000129,False,AGENCIA
574cc47f-c109-436c-936f-9c61de7a0088,C279329B-FEE,2023-07-07,10427.69,SAQUE,21438076000173,True,ATM
b9778b54-3c3b-43c1-824c-bf2c3b1555aa,5DA8DF02-F9C,2024-02-22,8415.54,SAQUE,96215437000111,False,INTERNET
a4da0f32-7543-4239-a408-67bcd8de3fa2,439662C8-A28,2024-11-25,15041.24,TED,52698034000103,True,INTERNET
6fd6a48a-56a4-4d2a-9b31-2e71c5735103,507DE0B3-C8E,2023-05-15,7199.79,PIX,56804712000118,False,INTERNET
d6c9248d-622d-4275-a581-5b58db86b31f,7A115044-E7E,2023-04-04,16840.41,TED,72450986000102,True,APP
12b1c3be-5431-4c03-807b-bcbf1e86c012,7A115044-E7E,2023-11-18,16080.66,TED,71083962000108,False,POS
6036bae8-ec3c-4dd8-a830-d0157ee7656f,96DF87A5-7F5,2023-10-18,18918.3,COMPRA,,False,INTERNET
dc583083-d7fb-4514-9656-c7078ac360be,E92C543B-BF7,2023-10-17,1533.62,PAGAMENTO_BOLETO,50379628000118,False,AGENCIA
05ecaa66-1520-4be9-b1c7-8df402055adb,308BDC26-175,2023-10-14,1233.18,TED,82491375000166,True,POS
465cacc0-3667-4b15-9674-9fc0bbd405bd,48C834D9-BF5,2023-09-10,5310.14,SAQUE,,False,POS
2c34a9bd-0e59-436d-8c0a-474719eb7546,BEABB55D-772,2024-08-01,15991.82,PAGAMENTO_BOLETO,25679103000150,False,APP
58b86163-0b91-4005-b982-49afe34fd323,76B2B36C-816,2023-10-04,3494.14,COMPRA,54879261000152,False,INTERNET
54727950-e139-40b8-81ad-3eb0c5d42a29,4F28D99A-839,2024-09-26,2152.35,COMPRA,56481739000117,False,APP
855b0f96-b3b7-4077-914f-491b1337ddd2,89B2491E-E7A,2023-06-28,16732.36,SAQUE,05293671000101,False,INTERNET
5a58379b-a506-4680-98e2-1d507747a636,7F4DB55A-F30,2023-05-13,23467.66,PIX,38760942000140,False,INTERNET
7271c755-cfee-40e5-b84d-bbb4b05b422f,A0CC7440-D51,2023-12-30,12238.74,TED,35872946000122,False,ATM
a18f00ea-3fa2-4f7a-9aed-cd1a7a457a4a,CA8C3776-00B,2023-05-11,1623.19,PIX,73890625000140,False,INTERNET
5f998a80-619a-4873-8f4c-d9ea6f223c2d,20977FAE-684,2023-11-14,8439.82,PAGAMENTO_BOLETO,10356948000138,False,AGENCIA
abfed708-715f-4baa-af43-a76204de3c51,36303E0A-1B9,2023-04-10,11704.62,SAQUE,57923816000104,False,ATM
efcf46e4-df0b-44d1-a565-3491e97156fa,F53EC8C9-042,2023-12-14,10700.63,ESTORNO,86725190000120,False,INTERNET
082bc3be-b01f-4767-82cf-ecdc1e786eb1,AEF073B0-AEE,2024-08-13,19966.23,ESTORNO,73820149000190,False,POS
e19d2b80-4300-4c3c-9cb6-5a30d5750617,9557F59A-142,2024-04-18,6657.5,ESTORNO,54728603000133,False,INTERNET
e6a59a01-3044-412c-852f-43ed6aa2da46,2AE67F9E-ED5,2023-12-21,24043.05,COMPRA,19064578000130,False,APP
0d575db3-b3f9-48f9-9994-1b08b8bde9b4,2C89C1DE-1A7,2023-09-18,5193.54,SAQUE,67298013000160,False,POS
5c1f464f-4dc7-4e0a-a628-f2537311c564,1B0AA978-35F,2023-06-11,1264.9,PIX,51042873000106,False,POS
befac107-f6a7-45f4-9bf3-13b812c401f8,77D1C6FE-876,2024-10-21,24310.86,TED,54862973000169,False,AGENCIA
a0b68fc0-a3a8-48b0-8a1f-d5a23747b061,93A055BD-B4A,2024-04-29,20309.19,SAQUE,35276841000100,False,POS
705e15bc-55bb-4be3-9059-f8681925482a,AACCEFAB-AA1,2023-05-15,1748.16,PAGAMENTO_BOLETO,50823679000197,False,APP
72f0227e-25bb-427d-a5f7-7dbb4c7f833f,E5156096-91B,2023-04-25,5527.35,ESTORNO,21359768000126,False,INTERNET
aecf7c63-bd8e-4870-abed-cf097a294e53,1F24789D-4C1,2023-12-21,24659.95,PAGAMENTO_BOLETO,40813672000130,False,AGENCIA
4b8e1b4d-cf7a-4c7e-b934-10dde749ea3b,E378B378-3FE,2024-11-14,7877.48,COMPRA,10953768000133,False,INTERNET
f0f2bf5c-7829-4682-844c-c2efc657119f,EE6D2BA3-B6F,2023-04-02,2108.27,PIX,59827430000124,False,INTERNET
8425f771-0cb7-48dc-bbe7-d6cdff689b5a,219B700E-7A4,2023-02-04,24575.63,ESTORNO,96243780000170,False,AGENCIA
9e848b97-d805-4e86-b27c-55aa4237cf46,6BF3EDFA-30C,2023-02-16,14951.6,COMPRA,,False,AGENCIA
9beaa235-70ad-46e9-b270-c90dcf71363e,29BEE3F2-B6D,2023-09-15,4740.96,SAQUE,10893465000172,False,AGENCIA
e6cd9093-c143-488a-bbf0-b30334a368b0,89B05EAE-D90,2023-06-14,6275.63,ESTORNO,12043869000100,False,ATM
5651dea2-1a11-4c57-a163-9047ba648be3,48C834D9-BF5,2023-09-16,14706.6,SAQUE,69572043000148,False,APP
db55c89b-ca04-424a-bfd6-fc3a335b6b1d,35766F7C-297,2024-04-19,15789.07,ESTORNO,37164908000140,False,ATM
8dc6bde0-d777-4dce-97bc-e5a25e08ca76,5798FBD8-F1E,2024-05-27,9950.24,SAQUE,37695482000151,False,ATM
700960ed-ec6f-4ea7-8343-ee6cd3e92611,8B8AC6E3-353,2024-10-04,12716.05,PAGAMENTO_BOLETO,17869245000152,False,ATM
d097ccd9-0070-49d3-b16c-7b861898ddac,233320B6-644,2023-11-24,23043.64,ESTORNO,10497286000116,False,APP
4012a8ba-7881-4f19-a5e4-bd86a20e529c,06AF2651-80D,2023-08-12,15040.22,SAQUE,06879231000101,False,AGENCIA
2efc2e1f-4a0e-4744-baed-3082d0bf8ddf,9F541B3D-2BE,2023-01-15,5452.36,COMPRA,54176892000105,False,APP
8c210ead-5a41-4362-87ef-1080aed48218,3B0422E7-A8F,2023-08-05,16640.54,ESTORNO,50428397000195,False,AGENCIA
93bb4d99-3105-4d71-8892-6eb65ed3c20c,A577D70F-D33,2024-03-10,12862.7,ESTORNO,96820173000125,False,ATM
7fa92ef8-747d-4d23-8e5f-f6ec578a0c72,5F542E7D-47E,2023-10-18,22117.89,PIX,,False,ATM
e33e8cb1-4b86-42f4-98b7-72fad7215beb,20217DA6-A62,2023-06-19,3016.21,PAGAMENTO_BOLETO,01637285000139,False,ATM
4a37a6b9-a137-4c93-820a-a466246e27e8,5FA92D7D-C05,2023-09-05,16356.08,TED,10273689000181,False,ATM
ea50f7f1-28e3-49c6-985b-721ac81ca2e2,53CE6CE6-88D,2023-08-14,15943.6,SAQUE,,False,ATM
488d3fa0-10bf-48d3-ab4f-70c80980056c,285DFD16-5DD,2024-11-17,8843.65,PIX,86093427000105,False,POS
983367c3-3623-4ad3-9e15-b78fa8c6884c,C355B081-9CA,2023-03-08,7127.21,TED,65803714000183,False,ATM
a4110b02-7056-487c-b0ef-b5bce47808e3,546DE253-757,2023-12-07,18371.57,COMPRA,05823497000161,False,ATM
be751d71-4df5-4683-bccf-c8383ef8874a,E336FE15-195,2023-03-11,5101.52,PAGAMENTO_BOLETO,64278913000157,False,ATM
a08f097c-e433-4a11-a844-7b89209f5b49,E5765578-EEB,2024-11-21,9897.99,PIX,38079652000136,False,POS
7544e1d7-d0dc-480e-868a-f12e26569268,29479681-0CE,2024-08-16,9024.23,PIX,19857642000130,False,ATM
0c93e2f4-4f4f-4425-995f-76df23f1a63b,8EEE1992-6DB,2024-10-17,316.66,SAQUE,31509687000119,False,ATM
29dc4a60-9644-4d8b-9ef0-4fbf55a99a1a,1E770BBB-B8E,2023-06-07,18599.27,SAQUE,91687430000189,False,ATM
95bf6e82-233c-4c8e-bbff-7be10ae0e24b,E8DE9626-1FF,2024-06-12,18419.48,TED,18543729000170,False,APP
a30b1eeb-3df1-4a19-b9e5-a2fdbab35271,CC8C650E-86B,2023-06-13,219.11,SAQUE,81934562000104,False,INTERNET
81897484-c531-4c8c-be61-1cf7edafd756,EA44F393-CD9,2023-09-29,8152.7,TED,40167389000189,False,POS
cc178618-9a94-4247-a5af-ab68b0b8b20d,8B8AC6E3-353,2023-07-22,15847.99,PIX,64328179000193,False,INTERNET
299469ab-9470-4f38-b542-a67eff694a7f,1A2700EA-540,2024-02-28,12117.6,COMPRA,29735810000178,False,AGENCIA
2d016474-f1e9-4bf9-b98e-b3612dfd9ef5,0242103B-775,2024-03-15,3599.33,TED,27518496000146,False,INTERNET
bba753c7-1907-4042-9e35-77e7e1c884e4,29AA7C55-D27,2024-04-28,15471.26,COMPRA,26853904000153,False,INTERNET
12546876-ad85-41ef-b857-4752bee0440f,C0F3AB94-CD5,2023-06-08,19752.2,SAQUE,61457089000104,False,INTERNET
4055b895-9821-402a-be91-cd608d763c60,5AF5C7FF-F97,2024-09-26,3047.81,SAQUE,65730894000110,False,INTERNET
92a9a254-5fa6-4c2c-946c-d6ce57c4ffe3,BEBFA072-ED0,2024-11-18,7785.96,SAQUE,35870249000132,False,INTERNET
b8271ff1-0873-4639-9e36-4fa4311c2446,0AF2239C-A32,2024-01-14,15184.48,COMPRA,56891703000101,False,AGENCIA
6dcebb46-83c5-4dba-83a5-b10af7a6098b,311FD181-566,2023-05-17,14194.79,PAGAMENTO_BOLETO,09528473000130,False,ATM
b64a2e5f-4fe1-43f8-ac10-e4c645b1a85f,909F21B7-78E,2024-11-24,20131.81,ESTORNO,,False,AGENCIA
ff6fe4ab-407b-46b6-a490-15d1403a3583,3112BA40-37C,2023-02-25,4954.62,PAGAMENTO_BOLETO,,False,INTERNET
a96b0471-b97f-4be9-b599-ec3cb10762a7,DA3556EB-9FA,2024-11-03,16481.28,TED,,False,ATM
5e3a4fc6-b67f-4f1e-b9a1-62bc3262e458,C69A6927-B72,2024-09-30,11448.5,COMPRA,60715834000105,False,ATM
d2c616d5-7902-42d8-952c-88fc833cf109,3CC187E4-44E,2023-11-15,12645.24,TED,37820691000180,False,ATM
5082dae1-ba92-468d-8b2d-af10bccc2043,7ECE19DE-AC0,2023-11-13,9433.08,ESTORNO,01597486000150,False,ATM
d44e7ca3-63c8-4ac3-b8e6-0fd6c857b78f,7A75C6A4-725,2023-01-05,23232.23,ESTORNO,42853106000188,False,AGENCIA
7679f01e-25ee-4aad-8515-4e23a53b4774,0D1D3193-CCF,2024-02-23,5260.22,PAGAMENTO_BOLETO,51962847000198,False,AGENCIA
51136f63-771a-43c0-9b73-56bdb61c7086,B4EDBCD0-ED4,2023-01-17,22635.69,PAGAMENTO_BOLETO,96320841000155,False,POS
5fb76b71-4662-4faf-92ab-1eb353675b19,8230699D-16B,2024-10-10,4520.42,PIX,03792516000104,False,ATM
8c4dc1d4-7d08-405b-9d21-a44ba2834741,EA5734EE-BA6,2024-01-22,19819.23,PIX,85407169000113,False,INTERNET
a3a65378-65a6-4ec5-9dca-a1dff73fcc05,D59977E4-03E,2023-05-27,5269.06,TED,23016574000153,False,INTERNET
f1fe53c1-b082-41e7-98da-9f4e05e20885,C8D81C66-FDF,2024-10-09,12196.81,TED,62418350000120,False,ATM
0a7092f8-56cc-4715-8325-5a08d239e076,938851C2-6B0,2024-09-12,23045.42,ESTORNO,41830576000163,False,APP
2b662cc5-b4f3-4db6-88a8-1d290ebded83,77D1C6FE-876,2023-10-04,18191.8,PIX,95860132000108,False,INTERNET
b4840e7f-01eb-4e87-b46e-7fa1541ae3f3,5B92290F-E34,2023-09-15,6334.0,PIX,49068251000105,False,APP
bb0eb8e0-f73e-43cb-abeb-cba2b6649294,8E42EDA2-06B,2023-04-13,1150.75,TED,,False,ATM
28e3fdd8-bc83-4719-88eb-7b60b1bfb9db,CA8C3776-00B,2023-02-19,2174.72,PIX,18032654000162,False,ATM
db876bed-bfbf-490d-a337-42ddfbe5f450,0797B716-742,2024-07-16,4221.41,PIX,65312479000147,False,POS
15f2f0c8-553b-43da-ab52-5f60d166fe58,00559CD9-BD5,2024-04-27,17385.38,PAGAMENTO_BOLETO,05738216000172,False,AGENCIA
b2a1758b-d0ac-48c2-b5f6-b16417dbe05d,929EE52D-1FF,2024-09-10,24296.63,TED,73859642000114,False,INTERNET
29c2fabe-894f-4b89-ad8b-97712b0ad6e5,1B87EAB7-241,2024-10-27,17005.0,ESTORNO,21908356000106,False,AGENCIA
3075368a-9a6b-4f89-9875-f6404fdd9dd4,5AF5C7FF-F97,2024-03-13,2085.99,PAGAMENTO_BOLETO,90156387000162,False,ATM
02d788cb-fe8c-4bab-b8eb-e8d06a1f7cd1,A577D70F-D33,2023-08-24,20000.35,ESTORNO,50271984000113,False,APP
2cfb2edf-e1e7-4c6c-a2ae-121fed92186a,6C7A6B3F-11A,2024-07-07,21252.58,SAQUE,04359781000166,False,INTERNET
31871521-3c31-4c53-a014-39d67afa0419,89825855-0EA,2024-07-11,21720.87,SAQUE,42983756000148,False,APP
8d3dc652-d1e9-410e-b373-4050a3784aee,4BFDE91B-22D,2023-07-15,9876.96,TED,83295140000161,False,POS
2e11aa70-b910-413d-b760-4156f133bcb5,691D59B3-7FE,2023-05-19,1704.32,ESTORNO,07568243000170,False,INTERNET
b8aa7bc2-59bf-4fbf-a98f-312470fa0772,36836E28-7AF,2024-05-20,12349.75,PAGAMENTO_BOLETO,59061832000160,False,INTERNET
e21f8f98-7484-4211-9288-4a39abeeb327,285ED2B8-FBC,2024-09-16,15791.5,PAGAMENTO_BOLETO,,False,APP
12eba350-3991-40a8-845d-9258b5e5cce2,A1DE839C-A8F,2023-06-11,19397.73,SAQUE,76253081000101,False,APP
1be28adc-6d23-4c16-aa21-cf3116873843,B4EDBCD0-ED4,2023-08-09,1920.86,COMPRA,05941273000154,False,AGENCIA
5e781c9e-3abf-497f-bc8b-ac22e14e0cfe,556C7FF2-FC8,2023-01-07,4510.74,ESTORNO,67109382000167,False,POS
3121e9a2-0f5b-46ab-a970-a4dd1e48b45c,7E99BF69-BFE,2023-06-05,2486.51,SAQUE,42837106000194,False,INTERNET
33723019-513a-443d-b899-5fb6380ba2e9,15C9FCA9-FF7,2024-02-09,6060.28,ESTORNO,74196582000160,False,INTERNET
2f381118-6615-49d4-9beb-5580ceaebdc1,A567601A-AD2,2023-10-26,16972.71,COMPRA,72461385000103,False,INTERNET
3cdfda74-a988-4fec-a660-c78c6a5d089a,E312D44E-3D8,2024-05-11,1990.12,COMPRA,,False,APP
51d14abe-b375-4a98-a8e3-4411df1c69ee,637DE688-A83,2024-03-12,13732.28,PIX,32574180000101,False,APP
71af4b51-6555-49fc-8d25-ec42a4c9fdf6,2ADD4393-5A3,2023-12-23,4574.54,PAGAMENTO_BOLETO,43905278000110,True,INTERNET
6b410b2c-8915-426d-8d61-0dddffa1d47d,C0657C28-173,2024-04-12,2443.43,PIX,74316850000130,False,ATM
c52d6be4-cb1f-4898-80ec-d9259783e0a6,5A8E63A3-C3A,2024-12-15,22601.36,ESTORNO,41736290000113,True,APP
fe447daf-84a6-42b2-9852-bed16d85bc94,006ECDDA-42E,2024-11-02,17257.0,PAGAMENTO_BOLETO,10459386000158,False,APP
ea3b12b6-f754-4680-9395-925730721794,26671A0D-B1C,2024-01-21,23780.51,TED,96081435000187,False,INTERNET
0f0f3af0-86ed-46e0-a906-92d07bb86dd9,1E076B7E-629,2023-06-28,20520.99,TED,32147095000167,False,POS
f2832bb1-2aaa-476b-b08b-2680446d041b,0D5C1679-51B,2023-08-12,5962.59,PAGAMENTO_BOLETO,78193206000172,False,ATM
5bfc15d8-c577-47b8-9c84-9004af1678a4,AD6622BF-260,2023-03-16,2844.64,TED,92046718000137,False,ATM
2b274cab-50ba-4fde-9756-7296187cbe73,D5F20AA9-918,2024-09-25,7612.17,COMPRA,82793561000150,False,APP
bd7637ad-963b-42ec-9798-896c0f9773ad,C31C921A-968,2024-12-07,22447.88,PAGAMENTO_BOLETO,85460317000163,False,INTERNET
61caef58-003e-4eb7-bdf9-bbe9bb5984ad,E92720A6-90C,2024-06-29,12066.59,SAQUE,51403697000182,False,AGENCIA
d216d9b9-76de-4636-9610-91f8a4015658,2C3A8435-570,2024-09-30,1332.14,SAQUE,89250317000190,False,POS
4e53a8f7-3004-487a-bae3-50a6ed7aabfd,65F02700-2FC,2024-07-12,243.24,ESTORNO,62917843000104,False,POS
bd86eb94-4cde-47a7-b0d0-a8a8d6cdc1ea,236EF649-782,2023-07-03,16038.35,SAQUE,07543219000186,False,ATM
4b893f48-597e-4ddb-aeea-97e01719a734,012936C9-0B1,2023-01-13,16652.14,COMPRA,57031298000114,False,POS
bddb2261-27b1-4b03-b4fa-6c7f081a05e1,6BF7B311-358,2023-08-08,21761.06,SAQUE,70483291000100,False,APP
0809bec3-c94d-4252-b70a-9dc8e365ae9b,89B2491E-E7A,2023-05-23,13660.29,ESTORNO,25083167000194,False,AGENCIA
280e1c1b-ecbd-4b46-9cac-d97147dbcf93,26671A0D-B1C,2024-04-06,4673.78,PIX,37908516000149,False,INTERNET
567a600b-35b7-4735-83a8-19a21f9c95be,790D77CE-DBE,2023-02-13,16389.03,SAQUE,87430295000114,False,APP
d0db15fc-2d3d-47ba-8e21-7f1e7c4e1918,2499B0E5-DE4,2024-04-23,2469.56,PAGAMENTO_BOLETO,28540913000110,False,AGENCIA
37a87bc9-cce1-45b5-847a-337773ea5fe6,C051EB60-892,2023-08-09,4141.86,SAQUE,75314980000104,False,ATM
ed51803b-0789-4965-a2c9-b7663c8c6d3e,504B56C9-75C,2023-04-14,16991.31,ESTORNO,43819502000151,False,ATM
054f71fa-7207-483c-add9-97f9309d44a8,0846E910-845,2023-04-24,11149.18,COMPRA,35281907000150,False,ATM
c7640e94-78e4-4ccf-b10b-95e2f60c0c50,CBBD0E4C-247,2024-07-03,19866.95,PIX,,False,POS
8866712f-6058-455e-a8b2-8747658f1637,DBEA8F18-1FB,2023-11-24,177.97,COMPRA,97285460000145,False,POS
db5b667f-df09-4be8-a053-4bf1a320b52a,556C7FF2-FC8,2023-09-20,9925.33,SAQUE,90257684000102,False,INTERNET
34c583ab-82f1-4026-affa-25987cce6eae,CA865364-8EF,2023-06-24,19493.17,SAQUE,49702381000140,False,POS
9f476106-ab3f-4dea-a3ba-26a43c6a8ccc,9917CE6D-711,2024-05-09,7472.71,ESTORNO,46293805000171,False,AGENCIA
08f18031-bbb8-4922-85cc-8815deadb0ec,97FDAD95-A9C,2023-01-24,5219.08,TED,78540136000181,False,APP
27f783d9-b95a-4400-bd7c-2bdfe49ccb31,7A7B9B5D-252,2023-07-22,9026.31,COMPRA,04956827000124,False,AGENCIA
ee16231c-f809-46a2-9f78-fdb1a373f02a,7673EA28-DD8,2023-03-04,19482.99,ESTORNO,96320458000105,False,ATM
e555a0f2-e1ca-4eaa-9ed8-2881116bfb83,5374F3F0-0EA,2023-11-24,8059.81,COMPRA,97480521000125,False,POS
a3779587-8461-4d48-904a-8fc95b712a09,EEA42A8D-8B7,2024-07-14,7998.77,TED,76083529000188,False,ATM
1378eaa5-cbb8-4daa-a5d4-a169869662f3,7A75C6A4-725,2023-08-27,11165.35,PIX,65819072000100,False,ATM
4dac9057-ef09-4315-83a7-775e4c703d6e,A58441DA-54D,2024-05-18,11302.93,COMPRA,13568720000108,False,POS
1cdf5676-eaee-41d9-8e80-8b981ad80e0a,79F810EC-B1E,2023-08-21,16376.79,COMPRA,82501497000196,False,ATM
400fde8e-8c24-498a-a558-7b605a85f939,A9FB5ADD-217,2023-10-29,6816.13,COMPRA,,False,POS
fc976fb1-7b1f-4f75-ac6f-f692259958c9,FAF2CD44-6BD,2023-12-02,5808.47,ESTORNO,24958073000159,False,APP
a092c4a5-a390-4b4e-b489-9af3da79a463,12238E6A-C08,2023-06-17,12439.52,PIX,,False,POS
b399e1a3-2b40-4fdd-bd0d-d8c1bf03652d,A577D70F-D33,2023-09-06,24547.55,ESTORNO,23608547000170,False,INTERNET
236f8a47-5d05-4e1b-8e74-906fc0e85628,E284C7C2-092,2023-05-01,14118.35,ESTORNO,57692418000124,False,INTERNET
f37359a5-bb52-4463-8520-c1a8e38f14bd,CBBD0E4C-247,2024-01-05,3262.21,COMPRA,,False,INTERNET
743f8178-92a6-4a2d-b2b7-85400e2d2647,6C0F83D3-984,2023-07-17,1581.68,TED,58134270000175,True,INTERNET
bff88606-00e3-477a-98c4-68dba2584aac,4017D0E3-823,2024-06-30,21246.02,COMPRA,15983647000158,False,POS
d961cdb2-4b79-417b-af8a-fb4311fb5518,DA3556EB-9FA,2024-01-08,14914.05,COMPRA,60813724000186,False,APP
f7754485-8eae-4345-af4e-ae1b9f6ff936,699338A2-166,2023-03-07,10031.64,COMPRA,93802465000147,False,AGENCIA
cc01d717-fc5e-4938-ab4c-c9252afba1c5,D3532524-F43,2024-05-01,21396.74,COMPRA,23475061000100,False,ATM
b2dd583e-243e-4ae0-a206-1eee26de1afd,41BED45F-D69,2024-02-07,1227.02,TED,,False,ATM
9c8732a7-1a98-4943-9735-8fa04ce8f914,4276B25B-A06,2024-06-06,14169.16,PAGAMENTO_BOLETO,,False,INTERNET
5a7f8f68-49ea-49ac-ae7b-45203df81982,672EBAA9-8E9,2023-04-02,15769.44,SAQUE,01538269000199,False,AGENCIA
32297a48-40df-49ce-b4a6-90e9cf9e6f30,C34ECFC8-D9D,2024-04-03,20736.73,ESTORNO,34681057000115,False,APP
429a5b92-5aa6-45eb-9196-d01c2afe3e0a,A008CFDF-174,2023-11-01,7698.68,PAGAMENTO_BOLETO,,False,INTERNET
85482c4a-d585-45d0-9e21-128fd3019c0a,3B913D4E-396,2024-11-04,13560.9,PAGAMENTO_BOLETO,,False,APP
76e0744b-ad54-4af2-9732-7a3bf22bc275,8E42EDA2-06B,2023-04-13,22847.98,TED,50264318000158,False,AGENCIA
06fd81ea-ee88-47cf-8603-b5bde5e7aaed,65F02700-2FC,2024-05-26,17467.98,ESTORNO,48516209000139,False,ATM
abd2d40f-70d8-411d-b5b5-d48692dbbe50,713C8530-565,2023-03-14,10403.2,PAGAMENTO_BOLETO,12396854000118,False,INTERNET
5ab35d73-501f-4258-b978-e9e0bf340aa3,5367FD49-D59,2024-02-13,6700.46,ESTORNO,83420651000168,True,ATM
c7a6ed86-cc4f-41b4-8604-b5486947a4c7,4BFDE91B-22D,2023-06-06,976.7,COMPRA,24795863000160,False,AGENCIA
c08dcb02-d137-4b43-a193-90ca2ad30115,3112BA40-37C,2024-05-09,8278.66,PIX,49253601000103,False,APP
2eca736b-1241-4aa6-b484-d15c22f121e4,006ECDDA-42E,2023-06-06,3224.71,ESTORNO,16528390000107,False,APP
2f93e542-79a9-4a9b-ba77-d469a3f55b6b,89825855-0EA,2023-12-25,6290.69,SAQUE,25384079000122,False,POS
d53684cc-8e21-4c89-a07a-c4b7cc2a1865,DFCE968F-DC0,2024-03-26,21849.58,PIX,07543162000115,False,AGENCIA
4258e49f-d10c-45ff-8ba4-0347e8e6011f,9EABD0F1-1A2,2023-06-02,21551.15,COMPRA,32967058000103,False,AGENCIA
2d417737-881b-40a2-90a1-dd07aafb2b8e,5367FD49-D59,2024-10-21,15903.32,ESTORNO,78106243000104,False,AGENCIA
2ff5f295-5478-48fc-8f02-2b28ff10cb25,6AA8E43E-7C9,2024-07-22,13104.07,PIX,78514932000140,False,AGENCIA
d887dc45-2fb9-4fcd-93b1-751d5158896b,439662C8-A28,2024-05-25,17719.28,SAQUE,69512380000140,False,INTERNET
602db460-4122-4b9f-bf1d-a80adb0f6e9c,EE280395-C68,2023-07-14,15485.55,SAQUE,02931745000108,False,AGENCIA
00aa8706-0d8d-40a1-960b-484179612898,146EACB9-67C,2024-12-01,17515.13,ESTORNO,64952810000120,True,AGENCIA
69a01f43-7887-4417-a373-2c00346b4394,D67D9A88-C34,2024-09-19,751.78,SAQUE,06584192000107,False,ATM
59670562-8615-4062-85d0-7ef307730934,34D64374-6C8,2023-07-20,16649.96,ESTORNO,47905138000101,False,POS
13d7eb1c-15d0-475d-88a9-3a1bcf3bdb11,A890B3C1-30D,2024-01-29,7709.41,TED,09341728000151,False,AGENCIA
aca93b29-e13b-4a5b-b2f8-3215a6f0431b,EE8F70CE-17B,2024-04-10,3384.18,SAQUE,62378940000176,False,INTERNET
ec859c6d-4622-46ed-991b-2e22be499d71,84034CDC-913,2024-02-07,7978.4,ESTORNO,61908573000102,False,INTERNET
5fb6522c-c6d1-458e-8adc-3d43db28c7e3,B6858EBD-E23,2024-07-20,15070.86,ESTORNO,31298065000199,False,ATM
8fd9c5d8-449b-4346-b82b-bc8a8b50a89c,F3C371CA-0C8,2023-06-09,10132.42,PIX,03478259000130,False,INTERNET
e92bb50c-0594-4cd8-866b-d4d21daee758,250D0F1E-5F5,2023-11-16,20761.15,COMPRA,47602938000145,False,INTERNET
d2c7c55f-506d-4b2c-84db-71b250b9ae32,12238E6A-C08,2023-04-17,1414.44,PIX,19054238000128,False,INTERNET
740b5342-07bf-42b5-8c79-6bf2891a087e,58640546-C28,2023-03-02,6755.34,COMPRA,07835912000122,False,INTERNET
e7b47e65-6ca8-417c-8ec4-d51f2a0cde23,E92C543B-BF7,2024-02-12,2298.02,ESTORNO,68703519000170,False,AGENCIA
6788c961-6607-41c6-ade9-6f2407a222a8,9AB96346-B5B,2024-03-01,4427.55,SAQUE,25801367000135,False,POS
b1f9547f-110d-45c1-877c-8bacae26c397,A58441DA-54D,2023-07-06,13915.78,SAQUE,18345270000108,False,ATM
eacb0a41-a118-40a1-a84d-9d2e1ec3d3d2,B9D30B5C-4C4,2023-10-10,805.31,TED,68320741000193,False,APP
7085a49f-b739-4607-bdee-01647854d5f6,0338DF3A-F72,2024-10-30,18505.3,TED,65903417000100,False,AGENCIA
9c1b84a7-3ec4-4a57-b078-fa65a169193f,8026763A-38A,2023-03-28,23350.48,COMPRA,36087245000145,False,AGENCIA
fbfc198b-444e-4106-beca-3f583a9d83b4,EEA42A8D-8B7,2024-08-12,6629.55,TED,,False,POS
0fcb9373-2481-48f3-8a08-4c2fe723e9cc,0216632D-A04,2024-10-18,8312.25,TED,21743089000156,False,APP
dbaf4154-33c1-4c83-beaa-479290e8fc43,29479681-0CE,2024-06-28,15794.96,ESTORNO,37841605000115,False,AGENCIA
3e315046-2f56-49f8-8415-0740ef3a4e79,F003001B-1D9,2024-06-01,9465.07,COMPRA,28605493000102,False,APP
1999cecd-a68d-47d3-8fa8-bfaff635777d,76717AEE-F5C,2023-04-24,4036.76,COMPRA,42579061000103,False,ATM
350ca0cf-3c4b-499a-a6eb-e7ebd810b476,4F28D99A-839,2024-05-17,6828.86,ESTORNO,45081739000103,False,AGENCIA
ad5b2ba1-f304-4b35-813a-f4f543d8032d,250D0F1E-5F5,2023-10-23,16516.2,SAQUE,26943718000105,False,POS
3ec415d0-dc17-433d-a012-de4268ea61b9,53C02BFE-5EA,2023-06-27,24767.44,TED,53614729000114,False,INTERNET
4312c0c3-f0e9-4027-9718-265674e693c0,FC8D400B-C4F,2024-10-29,8081.23,PAGAMENTO_BOLETO,18430576000154,False,ATM
1424c175-01d9-4b92-9d29-6d740bbb0ca9,BB2AA7BB-CDF,2024-10-22,9367.37,PAGAMENTO_BOLETO,76258431000114,False,AGENCIA
05f17362-0848-43aa-9120-d53ea984573c,5F849726-BC6,2023-01-03,5997.78,COMPRA,25043789000199,False,APP
02d9ac1c-92bb-4ebb-9511-1ded1fffa631,6AA8E43E-7C9,2024-10-28,6528.37,COMPRA,60439172000198,False,INTERNET
c22ff021-4a8f-483e-9d5a-cc4dff5b81eb,E122327A-013,2024-05-06,21416.02,PAGAMENTO_BOLETO,45106893000192,False,INTERNET
a42ac2ce-bb2d-4b6a-b31f-86552610727b,6F8558C4-4CE,2024-04-21,1219.34,PAGAMENTO_BOLETO,75123980000119,False,AGENCIA
0776c0ff-a372-446e-92e8-5946c247402e,F46161DD-048,2023-03-20,18504.15,COMPRA,29413807000138,False,APP
69d362e5-2c0d-4fc3-bbf5-ae1194f8339a,4912A64A-776,2024-02-19,3509.14,TED,61978503000120,False,INTERNET
1240567e-70a5-4f6f-a6db-b844e03f8bf7,C976942F-571,2024-07-01,18570.05,ESTORNO,89354671000164,False,ATM
29e7c2b7-57ab-46d0-b0ff-213a29ce7ccb,A05EEE34-570,2023-11-12,23494.33,SAQUE,62807459000159,False,APP
5a32fb37-89e6-4ff5-ace7-999cdc02800b,D8F25E4E-64C,2024-10-09,23023.02,PIX,21578693000174,True,ATM
6068ed36-d958-4552-b231-d4c98ce809d6,12238E6A-C08,2024-08-27,18409.93,PIX,32586970000107,False,APP
97f4c405-8d83-4e7b-80ec-47c1a34fc17a,D321DE95-DD2,2024-09-01,9441.43,ESTORNO,50927138000109,False,ATM
b6d1e7f7-5f72-4497-ac17-dd4cc62764b5,C0803A87-332,2024-09-13,22828.5,COMPRA,19032685000186,False,INTERNET
a7542555-4c3f-4ed3-8857-3d624e6f2c85,9CB3F84C-ECA,2023-03-07,19974.79,PAGAMENTO_BOLETO,,False,POS
2c13abda-2e3a-4b52-b72b-de9a984c0690,5B8277CF-B8C,2024-10-05,23893.87,COMPRA,83169042000188,False,APP
24a8f8af-ab8f-4d5b-988a-58d5d5f74187,F01E432A-5A3,2023-09-30,10619.38,PIX,63154970000161,False,POS
f830a1c8-4d77-45a5-b4ff-b46e3dcaead0,10547D09-625,2023-04-21,226.2,SAQUE,,False,INTERNET
420a7802-6aff-4598-b3db-ae224975ed74,556C7FF2-FC8,2023-07-15,18179.09,COMPRA,,False,APP
b73fdd65-a44a-4f37-8230-2e76996e96ec,06AF2651-80D,2023-02-23,22744.49,SAQUE,96870531000104,False,ATM
95b1323b-3a94-4fad-a957-2b1cd9b4b0fa,C0657C28-173,2024-09-27,4127.69,PAGAMENTO_BOLETO,16938754000127,False,POS
65c153f6-c78d-4afb-a03d-095b20f37d54,BBAEA6BB-510,2024-10-16,24048.16,SAQUE,08649572000108,False,INTERNET
8c1a04ba-013d-4e8c-8cf0-56a5bc360a59,9F541B3D-2BE,2024-02-05,1503.36,COMPRA,76052819000164,False,POS
7524d11c-b84b-4316-ab7c-bec3d430ae19,2499B0E5-DE4,2023-05-25,13700.58,TED,48732091000186,True,ATM
e2f12bce-b06e-4aa3-bc00-9c126aa00e2f,A0CC7440-D51,2024-01-25,15462.5,PAGAMENTO_BOLETO,20916537000103,False,ATM
53e88076-6c50-4bf5-9dde-90c702497a92,EE280395-C68,2023-09-25,12632.12,SAQUE,56490712000190,True,APP
0b80163f-6903-45c1-a263-5e36c7db9b7d,6F8558C4-4CE,2023-10-20,16183.81,COMPRA,01964827000188,False,AGENCIA
2d93f12a-fbd5-4302-b9e6-458d309e08f7,8C50AC59-006,2024-02-06,3411.67,COMPRA,21867503000139,False,INTERNET
7b3d4244-4cb3-4b59-959f-2f3e37762cbf,14E3BAEA-767,2023-06-23,21054.95,SAQUE,09832764000118,False,POS
287276c6-4852-4d6d-b8e2-fa0fbcb986c5,A0E9265F-AF7,2023-03-11,22934.03,ESTORNO,29358160000199,False,POS
76b3018b-ed1c-492e-9a58-9cec71b117c4,02CECF04-DC2,2024-06-15,9206.3,ESTORNO,90862315000130,False,AGENCIA
63f29090-c24c-4d30-8335-09df154bc172,32756865-284,2024-12-26,18497.08,PAGAMENTO_BOLETO,38502714000170,False,AGENCIA
f97339af-b936-4345-93ad-f203c98cd97a,DC953A57-83F,2024-12-15,16492.96,PIX,96138704000102,False,ATM
a9376ae2-7c36-4549-9225-c09633546095,9F541B3D-2BE,2024-09-15,17558.64,PAGAMENTO_BOLETO,54108329000108,False,INTERNET
64b7abe0-cd72-4237-936e-a7c67622aa23,9078051D-07C,2023-11-18,719.33,PIX,51738962000183,False,ATM
c25ab756-ee72-4954-84dd-cebe7bc0daba,CA0882C3-15D,2024-09-07,16502.45,ESTORNO,12487690000134,False,INTERNET
7eac5a5c-460f-4ba9-92f7-07406a5b3abf,3EFB126E-FA3,2024-03-20,9749.73,COMPRA,43951082000162,False,APP
2a3e09ff-08c4-4540-b741-d91f816bf0e2,30080527-225,2024-08-23,1010.47,SAQUE,68137295000186,False,POS
9c7ca036-15fd-489b-907c-d813204eba3c,25296E7F-C60,2023-01-05,2585.77,TED,48059136000101,False,INTERNET
8b80e40d-5898-4218-be5d-71007a9861a3,00559CD9-BD5,2023-08-31,14245.66,TED,91453280000149,False,ATM
b15cd942-2901-4294-8fa5-5437c959d177,75D5BF65-D16,2023-05-17,18552.25,PAGAMENTO_BOLETO,,False,POS
bc439576-b375-43db-bbb9-aded6779afff,B94F3F59-1CC,2024-09-25,15817.39,ESTORNO,07815693000110,False,ATM
3936cca1-9d38-4d12-94b4-dd127e57da02,5758ECFB-5DF,2024-09-24,17917.61,PIX,92364058000132,False,AGENCIA
847cf992-9865-4fc0-b1eb-d323096f939a,6BF3EDFA-30C,2024-02-07,16913.32,COMPRA,90853417000190,False,AGENCIA
fb7d243b-ecc9-4471-9763-c208353bc1d6,7CC2EBF2-FD3,2023-06-25,21131.74,COMPRA,73581496000108,False,POS
50d57f08-d298-4f0c-aa3e-0d95f21c3a4c,0BC0CDFC-D6C,2024-02-03,7275.16,SAQUE,90247158000153,False,ATM
4492dceb-d1db-4bdf-8419-60377d60b540,A64FBE33-90A,2024-11-02,7771.07,TED,68791452000172,False,POS
226f519e-5775-4c68-9c98-63c7c64b3204,E92720A6-90C,2023-05-14,584.95,TED,,False,AGENCIA
b4527b3d-6f7e-46f1-91fd-a15668015516,A1DE839C-A8F,2023-12-24,1523.54,PAGAMENTO_BOLETO,43729815000119,False,AGENCIA
be75ff00-370e-40fe-936d-a1c7b98d9c0a,DC953A57-83F,2023-09-04,10132.88,TED,63970215000155,False,AGENCIA
451f60d5-6def-485a-a7a2-e0f7e4b5e292,8798E45C-EC3,2024-04-26,16023.28,PIX,28174509000170,False,POS
db5a8c18-b8e5-41f2-b5bb-55d0977b3af2,A506B808-57D,2024-04-02,8272.3,ESTORNO,,False,AGENCIA
ec500c90-59db-4fe0-bb71-2f5e83562f23,5C525AD3-E0B,2023-11-27,19336.37,PIX,18520374000101,False,ATM
08536b12-2497-4f33-844b-24b898eb311c,96DF87A5-7F5,2023-09-16,21887.27,PAGAMENTO_BOLETO,89036257000107,False,AGENCIA
af5266fd-b568-4876-a979-446a56edcca0,7ECE19DE-AC0,2023-06-08,18185.92,TED,35190648000152,False,INTERNET
c8486cec-3f61-4bb1-a77e-b58b7a23c6e5,0BD0FD7F-0B4,2024-07-18,23579.27,TED,90124365000110,False,POS
4ca95edf-1bc6-4acf-abf4-d3df5f5e2ec4,A05E3883-7C8,2023-02-22,21142.78,COMPRA,13684920000118,False,AGENCIA
f25700a4-fb56-4e74-a155-b8394fe78727,546E609B-C22,2023-06-11,19321.8,PIX,72305481000154,False,INTERNET
f173d745-184c-424d-8004-b66ef8cc820c,2ADD4393-5A3,2024-07-30,15529.71,ESTORNO,53678102000127,False,ATM
c5dee86a-7e9b-4552-ad68-5279eda2625c,C60883CC-A68,2023-06-15,8194.89,SAQUE,60957842000168,False,ATM
cd83eada-b5e2-4be7-9265-3ace6b7912eb,04A1E508-594,2024-11-25,12409.53,PAGAMENTO_BOLETO,98376201000192,False,POS
9caae160-90e7-412d-a82e-ef16ba8bddef,250D0F1E-5F5,2023-05-26,15414.59,COMPRA,65813927000196,False,POS
c87f8b74-c9a2-463b-a129-1ef36bd13593,77BA6002-F5E,2023-02-08,8486.47,PIX,57031984000195,True,POS
ecf59870-1095-4117-9403-f16237d2ac32,546E609B-C22,2023-04-02,6556.81,TED,02481973000115,False,APP
07651049-c141-4a99-bcfb-dc55e0f986ba,6F8558C4-4CE,2023-10-17,23533.71,SAQUE,51702983000149,False,AGENCIA
a9d330e3-10e1-40f0-9df7-7cb71efddf99,FBC5845D-F70,2023-11-24,11745.43,SAQUE,95748620000110,False,POS
51b11143-78c0-4b79-825c-d577b31d24f0,11268A8C-814,2024-12-25,8518.71,SAQUE,93172845000145,False,POS
7d26ed46-fdb9-4b31-9db9-5a86a95e2e84,A567601A-AD2,2024-01-20,21768.87,ESTORNO,73421850000137,False,INTERNET
06024c5b-3a32-41b2-bd3a-e28a114cc6f9,9F13BDAD-75A,2024-03-03,15376.25,COMPRA,69432508000165,False,ATM
54c70733-cb92-46f7-a3a2-65fbf3d72e11,A720359B-3BD,2023-01-23,18696.31,TED,93128476000193,False,AGENCIA
944600d6-993d-464a-8af9-536c42b7bb93,EA1A1A06-74E,2024-02-12,3519.72,SAQUE,90365814000112,False,ATM
3fa954b0-3121-457a-805d-cacb35e4d864,88A9F6D0-A64,2024-06-23,1907.13,PAGAMENTO_BOLETO,14537829000132,False,ATM
2a33c259-ca7f-4f78-a8ca-d8618817ace1,0797B716-742,2023-05-28,4722.6,PAGAMENTO_BOLETO,49287013000182,False,ATM
9dd5fcb5-a863-4f20-8375-e34c06b8427d,E284C7C2-092,2024-09-09,22548.5,SAQUE,83690452000170,False,POS
6ef3cdd0-75e2-423a-bcaa-a9b529e6ff5d,0242103B-775,2023-04-15,1028.11,ESTORNO,69837540000120,False,APP
3722d66d-40a9-409d-84ff-fb48f2b41936,C976942F-571,2024-01-29,12024.86,COMPRA,95273168000187,False,INTERNET
9c127096-d2c8-4378-b872-01eb8d0c874b,5994C2BD-463,2024-11-24,24635.42,SAQUE,34175026000192,False,AGENCIA
8fccac86-a336-414a-9bd5-1cdf1a8a2718,88A37BE7-4B4,2023-03-30,7297.95,PAGAMENTO_BOLETO,01652398000103,False,INTERNET
7707c903-376e-4fcb-9ff7-3d92e690e1d2,20868332-9FC,2024-03-16,10491.85,COMPRA,,False,APP
c2336a4b-04c8-411a-ac08-894897a555f3,41BED45F-D69,2023-07-23,15762.08,COMPRA,98503716000106,False,POS
9f0e1f6a-e59e-4500-b193-4aeafa9e4afa,0797B716-742,2023-06-12,13507.87,ESTORNO,90243176000167,False,APP
cd64cfb2-816a-4749-9046-dce79e42e120,F3C371CA-0C8,2024-03-01,14509.43,PIX,01437958000107,False,ATM
c94df4f5-f93d-4471-9404-1c1aa6409821,F3E193F3-059,2024-04-13,12467.52,PIX,40958132000145,False,ATM
8132f2b4-ca5d-47d0-80d2-99302af1a3fb,9917CE6D-711,2024-04-12,8552.69,PIX,17425809000168,False,AGENCIA
0d372ca5-a911-44c8-8e65-67775e1be095,3BE75694-93E,2024-09-24,7470.93,COMPRA,52890364000198,False,POS
3f61af44-76dd-477c-b72d-6306da26c405,4348581D-CB0,2023-12-05,2772.0,ESTORNO,23701586000117,False,AGENCIA
ec6cf46d-58e3-4a8d-80c7-3076dfb5f23c,84314BF6-D0E,2023-04-24,19288.29,COMPRA,01537826000157,False,INTERNET
6826ef30-6059-4a36-9de8-be32bcba75e4,31C774AF-5E2,2023-07-29,9546.39,PAGAMENTO_BOLETO,15379062000123,False,INTERNET
dd0b6834-7efd-4a86-965f-b08212cd3286,FB5078CF-178,2023-02-20,5877.13,PAGAMENTO_BOLETO,71658902000168,False,INTERNET
9da2d082-a2ed-40ed-a35e-c718c421813d,3CE84BC5-565,2023-09-13,4804.73,SAQUE,34756281000129,False,APP
52e78480-652a-456d-bc86-cd0170c8ef3f,F67A0408-FB3,2024-11-26,5145.57,ESTORNO,96028315000116,False,AGENCIA
a665afcf-690b-4669-b781-c49b263bf438,D164C138-7B1,2024-06-16,24345.16,TED,28630759000177,False,APP
a601d18a-da0f-4d2c-a274-5bf4e41a72b3,D07D1A89-C38,2023-05-27,11613.55,PIX,56801973000184,False,ATM
4bbeeeec-130a-4364-9744-19b5830bc22d,AEF073B0-AEE,2024-03-08,3466.66,COMPRA,94831520000190,False,AGENCIA
bbbc37d3-7322-4f1d-ac16-81997e6f05d8,BEBFA072-ED0,2023-11-24,17932.96,ESTORNO,34987025000142,False,AGENCIA
e532a8bc-9bdd-40e4-8fcc-47f1e5156998,B269600D-820,2024-06-03,7643.78,PIX,46328715000179,False,APP
7d5b927b-ae79-4e6a-a6c7-b7e67a4d11d1,665C134A-4BD,2024-03-06,23313.74,TED,65402379000101,False,INTERNET
ffda3c4b-f0e2-43da-b7ab-af0236546a5f,15C9FCA9-FF7,2023-09-19,18369.41,ESTORNO,46130975000135,False,POS
00b60290-6ba3-4b5f-930e-59bbf7c85e00,A720359B-3BD,2023-02-25,11341.11,SAQUE,60189725000100,False,APP
b6136a55-7f1e-401e-aa98-c2a92d90a372,973432A5-1DD,2023-12-02,10920.4,PIX,05413862000160,False,AGENCIA
6057fb33-2074-4d39-91af-ab4f10ad97ab,296BA3E8-2A2,2023-02-04,4194.47,SAQUE,08912634000122,False,AGENCIA
90fa3055-4000-4d58-a633-45f5318f6df6,235CA8B4-2DA,2023-07-31,12681.92,PIX,,False,APP
e6123ab6-df22-433b-bc02-69102482dcd9,CE3CBFF5-437,2024-07-13,4021.46,SAQUE,87930162000107,False,POS
e928f64a-6c78-49d4-88e4-e91fe0465418,06AF2651-80D,2024-07-26,24659.12,PAGAMENTO_BOLETO,18574902000105,False,POS
cf1d7e03-79f6-46a5-af8f-e5e571287b1e,5B92290F-E34,2024-08-26,16747.92,TED,,False,AGENCIA
09da526a-8385-455b-841d-2edcf1c088f1,DB0D7157-AAE,2024-01-29,23792.54,ESTORNO,50129863000131,False,POS
ef93e84a-8047-4402-8fb4-28cb0728dd7c,14E3BAEA-767,2024-12-24,14560.06,ESTORNO,76215093000133,False,AGENCIA
00473a61-7586-4a9f-9da9-11b4f65db661,044FE849-DEC,2024-02-08,20905.52,ESTORNO,42370895000104,False,AGENCIA
454f0f7a-bafe-4391-a56f-79d3210897fd,55EEB566-F4C,2023-11-26,10814.83,SAQUE,34897261000178,False,POS
b96a27d1-3c69-442f-a88d-47401ea1f43d,4BC609D4-49C,2023-09-22,149.12,COMPRA,78120453000149,False,INTERNET
258c2f76-5ac6-47a8-83e6-395904519e0d,213778CE-215,2023-06-09,7580.02,ESTORNO,35684790000156,False,ATM
9a072bf7-eb4f-4c7e-a2fd-788a380245e2,10547D09-625,2023-12-05,13459.32,TED,48275190000186,False,APP
22ed5063-d8a3-47d7-9ab0-e63a50d30500,8060E53B-831,2024-05-29,19686.89,PAGAMENTO_BOLETO,13647052000104,False,ATM
a85368c7-7bbe-4886-aae8-4e129fcf5fb2,42A9CD29-2F9,2023-12-21,14978.51,COMPRA,83751264000104,False,AGENCIA
0931269d-cdfc-499a-bea0-b7afd5f80c13,236EF649-782,2023-02-14,9394.7,ESTORNO,50187436000100,False,INTERNET
60439ab8-ace2-4ec7-8d71-f0bdc919d435,5AF5C7FF-F97,2023-05-27,10588.84,ESTORNO,83059476000125,False,APP
d4c4e1e3-0452-43e1-a4c4-983bb50f9162,A64FBE33-90A,2024-05-30,18572.98,ESTORNO,59817306000188,True,AGENCIA
51e22ee0-53c3-4063-9c85-48f9b72941ed,6A6E452F-04F,2024-04-17,16651.28,PIX,70294615000153,False,APP
8cb5e6d2-cc3d-44c4-9349-b834218587d6,1208FCAE-5EE,2024-05-22,20716.65,SAQUE,53129786000108,False,ATM
c8f4042f-6347-4649-9e51-0c1f8e9dfdb1,A3D456CB-CDC,2023-09-12,1073.76,COMPRA,61243057000106,False,INTERNET
e274bca8-9314-4219-9472-ea2fee885ddb,CBE4CDFF-95E,2023-01-13,16591.07,ESTORNO,61903584000108,False,POS
e6d649d8-3f8f-4e6c-bc35-ee5ee9559d95,2496CE35-A46,2024-12-02,3188.88,ESTORNO,06582473000120,False,AGENCIA
2e389f7e-1d70-4f07-bc63-7e91b67ee662,CE1EB707-510,2023-11-28,8752.23,SAQUE,98704265000175,False,AGENCIA
eb03fd11-3918-4992-9d7c-05a6c5116d45,183EB1BB-10D,2024-05-29,16190.45,ESTORNO,42953618000116,False,INTERNET
00b2a083-623b-4534-89ba-b7b6e82939bf,905C50CD-4F3,2024-07-29,21730.3,PIX,,False,POS
0a199a1d-22a4-4caa-9e36-75de67a88b9a,8798E45C-EC3,2023-04-03,8462.25,TED,24501876000180,False,ATM
d3b9da3b-518e-43e6-9815-d25fd99619a1,BEBF5DF3-0B1,2024-02-05,22681.88,PAGAMENTO_BOLETO,37280651000192,False,APP
35ba5a09-151d-4a2e-a991-a374afbd4bf7,CC8C650E-86B,2024-04-24,8689.13,COMPRA,49573026000118,False,AGENCIA
30b5f62a-35d2-4b1d-b2a2-eaec5513371d,166B14B8-23B,2024-11-24,20896.52,PIX,35184726000106,False,ATM
f1f3abab-1df2-48e2-ace3-e26f076d4451,8026763A-38A,2024-08-19,10365.45,TED,80269731000176,False,POS
09a02a25-e889-49f6-b403-5f45a73ec6d7,7445C30A-BB0,2023-09-02,5988.99,PIX,18275643000103,False,APP
cf96c98b-2224-43c7-af67-c26e536ab963,42A9CD29-2F9,2024-01-15,8541.87,TED,81439257000146,False,ATM
06539dba-8ed3-4fbe-a639-ccc88a08b515,9AFEBC11-DCD,2023-03-15,2915.5,SAQUE,02615498000122,False,AGENCIA
8c3bed2d-b193-4662-89e3-b8e167c604cf,41006AC3-D3C,2023-07-12,10384.03,SAQUE,27481063000163,False,AGENCIA
6314cef7-e22a-4439-869f-98100625ee17,08EFA536-02F,2024-06-07,23277.76,SAQUE,,False,POS
03eb4903-f677-4ebb-87ea-17237a182313,992C185E-9D9,2024-08-30,10103.17,SAQUE,52986037000134,False,INTERNET
d5a9608f-780b-4a2d-8232-ed3cc2434240,53CE6CE6-88D,2024-03-15,16031.52,PAGAMENTO_BOLETO,16498523000140,False,AGENCIA
ddb8a55d-1e8d-4df2-923a-165cb416b0e1,77BA6002-F5E,2024-12-17,13951.74,PIX,25148630000139,False,POS
726db340-a801-4536-8b58-8ae0491f192c,E92720A6-90C,2024-05-08,7605.36,PAGAMENTO_BOLETO,48759320000156,False,POS
14c7c96e-49b7-416b-9c1c-3eaf4f82dd80,C8D81C66-FDF,2024-02-23,15687.38,ESTORNO,13485602000128,False,POS
677c8140-87f6-4a28-81ed-eb44a0e11b2d,97FDAD95-A9C,2023-08-18,10622.3,COMPRA,31580647000163,False,ATM
d607a321-81ec-45c7-b69a-9f31ab8bf484,65A673B0-B88,2023-09-24,15674.92,ESTORNO,08916572000127,False,POS
a28c071c-507b-4850-9cfd-db08d9da972e,285DFD16-5DD,2023-07-07,21876.52,SAQUE,30824671000138,False,POS
0ed0f69c-95f6-463e-9e13-cec0a32bab99,AEF073B0-AEE,2024-03-08,18294.77,TED,68913520000129,False,APP
e33ff58e-a165-42fd-9e94-4173b66c3216,1F24789D-4C1,2023-05-18,23532.37,PIX,01278359000198,False,POS
865e62f2-c92c-46b5-8e0c-8ca4365d2f50,792CB343-994,2023-01-11,22917.98,COMPRA,59741832000101,False,INTERNET
8f6e8d79-af31-42a7-9ad7-069286930808,041C727A-960,2024-09-12,24325.71,COMPRA,,False,POS
7c68a18c-4d08-4127-8ccd-5c07c51ac043,77D1C6FE-876,2023-09-07,21556.67,PIX,41570826000173,False,APP
1e20ee1b-38f7-41d2-905e-e360f0a1949f,BB347D67-ED6,2024-01-07,20921.62,ESTORNO,93768405000155,False,ATM
5574cf55-b4f9-4850-97b5-6e421e407c70,B92A73D1-35A,2023-06-03,112.27,SAQUE,63021859000105,False,ATM
aa240d79-c3b6-4d9d-bf41-a761437bba04,1208FCAE-5EE,2024-03-03,4715.3,PIX,69273145000162,False,AGENCIA
89fe5b92-c8c7-4e5a-bda9-be3d046f55eb,3112BA40-37C,2024-01-18,12259.07,PIX,18630574000109,False,AGENCIA
ab983baa-4a51-4b5b-b240-72158f25e1fc,EE280395-C68,2024-09-14,4156.28,PAGAMENTO_BOLETO,37906258000161,False,APP
b78bf8a4-f53d-4195-ab02-ad886f1f92aa,5374F3F0-0EA,2023-11-02,48.18,COMPRA,60741853000106,False,APP
ef1334cd-12e3-46d7-b517-ac06216ee1b3,C1DDE387-6CF,2023-06-13,5428.37,PIX,98362501000112,False,INTERNET
54daf2ef-7f72-4e1b-82fb-e1a0bef4fec7,50EB3D81-A1D,2023-11-12,18810.3,PAGAMENTO_BOLETO,29846017000146,False,ATM
dd0dcaed-1255-4096-88d6-9d928b9d4e6b,A008CFDF-174,2024-12-12,7616.19,PIX,12650843000112,False,AGENCIA
6911affa-12a3-4b7d-925d-0bc3405c290d,D121BD33-816,2023-08-23,3184.43,TED,98614037000104,False,APP
f4c3ab79-858b-4441-a841-d26b720e364e,BA3777B8-BF4,2024-06-11,2899.72,ESTORNO,96821574000108,False,APP
0194a4f7-ce6c-4719-a7c6-f743cdd6d4ea,6AA8E43E-7C9,2024-07-07,24133.6,COMPRA,43691582000102,False,ATM
e007d445-ee1b-43a2-9b40-41f30f05ac52,4F28D99A-839,2024-11-19,21423.9,ESTORNO,39547210000130,False,AGENCIA
439faafb-0dc5-4e0c-b5a7-37ac10265b3e,A64FBE33-90A,2024-02-27,12640.14,SAQUE,20816957000118,False,POS
768191c2-eadc-4a78-9afc-4389ca218aef,BA3777B8-BF4,2024-10-27,8372.02,ESTORNO,94651780000183,False,APP
41245db4-e090-472d-89bb-bfdeec1671c2,FBDBE84F-622,2023-06-17,2348.54,PAGAMENTO_BOLETO,63140872000175,False,ATM
85e4473d-4c8d-423d-89fb-52de559a5ecc,2496CE35-A46,2024-09-09,12111.44,COMPRA,87014593000123,False,INTERNET
995f37a6-9735-4af4-9af0-7139ad6e0662,5FF8C9EF-A2C,2024-03-10,15939.24,PIX,08675349000135,False,ATM
4893ef90-41d9-47b5-9327-57ac9bde007d,8F20775B-7C4,2024-09-23,16273.81,TED,26985043000167,False,POS
887486d0-fcb7-4d72-bac0-fdd7c97aa2da,DC440BAB-5CD,2023-09-10,1842.33,SAQUE,,False,AGENCIA
3e38920b-d981-49f5-aa48-d7f4e416e35e,D3532524-F43,2023-10-14,14538.44,TED,56810723000100,True,INTERNET
0a5287f0-5a58-4539-830a-97fcd3cd9c5c,B074432D-13F,2024-05-18,24429.48,PAGAMENTO_BOLETO,68240759000185,False,INTERNET
d58f28d0-6a80-4a78-8d21-ef7c6ec29e8d,A577D70F-D33,2024-09-07,16696.57,TED,24981705000103,False,APP
018aa402-b26b-4c96-b9ae-a7bfc4d91e0b,8F20775B-7C4,2024-05-17,20815.33,TED,31860547000190,False,INTERNET
62437cc6-ec08-4aff-8577-920e22e89094,C279329B-FEE,2023-04-21,16657.87,ESTORNO,64513709000173,False,AGENCIA
9950d482-b7ad-4db9-b932-9dd1c5a29e25,5F849726-BC6,2023-05-10,18491.38,ESTORNO,,False,AGENCIA
4623af89-1bcc-453e-889c-93adb55192d1,D5F20AA9-918,2023-04-11,10364.65,PAGAMENTO_BOLETO,57912608000100,False,APP
d02ffcc7-b556-460d-8237-d9ea1f177395,57E329B0-2DC,2023-09-13,20332.57,COMPRA,35194780000132,False,POS
53ab9216-b401-40cf-baf6-6b6923678f5e,389FB39E-159,2023-03-05,11370.19,PIX,17834695000100,False,INTERNET
f2f8c2a2-ea28-4b14-bf02-6b8cb47c97d1,DEDFA32E-A68,2024-02-12,17525.67,TED,09231567000143,False,POS
9d4a59d9-42b8-4af8-b0a3-3245493d2b8e,DC440BAB-5CD,2024-07-08,7303.81,PAGAMENTO_BOLETO,74652908000116,False,AGENCIA
c7b9a0c3-cca9-4853-9430-c74a5feffd6c,5FC18B36-F65,2024-09-05,4000.6,PAGAMENTO_BOLETO,69830524000106,False,POS
de0e969e-ad61-4b90-bd26-8d3a93a331ff,F05B4624-6F9,2023-01-05,22486.68,ESTORNO,40692831000196,False,APP
79c3a287-5618-41f3-9502-ce0c10c1430c,21D4590C-D80,2024-04-23,6914.51,PIX,41736980000172,False,AGENCIA
ab5c908b-ee22-4fa1-a372-8b2798efe2e0,9B80B591-CC1,2023-09-09,14359.24,PIX,65209387000136,False,ATM
d865a58e-94d8-4c14-a965-9930aab1f194,60EFE149-B0D,2024-03-27,21428.17,PIX,51769203000188,False,INTERNET
de50c3bb-5586-4e64-86f9-5f6b2f478f60,20977FAE-684,2023-06-20,12704.34,SAQUE,49736058000197,False,ATM
81205733-03ed-425b-bca8-088cde2084a8,72F142F8-475,2024-08-04,2714.36,ESTORNO,57403698000103,False,AGENCIA
b5870a40-25e2-4450-af36-3016d6ac01ef,4017D0E3-823,2024-07-31,17711.3,ESTORNO,81650294000107,False,INTERNET
a5094007-6147-4c7d-8565-fad028a45fdd,C8D81C66-FDF,2024-07-29,14068.73,TED,95784106000130,False,AGENCIA
d9701c6f-df79-4a62-8c35-f54652921fe7,26671A0D-B1C,2023-09-20,4744.01,ESTORNO,95312086000102,False,ATM
d5da7e60-ca51-41df-8b42-55940d25b1ac,63CAA8BC-147,2024-02-24,12007.23,PIX,49561032000155,False,INTERNET
512d418f-1186-4d7b-8edb-1bbe0680ccff,1B0AA978-35F,2024-07-02,22964.05,PIX,91657284000149,False,AGENCIA
2d060ae0-dcee-4a0e-ba05-e38ddee23e20,8F5E47B2-0F6,2023-02-04,412.87,ESTORNO,13695084000177,False,APP
72571e71-a95f-4014-92fa-0aa9d51e4830,CA0551EE-5E8,2024-08-31,17436.44,TED,41852379000145,False,ATM
2501bf65-aabe-4d1d-9a06-e87b790f0f74,FB7EAF5F-BD0,2023-05-26,12889.93,SAQUE,15069748000118,False,AGENCIA
fd9a793d-773f-4734-b5d8-4a3921ad286c,652FFC7E-0D5,2024-08-28,23981.91,SAQUE,56841039000196,False,APP
3056c9eb-792c-4c6c-b9d4-a3d9fc53c438,64263BBA-0B8,2024-08-16,23092.18,TED,06528794000147,False,ATM
3034df2b-8197-4605-99a2-5090b855dffc,CA865364-8EF,2024-01-28,768.73,COMPRA,12756984000114,False,AGENCIA
7e21d825-859d-4e75-9077-62e0076ffff1,B8774B06-2C2,2024-02-24,16784.36,COMPRA,49308516000197,False,ATM
cf6ae0c8-b7e3-48c9-93f9-4e2fd7c469db,1A2700EA-540,2024-03-24,13373.4,SAQUE,26431709000135,True,INTERNET
4c9411bc-4324-41f0-b7a4-183cd5a6c587,4F7BE63D-3CB,2023-08-17,728.15,ESTORNO,09426531000115,False,POS
5ba361a8-76f5-47e4-9894-58e0effccc0f,F3C371CA-0C8,2023-04-13,23495.55,COMPRA,,False,POS
01966226-2762-44b1-a2ca-1f98d5c6859a,5CF51D18-847,2024-02-10,15445.71,PIX,05169748000136,False,INTERNET
03de317c-2d3b-4141-bb90-b9aa9766e2db,6D7513BA-8D9,2023-01-18,11072.72,SAQUE,59487603000102,False,INTERNET
252b24ce-28ab-4906-add6-577562146078,012936C9-0B1,2023-09-14,7382.01,PAGAMENTO_BOLETO,86794513000137,False,ATM
ee2f7c26-1998-4b51-ba4e-c9a61fa45656,5616BA27-A5D,2024-05-09,9040.89,COMPRA,59240381000129,False,APP
1707495a-2b5e-4f02-8905-04191f1c5adb,36836E28-7AF,2024-12-14,14483.26,COMPRA,,False,AGENCIA
daea7d2a-2a88-4396-8ea6-96aab2e38fc5,C31C921A-968,2023-10-21,12260.36,SAQUE,74153928000142,False,ATM
431a7fe6-cf95-4208-ba91-d9feebb3233f,FBDBE84F-622,2023-11-22,11958.69,TED,02483579000116,False,ATM
3c1734d1-c7c6-4a1b-8ab4-e9361442c4db,7CC2EBF2-FD3,2023-09-07,5031.87,COMPRA,63827104000194,False,POS
25dc60d2-3c03-436b-a054-576a5b1c1b7c,F44856C2-08E,2023-12-16,142.43,TED,69285307000182,False,POS
aa1725bc-2d31-4d27-93f0-c36951588097,665C134A-4BD,2024-05-22,16345.58,ESTORNO,15703268000167,False,APP
ad59c855-0c74-45b6-ae29-84f03d13f126,4017D0E3-823,2024-06-13,18876.7,PAGAMENTO_BOLETO,06439175000186,False,APP
bc863950-9234-4e15-8592-f2686a59df83,CE1EB707-510,2023-06-14,1454.75,TED,51729034000152,False,APP
0200ef5b-3011-4b14-b938-4b0b27174254,E4F74C28-9C6,2024-08-26,3416.26,SAQUE,61032987000110,False,ATM
30b7ed69-2918-4b24-8e01-244d36ea6b5e,8C5E1F11-854,2023-10-06,3195.81,PIX,46870952000167,False,APP
5be5dcbf-adc8-40e1-afd6-145f3ed2373a,044FE849-DEC,2024-07-31,17160.99,TED,36549807000125,False,AGENCIA
8c6e62e1-6a42-46aa-917a-3666440d0e43,B94F3F59-1CC,2023-04-03,354.71,TED,20596713000177,False,AGENCIA
78b31892-5faa-4866-8091-1473957a3b56,285DFD16-5DD,2024-04-23,15210.5,ESTORNO,37962140000150,True,APP
34ad02bc-b03d-4f60-94c6-7b1ea385c48b,D7B62EED-316,2024-08-16,1759.88,ESTORNO,43260871000157,False,APP
5f03219d-b442-46d4-83ff-4dfef950113c,D9D54CB1-809,2024-06-15,11269.44,PAGAMENTO_BOLETO,73182405000161,False,AGENCIA
71746f7c-b8ce-401e-81ce-14ec6cdc72bc,A88E3BE7-50C,2024-12-27,9813.12,SAQUE,80125397000187,False,ATM
1f4afc86-0d17-4df6-b1fd-468c28336d5a,20977FAE-684,2024-02-16,7077.51,PAGAMENTO_BOLETO,31620597000109,False,POS
ddb0b15a-af6a-4db0-96b3-fa8e3190c0d5,D164C138-7B1,2023-02-03,15906.23,PAGAMENTO_BOLETO,24965178000135,False,APP
dc808e10-d906-4463-a751-61a26a8d72c5,5994C2BD-463,2024-08-11,5267.88,PAGAMENTO_BOLETO,45819302000124,False,POS
f5149071-feb8-4062-b018-fb2ac3b3bbe4,AF69A0EF-0DE,2023-03-11,9450.01,PAGAMENTO_BOLETO,78362591000134,False,APP
49ef6728-7ed1-4386-a8cb-e84ac90b7c90,50375792-33E,2023-01-14,5029.39,TED,41065392000154,False,POS
e67e2fae-3312-4e49-8b42-e89d76ed87a4,6C0F83D3-984,2024-11-01,15935.57,ESTORNO,15704863000117,False,APP
8de91103-25a3-4be6-ad2f-088eb56c3467,03112687-423,2024-08-19,2590.46,ESTORNO,94725618000162,False,AGENCIA
4d180b20-7956-4850-b262-49fda25e043a,905C50CD-4F3,2023-01-15,15029.69,PAGAMENTO_BOLETO,07451239000127,False,POS
55d33b22-6f19-4fd6-88b2-10d8fa2785f7,3BE75694-93E,2023-07-05,7068.25,TED,,False,POS
851f84e6-56d4-4b8a-a8b6-ef46194fb26b,9FA5B939-CB2,2024-08-26,15621.95,COMPRA,,False,INTERNET
8aea8a36-60c8-4541-a7a0-d467438e5bcd,1B922371-F6B,2023-05-23,19008.68,SAQUE,,False,ATM
ab9ee5d4-6894-465e-a7d4-1fb075f1f312,C31C921A-968,2024-04-24,16985.01,PIX,,False,APP
bf90b549-c9b8-49ea-b093-b387de234261,7E92A89E-3BB,2024-02-01,24843.62,SAQUE,36872954000131,False,POS
42802aee-052b-4639-897c-602c95f5e0af,88A37BE7-4B4,2023-11-24,14431.6,COMPRA,82145769000162,False,AGENCIA
29aa323c-eefe-45a4-be96-075026e2c45c,F3C371CA-0C8,2023-08-06,418.85,PAGAMENTO_BOLETO,73640281000110,False,ATM
ca020385-5cc5-4095-8112-5083a910900a,DC953A57-83F,2024-06-30,13753.51,PIX,15809372000130,False,INTERNET
20e8e2b9-9bd9-4f0b-8b66-5c1ede3a848c,AEF073B0-AEE,2023-04-13,535.15,PAGAMENTO_BOLETO,31604792000137,False,INTERNET
764cfaab-5e7e-4615-a2cd-0a8f1bb25850,0F5BFD1F-3A7,2024-08-05,4028.26,ESTORNO,39057682000104,False,POS
b8790fa3-0427-4d24-9664-6063fa68b3c8,B5FD8EC3-B5A,2024-04-03,21815.13,ESTORNO,90325164000181,True,ATM
528949d4-eeaf-431e-86ff-975ded1ee1d2,1C145E3F-A90,2023-09-06,18803.14,PAGAMENTO_BOLETO,85701942000150,False,APP
6e637b81-61fc-4e64-bd5d-3605355baa66,ADFD97F2-EA7,2023-12-23,11798.89,TED,,False,POS
7abc0647-58e8-4595-b7d5-1ce288c40266,DB44B012-FE0,2023-08-16,8143.61,SAQUE,45206173000107,False,APP
1de32433-f229-4354-be75-aea276b74563,0ACC9AE4-1DF,2024-04-26,1943.36,PAGAMENTO_BOLETO,63284791000149,False,AGENCIA
ad099534-48b2-4eea-83d7-ec0b84e95930,7445C30A-BB0,2024-04-04,10943.68,PIX,64051397000123,False,ATM
c773b587-5739-421d-a118-310130d80f51,1F53D01C-A6D,2023-05-20,1788.29,ESTORNO,81596023000102,False,POS
22cda631-920f-4310-aed2-793b3cc08c72,694B7912-326,2023-05-19,13817.46,COMPRA,74916350000139,False,APP
ee5b9a79-a30a-4d13-a4c3-3940e52ea954,3E7FC973-929,2024-06-27,23046.8,PIX,25607143000197,False,ATM
96950174-ebfb-4efc-9198-311465273730,C0657C28-173,2024-01-02,6746.5,PAGAMENTO_BOLETO,75390184000142,False,INTERNET
9e8d2c22-86dd-41f3-af0d-d2ea6dd787ee,6169EB68-5A1,2023-01-14,5956.82,SAQUE,39048561000104,False,ATM
0bc0f432-c902-44f6-9c8b-5ea51a4f2290,30080527-225,2024-06-26,10948.5,PIX,43708296000102,False,INTERNET
139d0063-9676-4465-9a8e-7e9aa3b7d450,D121BD33-816,2024-09-03,6658.31,PIX,48921753000166,False,INTERNET
3d30ef54-0ed1-4bbe-81df-d13bc874aa66,87840CD3-C53,2023-12-16,9451.06,PIX,84637512000153,False,ATM
86bee3f4-54e2-4fdf-9341-962f453a2608,C173E03E-66E,2024-02-29,7046.18,PIX,53289710000140,False,AGENCIA
658384bb-8550-4c22-8633-1771f03e0114,6BF7B311-358,2023-11-13,2369.98,TED,,False,AGENCIA
61d5f508-05ce-4527-87fe-abf74cf7dd57,1B07A035-981,2023-12-30,19138.29,PIX,58769012000165,False,AGENCIA
dc8f083c-ab7a-470b-8482-3e5efe04443b,DEAB7370-795,2024-06-14,16948.55,PAGAMENTO_BOLETO,04237516000105,False,AGENCIA
cfc025dd-22c4-49e9-bb46-c8a9d8bdef82,C4D32831-F5F,2024-03-05,3488.69,ESTORNO,85021739000132,False,POS
2574e785-14dd-4eff-a499-8f244677f1ce,41006AC3-D3C,2023-02-19,14336.76,ESTORNO,86471053000106,False,POS
4a5a43ce-5d3b-43a7-9855-5de45b2236f5,5CF51D18-847,2023-04-17,9133.46,COMPRA,81567239000140,False,AGENCIA
369e3bda-5d94-482a-adb3-46df4e029c1f,51806654-A9A,2024-05-02,18395.73,SAQUE,36850719000169,False,POS
68ddd365-c487-4b07-8202-a149ae933890,C173E03E-66E,2023-03-18,21615.23,TED,74680219000115,False,AGENCIA
77c45c14-cec5-45fc-b400-fc1adfc07ec0,C850624F-78C,2024-05-21,18401.11,COMPRA,,False,APP
beced709-e34d-4d29-a295-468cf58c5b1a,D9D54CB1-809,2024-06-28,16525.98,COMPRA,63709854000161,False,POS
a5d047b8-eca2-403a-9d6a-91d500612b82,57E329B0-2DC,2023-08-03,5058.04,COMPRA,75284693000190,False,INTERNET
b708a092-0984-4cd9-8ee4-edd21eb7780c,D6B929E4-C1F,2023-11-28,6480.53,ESTORNO,98724061000104,False,ATM
37f71754-82fe-47c5-8956-d3ef39a671ac,E5156096-91B,2024-03-14,8001.98,COMPRA,36270841000166,False,AGENCIA
e16b06e9-03e7-4e52-a22c-0e0d1759852d,0D1D3193-CCF,2023-12-19,18664.23,PIX,01258493000127,False,INTERNET
045a37ba-39a1-49e3-b0b7-1c10290160fd,7445C30A-BB0,2024-07-07,21352.98,PAGAMENTO_BOLETO,95261470000115,False,AGENCIA
2ded2de7-eb22-4e8e-b00f-ba0570857731,A9FB5ADD-217,2024-01-04,15592.26,SAQUE,28197340000173,False,AGENCIA
4182499d-78fd-4c97-ae1d-242879f7e058,C1DDE387-6CF,2023-12-14,11302.58,COMPRA,47310526000131,False,AGENCIA
69b58d84-e7df-4d93-91fa-bb87218983a9,4912A64A-776,2024-06-27,18062.1,ESTORNO,18095372000104,False,INTERNET
ed54d38a-25aa-403d-a5ac-63b93fee2742,905C50CD-4F3,2023-01-08,13386.06,ESTORNO,96327801000135,False,INTERNET
ecf30f0c-c5e1-4b7c-a893-47532f7bf265,76717AEE-F5C,2024-11-24,24037.91,ESTORNO,10829673000102,False,INTERNET
073eb707-d84f-4dc9-a275-077651ca95b7,9BA187E2-1C7,2024-01-22,11600.49,COMPRA,36084279000186,False,ATM
c1ee9ec3-35ed-43bb-ad00-ef5114867e96,3F88773F-469,2024-12-05,19322.8,PAGAMENTO_BOLETO,72190485000134,False,ATM
11d5642d-b4a8-4710-a1ca-6cf678fd4fb9,041C727A-960,2024-04-18,14500.77,ESTORNO,51802674000140,False,ATM
434f87fb-7449-4944-8c6e-9c8f5bb92ef5,7E92A89E-3BB,2023-07-04,18083.89,SAQUE,34759618000151,False,APP
952ce074-995c-4319-ab38-a0f89d087f20,DC53D190-D5E,2024-07-23,5229.13,TED,25890317000171,False,AGENCIA
1c151f24-474d-4805-901d-53a03279bcd7,607EACB3-F2E,2024-03-30,11740.39,ESTORNO,27063458000146,False,POS
f893308d-bc3d-409f-a339-36a1b7500d5f,992C185E-9D9,2023-07-13,2400.92,COMPRA,04268375000198,False,INTERNET
19518337-402a-42d6-8c7b-1c37d13297f6,658124DD-565,2024-08-08,4472.56,TED,06891527000130,False,INTERNET
889097f6-ec2b-4f33-9fba-c2beba1f9081,3EFB126E-FA3,2024-12-19,23329.08,SAQUE,07958162000186,False,APP
66b23c5a-436c-4c31-b137-7d66f21c2dd4,233320B6-644,2024-02-06,21676.21,SAQUE,60247913000139,False,POS
ba38380c-d60d-4ad8-8b46-9826b2d92ee9,8D8F19B2-7D8,2023-04-08,6268.77,PAGAMENTO_BOLETO,81654932000150,False,AGENCIA
c0dc967b-5cd6-4395-bb94-eb6ae8080f18,8B8AC6E3-353,2023-03-07,9202.37,PAGAMENTO_BOLETO,15649270000103,False,AGENCIA
5ff67559-f9a2-4221-8d67-82f1c2b66163,4524AB53-1F4,2024-06-26,13470.0,SAQUE,51079643000103,False,APP
2864442c-b300-4efd-bf43-5c3ae306314d,CA8C3776-00B,2023-08-26,1280.57,TED,16385027000180,False,APP
178d8de8-8b8f-481d-b801-479eddc53a8c,A09B03EF-EBF,2023-06-12,5076.83,PAGAMENTO_BOLETO,93621487000100,False,ATM
086dda95-2673-4f20-88ad-4fdaac693928,905C50CD-4F3,2024-11-14,4770.81,TED,09536478000105,False,APP
84076f09-254d-4bc4-99ac-2ed32cc5c861,5A8E63A3-C3A,2024-04-02,7709.83,PAGAMENTO_BOLETO,37291806000196,False,POS
9ff22092-ae7a-4be7-8a46-42aada93c825,B074432D-13F,2024-01-04,23780.64,PIX,72801634000154,False,POS
59bc352f-8aab-4ed6-b142-18f4eead471f,EA44F393-CD9,2024-03-23,14605.96,ESTORNO,08952361000140,False,INTERNET
12473aef-fd74-43c2-bd30-3bd14fa82de2,23F59E49-F89,2024-01-11,3695.26,COMPRA,41962075000130,False,INTERNET
3a7f5a00-8cd5-4475-ac97-118eb3077902,4094B3F2-508,2024-02-22,21261.07,PAGAMENTO_BOLETO,35710869000104,False,AGENCIA
91799c8b-e09c-4ae6-8fc2-a4f6bcd2d9b0,F53EC8C9-042,2023-08-04,24010.45,TED,52394678000108,False,APP
8dc49ad1-cbd2-4cdb-9be3-387aa9c1caca,107243F2-368,2024-06-20,17131.04,PAGAMENTO_BOLETO,13496570000166,False,APP
ff13722a-3471-407d-936a-4b37454c349b,DB44B012-FE0,2024-01-06,14416.13,PAGAMENTO_BOLETO,96148235000102,False,POS
756658e7-cd82-4d2b-b234-590c5b993db9,DD6841A6-5EB,2024-10-28,14950.23,ESTORNO,49035281000107,False,ATM
278a64e1-6e66-4d0d-8c03-617c5ea77a56,37D042F3-091,2024-11-11,23322.82,SAQUE,67081423000154,False,APP
5a2956dd-4058-4564-8d67-bc7f4a47bd3a,6D7513BA-8D9,2023-09-07,9916.55,COMPRA,,False,AGENCIA
e8bd933a-33c7-4d73-94c5-98b383984aff,9AB96346-B5B,2023-04-16,9687.04,PIX,,False,ATM
0c8f12f2-11d4-4f0e-87d7-85938f6087aa,3CE84BC5-565,2023-06-05,24186.23,PAGAMENTO_BOLETO,72934106000173,False,INTERNET
0129cf6a-b10d-4dd9-9307-ce65d9a89953,219B700E-7A4,2024-12-18,23617.14,PIX,93108576000158,False,APP
054b079f-d05e-4281-b6ce-4a783ae9ad05,51806654-A9A,2023-10-18,12889.89,ESTORNO,74290685000194,False,POS
00534d5e-2306-457e-8d02-424027c7b84a,5374F3F0-0EA,2023-04-03,2019.78,PIX,53068219000199,False,INTERNET
1a1e39f0-ce7e-4a24-bc83-df765f1f7d96,EF04CCC3-8DC,2024-10-29,6354.3,ESTORNO,72160934000100,False,APP
46702695-8e3a-4ac3-bf68-c5aaa23196bb,ADFD97F2-EA7,2023-04-08,5719.61,COMPRA,69415283000139,False,APP
54992832-59db-493d-a64c-5a563d5139ea,497EFB1B-D1C,2023-08-29,9705.65,PIX,14678209000113,False,INTERNET
6f5f06f8-46bf-42da-97f8-cfaddca12a5a,34D64374-6C8,2024-01-07,13104.75,TED,95708213000189,False,AGENCIA
8440df46-345e-47a7-8465-44c92cfa7293,553B6665-707,2024-06-30,18753.64,ESTORNO,95683721000150,False,POS
e5ce5343-d7aa-4afa-904c-2b63487adba5,037B2A8B-62E,2024-01-23,22844.83,SAQUE,67248910000169,False,POS
c77d033c-ba45-490a-84d8-d5f2bcec2021,D321DE95-DD2,2023-04-17,8800.86,ESTORNO,50817246000129,True,AGENCIA
8043627c-aab0-41da-86f6-9d1e6ba29d77,0A82203B-4AD,2023-03-23,13176.93,COMPRA,19283750000146,False,ATM
a49b3896-31c0-4048-95bb-2d29900d2846,EF04CCC3-8DC,2024-11-06,18686.81,COMPRA,82459370000156,False,ATM
7fc6e94b-64f2-4469-9564-e35b0da3c64e,45955261-0C4,2023-10-31,22275.42,PIX,89517062000189,False,APP
8465461d-c0a3-40c6-a151-6338b2b53440,047120EF-D1A,2024-09-19,11055.78,ESTORNO,31590427000110,False,POS
4008adac-fd77-4b72-af97-285a72ab4b7e,0216632D-A04,2024-10-01,20733.04,COMPRA,59814203000164,False,ATM
5eda9e52-4735-48a7-a4bc-8692681ee6e0,D7082733-EC2,2023-05-18,22280.36,TED,36095782000137,False,APP
a0bc3f3b-37f5-4e5f-8191-30364a39e122,4017D0E3-823,2024-10-03,10411.2,PIX,09527314000111,False,AGENCIA
bcfcd6e1-c06a-413c-9441-9ecc2eb6b0c8,9BA187E2-1C7,2024-04-26,7987.26,SAQUE,59741382000157,False,INTERNET
33f20d73-47b5-40ae-a954-a311a7c250bf,30080527-225,2024-03-16,22729.58,TED,80139452000198,False,INTERNET
e990efda-2a4c-4502-8881-82a3d64e1d87,285DFD16-5DD,2023-10-08,22779.51,SAQUE,48920756000185,False,POS
7216998d-8316-469a-ac8e-02747893a8e3,0BD0FD7F-0B4,2023-12-21,14306.53,TED,94072386000190,False,APP
dc151956-986b-400a-9ab4-1d821693fe91,AACCEFAB-AA1,2023-03-11,11523.68,ESTORNO,15087439000170,False,ATM
089f48eb-3aa7-4a8e-8650-05fb7309b6ef,3112BA40-37C,2024-09-23,18899.1,PAGAMENTO_BOLETO,63720594000125,False,INTERNET
227a6a58-c436-4538-b1fd-f001be2f2fde,90BF61E3-F81,2024-11-05,6098.21,COMPRA,50461938000187,False,APP
169e079f-72f7-4b25-9cfb-82a2694c65b4,14E3BAEA-767,2024-03-20,21013.58,PIX,37401589000140,False,POS
5fa22d14-0b3d-4fc7-9f0c-38b9f7192fd4,D5F20AA9-918,2023-08-16,8496.44,ESTORNO,70649235000194,False,APP
5e6f1684-f4e5-44a9-b55f-f3a442d83021,42837FA5-5B8,2023-03-24,12491.15,TED,76235091000106,False,AGENCIA
daef5154-26f5-403e-a6f9-00968465eaa3,250D0F1E-5F5,2023-03-09,8921.76,SAQUE,89245307000166,False,POS
b8e88c61-a0ce-447b-9654-d261f42b91f6,790D77CE-DBE,2023-10-27,17375.46,PAGAMENTO_BOLETO,96418325000168,False,APP
3a00e8ba-e2d8-454e-98f7-b70f5007bbb8,11391EE6-64E,2023-07-04,20517.51,PAGAMENTO_BOLETO,87402316000198,False,POS
01581d24-4f4f-4a7a-9f4b-960bcf379d31,047120EF-D1A,2024-10-31,1807.02,SAQUE,10259648000130,False,POS
9f6860b0-2f59-4ea0-a4cf-b7eb7df7fa64,9557F59A-142,2024-11-27,21488.36,TED,26034519000184,False,ATM
e4bd4e9b-07b8-40f6-a4bc-fe94c4b1ba09,865CBCCA-664,2024-07-14,21823.68,COMPRA,73928106000123,False,INTERNET
14c3243b-28ca-4d3e-9612-ee1bbd27600b,6AA8E43E-7C9,2024-03-16,10427.26,SAQUE,38462159000109,False,APP
ebea02f2-0221-440e-8ac4-32df691bfb02,BA3777B8-BF4,2023-02-28,21276.16,PIX,36502791000103,False,INTERNET
8f8c568b-8b56-4bce-b1d5-3d260287a070,57922564-3CD,2024-09-06,6965.02,COMPRA,61835079000165,False,POS
8e0c4f71-64a6-4df4-a931-e7fbb7e10ae5,5FC18B36-F65,2023-02-25,7384.72,SAQUE,75943268000166,False,INTERNET
db9768d1-16e7-4f0e-b901-c3c7d2d9b04e,DC953A57-83F,2023-06-22,9135.32,PIX,26540713000131,False,ATM
1e7faa7c-80e8-4ddd-aebe-324d168d0b15,CBE4CDFF-95E,2023-09-03,20352.37,PAGAMENTO_BOLETO,13849650000158,False,AGENCIA
5bac9d33-a9de-4708-8891-31c155adbc1c,F46161DD-048,2024-11-26,7393.25,SAQUE,76240139000174,False,ATM
b26d4e2e-c2b9-4b7b-9c85-51443748dbfd,02634C63-DC6,2023-08-04,8870.47,PAGAMENTO_BOLETO,34586079000104,False,AGENCIA
7ad6beee-e407-440e-8433-649933adf379,5758ECFB-5DF,2024-07-29,3860.26,TED,84095623000185,False,APP
2b49bade-b743-4762-b8b3-8c5cd0ba3e5d,37D042F3-091,2023-01-27,4778.15,PAGAMENTO_BOLETO,08326749000135,False,AGENCIA
b5e9c5a2-7869-4a0d-963b-0026e5e3ce17,546DE253-757,2023-10-22,20528.54,PAGAMENTO_BOLETO,03725149000126,False,INTERNET
3c2d14d2-9a6d-4267-9667-9cf1b13e437e,18AE6F70-8F1,2024-08-27,20737.46,ESTORNO,43982067000181,False,AGENCIA
d599a4bc-ecf6-48bc-8fdf-f885951a04d5,C1DDE387-6CF,2023-12-07,20303.74,COMPRA,98035762000128,False,AGENCIA
c849c26b-8ac9-4d4d-9325-64885694ac61,DB275D79-7A4,2024-06-07,23433.94,PIX,,False,AGENCIA
332172bf-6d59-4bcc-8180-7f9669579e7b,0D2D5408-716,2023-11-19,14614.41,COMPRA,65231847000122,False,INTERNET
c36227af-5017-4982-a154-58591054fa98,98ACCAA5-832,2023-06-24,11666.41,COMPRA,28417360000102,False,APP
04eccf07-c2ae-4868-8260-36406cbf371e,FBDBE84F-622,2023-10-23,12083.34,TED,06132945000143,False,INTERNET
9e14838f-8e12-41c2-a04b-cf4d4b2866c4,65A673B0-B88,2024-12-09,14200.65,COMPRA,10942687000138,False,ATM
fba414b6-f8f8-4c44-85c3-9b113a511b8a,D7082733-EC2,2023-01-11,23491.47,COMPRA,61327958000186,False,AGENCIA
2c39b605-67cc-4203-8740-d4735376c428,546E609B-C22,2024-06-24,8914.58,ESTORNO,32810497000108,False,AGENCIA
b56a9a22-b9fd-4875-a40a-e730bc1edf9c,E0ABA7D1-487,2024-06-26,22884.04,PIX,53176982000133,False,ATM
a287d75f-6408-4bc0-a5b5-e4a0b049c1d0,8798E45C-EC3,2024-05-05,18858.17,TED,,False,POS
0bc8880c-ef71-4816-a749-6ae278a425e6,D3532524-F43,2024-01-22,9459.95,COMPRA,36817094000133,False,INTERNET
734d9ba6-8f80-422c-8b4e-0301b8cf24b2,AABDD418-4A8,2023-03-01,9844.86,TED,21803549000194,False,ATM
ebea7373-c529-4211-9d1b-ad52cd6dad51,C34ECFC8-D9D,2023-06-01,6584.02,COMPRA,16079258000165,False,POS
c8391e27-ca72-4077-9efe-3b43a1602449,743FC2FA-1C5,2024-03-22,40.8,PAGAMENTO_BOLETO,56234019000157,False,POS
01699ce3-9ccc-4af5-94de-baedf54aaa83,D121BD33-816,2023-12-31,15985.73,SAQUE,96248531000177,False,POS
3824a22c-2f02-4316-a978-9644ba0a774f,EADDE6C3-F90,2023-01-05,15629.31,TED,51869473000160,False,INTERNET
7b30ade5-04b6-4ccd-8ed0-ffdde40cd82f,D8F25E4E-64C,2023-04-30,19343.21,PIX,91630452000102,True,ATM
3552b934-a343-450c-9f13-cb7bf09d8f20,29479681-0CE,2024-12-26,15193.1,TED,18523647000163,False,ATM
997c6461-5cdd-4c13-b7bf-66bb17184874,D8F25E4E-64C,2024-12-07,9337.63,PIX,40972168000183,False,AGENCIA
9c6512f1-11d1-44bd-8234-2aed66a3e049,C34ECFC8-D9D,2023-02-22,23678.79,SAQUE,09186527000127,False,APP
ee666f3d-76ae-41df-a24c-a8d4888e8822,713C8530-565,2024-02-14,10684.7,PIX,80524173000148,False,ATM
bb1bebac-a115-48e6-a2e4-34a9c92a728b,EE6D2BA3-B6F,2023-09-25,7878.5,ESTORNO,35861094000178,False,INTERNET
34dd049f-9011-4a36-9e0c-cde5927b3fee,11391EE6-64E,2024-05-14,8458.57,PIX,83952617000134,False,INTERNET
0a5c5d37-b0ac-42bc-b786-a40a079234e8,10547D09-625,2024-06-11,15245.94,SAQUE,26405783000187,False,INTERNET
77e08d05-4e5c-4f5c-8ef6-5364105586dd,880F0B08-2B4,2024-10-01,287.08,TED,01342965000125,False,AGENCIA
57db8385-a279-4eec-8b57-6a7f2252e031,42837FA5-5B8,2024-12-15,3392.53,PIX,51603429000104,False,POS
66d1700f-4d92-4183-a359-6d2177bf719b,A429C6B3-E53,2023-07-12,24542.14,SAQUE,82963051000183,False,POS
adbf64f8-b540-4379-b8d1-dc7a7f62048a,A1DE839C-A8F,2023-08-31,20917.31,TED,83592461000128,False,APP
5c879651-70b2-475f-9c22-fca26426d175,439662C8-A28,2023-09-18,2326.16,PAGAMENTO_BOLETO,76142859000105,False,ATM
8f0789d6-9bdb-4ac5-a68e-abf934baee8b,497EFB1B-D1C,2023-11-08,20894.43,PIX,35279846000197,False,AGENCIA
3018152b-4dff-4661-b902-feb87efb50c2,4094B3F2-508,2023-07-26,18188.26,ESTORNO,28035671000107,False,ATM
35700458-a2f1-43a9-b322-d3d5bad5cde8,6C7A6B3F-11A,2023-02-07,21405.56,TED,08457932000170,False,POS
a092a398-4386-4462-9968-f06a357f8101,D7082733-EC2,2024-03-03,997.72,PIX,41738025000174,False,POS
ee43a16a-7287-44ed-8ec5-6b7dd6fef0fd,35766F7C-297,2024-02-03,7751.79,TED,70235491000135,False,ATM
cafd6756-4ac8-4e7a-991f-30eea6a83c49,5616BA27-A5D,2024-01-30,5826.51,COMPRA,07583491000190,False,APP
dc789f41-42e0-483c-839b-748b886940cb,B269600D-820,2024-12-04,16583.59,TED,34609587000152,True,ATM
4bd526c9-be47-4999-9252-6fe88b7090af,1C145E3F-A90,2024-02-16,5141.04,PAGAMENTO_BOLETO,12079354000152,False,POS
b69b2671-5b3f-4ef4-9958-58808b59dc3a,CC8C650E-86B,2023-02-22,2415.63,PAGAMENTO_BOLETO,92178460000122,False,APP
2f3de429-560b-438b-8a55-52749edfaf50,699338A2-166,2023-04-23,7334.51,ESTORNO,13570962000128,False,AGENCIA
1dd231bb-88b5-40d7-95be-5987bd99f431,90BF61E3-F81,2024-10-16,10733.72,TED,,False,APP
38779f0c-6a20-4d6f-8039-c9def3fc67ad,D64AAC66-00E,2024-12-31,11845.81,SAQUE,94278356000135,False,POS
cd5ba817-2231-4cba-bd5b-e940c3393165,D26F315A-41A,2024-06-02,16506.41,PIX,05267893000150,False,APP
0e4dea6a-6bab-44f6-9444-3345696eff12,41BED45F-D69,2024-03-10,16936.24,PAGAMENTO_BOLETO,10756394000166,False,ATM
e4df25de-339d-4308-896e-46a40b704922,AD6622BF-260,2024-04-18,8007.89,SAQUE,65123079000193,False,INTERNET
8b45b127-627d-4fd1-93df-9a40bb8ecada,02634C63-DC6,2023-03-13,7706.11,COMPRA,12974308000117,True,POS
2ae5ed60-5345-464b-81be-8953e1f847d4,DEDFA32E-A68,2024-03-26,21475.5,PAGAMENTO_BOLETO,12374509000183,False,ATM
0778849f-a317-4e12-9935-1266572edca5,65F02700-2FC,2023-04-24,11232.17,SAQUE,86049351000102,False,ATM
dd9e0196-87d5-43fd-849a-960e4d7787d4,1B07A035-981,2024-07-16,17356.43,COMPRA,29186740000146,False,INTERNET
abe0e6d5-48b3-4192-88bb-f9a5defaea26,EB7A7F06-70E,2024-08-23,21025.65,COMPRA,92501768000167,False,ATM
d091c47e-8bac-47ce-b1db-f40bd216a491,012936C9-0B1,2024-09-30,18953.86,ESTORNO,64902531000152,False,POS
40c6ebbc-e794-4e9c-995b-71385d2a78e0,C0803A87-332,2024-10-26,9176.74,SAQUE,12746893000106,False,POS
58489c84-1f0a-489e-baf3-862061ded532,36836E28-7AF,2024-02-19,1600.94,COMPRA,76840915000177,False,AGENCIA
288f4ceb-a15c-4874-8b34-28a1c8d4f66b,C69A6927-B72,2024-12-13,2499.36,TED,25346980000100,False,POS
f0e90468-fc57-4102-954e-d31a697d9085,42A9CD29-2F9,2024-01-12,19460.0,SAQUE,90465183000103,False,INTERNET
795bec8a-f789-4056-8ebc-cd732dfa487d,AFB22303-3B8,2023-10-12,1544.2,SAQUE,93460815000134,False,ATM
a5b678fc-131a-474a-9f26-5d552ec38539,D83FBE0D-126,2024-06-26,5081.24,TED,89514367000137,False,ATM
6503a1f7-3965-423e-bea4-cea311160506,012936C9-0B1,2023-01-23,24273.61,PIX,98142306000187,False,ATM
bd993242-59bb-4c25-97c3-a56ee631ab14,AD72640D-C17,2023-09-19,18784.77,TED,96027381000171,False,APP
212f3a8a-0690-4101-b6e1-5039439b5d43,78358790-736,2023-11-09,6775.68,COMPRA,06145839000102,True,AGENCIA
97c1d3c0-0f81-479f-94aa-d02a83b50c07,4348581D-CB0,2024-03-31,906.68,TED,59083162000183,False,INTERNET
522c7eb0-e21f-46a6-87d8-7b7e39efff3e,3BE9521C-BEE,2023-05-06,5962.19,COMPRA,71086293000110,False,AGENCIA
615deed1-a2a5-4010-babb-85fb7c4811db,3F88773F-469,2023-02-11,24224.83,PIX,38410267000120,False,POS
7ca66988-9984-4031-93fb-9b2edb49c12a,0216632D-A04,2024-08-21,12157.45,PIX,69241370000117,False,INTERNET
05b31312-363a-4a88-a958-5a1cc8bb2f9b,F345BD52-4A3,2024-07-29,4412.86,PAGAMENTO_BOLETO,47601358000133,False,AGENCIA
3a3cdca7-7498-45fc-99fb-ee817a71fd8a,03112687-423,2023-11-09,18729.33,SAQUE,31802596000177,False,INTERNET
e4a60ce0-6d39-4c42-a2a5-60777aa8be3f,504B56C9-75C,2023-09-22,18566.4,PAGAMENTO_BOLETO,59341086000169,False,POS
40376409-08b2-4817-b81c-d5d85926faf0,75D5BF65-D16,2024-09-05,20571.1,SAQUE,90824315000146,False,AGENCIA
a80ef794-95ff-409d-99b1-ca4bb0eb2b4c,1C145E3F-A90,2024-10-19,2874.01,PAGAMENTO_BOLETO,97461208000140,False,INTERNET
855a328f-da30-415a-9149-eaa7a6d903bd,9F541B3D-2BE,2024-02-22,20311.48,ESTORNO,46890753000110,False,AGENCIA
ba8ff061-190f-455c-8f31-400c2ddbf68a,992C185E-9D9,2024-04-01,24794.71,ESTORNO,29501673000107,False,POS
7d619834-1d78-424f-a484-f1a54d341b92,A13C5957-9AB,2024-04-17,22533.55,PAGAMENTO_BOLETO,86203145000105,False,INTERNET
d47539ff-cfd7-42fd-a35e-cc7391cbcf63,E5156096-91B,2024-05-10,23868.81,COMPRA,34869150000158,False,AGENCIA
ef11ad52-76a0-4287-b86f-53322357650a,296BA3E8-2A2,2024-08-24,4689.07,ESTORNO,23450987000141,False,AGENCIA
47a559d5-67d0-4a15-bf8b-fd59c093976e,713C8530-565,2024-08-27,16189.51,COMPRA,31867592000177,False,ATM
a7832a16-fb10-4fcd-bd7e-8dabcfd684a4,57922564-3CD,2024-07-25,11490.58,TED,37098124000161,False,ATM
8c0a2d32-17aa-4215-84e3-48e5921b6f7c,658124DD-565,2024-10-12,52.06,COMPRA,98435071000111,False,INTERNET
78aef44b-ef3c-4b28-9881-a4138120ddaf,7A75C6A4-725,2023-09-21,17516.45,COMPRA,60739248000109,False,INTERNET
eaf24269-0ce3-4cef-9965-e9763dc0fd73,45908E7E-B6E,2023-03-02,8755.83,COMPRA,76354921000114,False,INTERNET
e2361802-8b2b-409e-ad3f-36ddca02cae2,96DF87A5-7F5,2024-02-23,22509.65,ESTORNO,52368014000166,False,ATM
83c6e4f8-52e1-4615-ba56-ec72cd42625d,1CDDA734-B57,2023-06-01,11622.01,PIX,90682351000112,False,APP
16873409-71e4-47e4-acaa-228e884559e5,DBEA8F18-1FB,2023-06-09,10946.31,PIX,62541098000141,False,ATM
5a112336-0502-4437-bf45-49854a5f1e9b,A577D70F-D33,2024-03-16,2565.99,SAQUE,17302849000112,False,AGENCIA
2b0f68fe-fa31-4941-b3dc-1d7294f15c0d,5B8277CF-B8C,2023-10-30,233.25,SAQUE,25980431000192,False,ATM
a2bb44a1-ce1a-4603-b163-d45fc84be13b,91F40B50-DE2,2024-09-14,3933.37,COMPRA,40932165000116,False,INTERNET
93377fbb-0aab-469c-9ea4-31ae5f45db62,3E7FC973-929,2024-10-06,12793.75,COMPRA,30542781000107,False,ATM
753d2d62-e06c-4fc7-9f31-e3b4500a964b,A3D456CB-CDC,2023-05-19,11547.18,SAQUE,98746035000179,False,ATM
8ea9d07e-6744-46e6-a368-54087a83472c,C051EB60-892,2023-12-23,867.59,TED,70846319000118,False,APP
e2ac5a26-6e12-4929-a5d7-bbc10ec84f06,D7B62EED-316,2023-08-26,9907.57,PAGAMENTO_BOLETO,05829467000162,False,POS
5b3ca8c4-2db0-448c-9165-fcd12ab3df0c,2ADD4393-5A3,2024-03-07,7725.55,TED,95361072000170,False,INTERNET
a57952a3-55c6-4596-8f8a-4e30301f2e61,7673EA28-DD8,2023-02-25,8387.58,TED,07426385000100,False,ATM
bf7a6266-42f9-4e43-bd1a-b2011ba91d3b,743FC2FA-1C5,2024-06-08,24720.75,SAQUE,37405689000144,False,APP
862b4481-5123-48ea-892d-c3d518b0911a,FEC8557E-820,2024-03-22,17051.81,PAGAMENTO_BOLETO,35401872000146,True,APP
59d190bf-cfd0-4b47-87fe-a5d2c0ec0a8a,E122327A-013,2024-12-20,8007.83,TED,,True,INTERNET
1f400be9-c010-4d27-9a21-dd0b70861377,1B593A49-C61,2023-03-08,9822.69,SAQUE,82690175000132,False,POS
490cb8bb-77f8-4059-829c-6661ff09cdc7,F369784D-213,2024-04-27,21771.39,SAQUE,95287041000117,False,INTERNET
b1e3e6ba-91fc-4055-ad4e-306cd51b5211,1ACA01CF-632,2024-11-19,3869.49,COMPRA,46512930000125,False,ATM
504daa29-d9aa-4fcf-a00b-27dbbeb29f4b,6AA8E43E-7C9,2024-03-21,9597.87,PIX,69815302000114,False,AGENCIA
8f34665a-60ab-419a-a6aa-5db4e721fe13,973432A5-1DD,2023-11-29,16400.12,SAQUE,93274015000129,False,INTERNET
8e0666c4-c9ca-487d-8ae2-7a8419696e7a,E336FE15-195,2024-10-04,6943.99,ESTORNO,13879625000117,False,ATM
379ea49f-13b5-46d1-ade1-98028f704522,76B2B36C-816,2023-10-12,24445.95,SAQUE,48679032000191,False,INTERNET
d64f6dc5-3948-441b-a5b9-67f3de88c59d,C24B0CD9-CA5,2024-05-27,23626.27,ESTORNO,,False,APP
a6da31b0-2f52-46de-b50f-9ba6b9eb306d,C24B0CD9-CA5,2024-11-12,11659.85,COMPRA,79413286000197,False,APP
999e9848-998b-4d1f-885c-183171b977d4,296BA3E8-2A2,2024-06-15,5995.15,COMPRA,86705234000150,False,ATM
861fb61d-18c8-4c03-b857-c836045942b9,9D279566-E1A,2023-04-29,5609.95,SAQUE,25863710000176,False,ATM
bf80eb72-0e1e-4a6a-a1e2-bfcd858d7a1d,439662C8-A28,2024-10-31,21431.66,PAGAMENTO_BOLETO,57168049000175,False,AGENCIA
716041d1-211b-4b3c-9538-23749baec8df,A890B3C1-30D,2024-01-17,8307.21,SAQUE,78291506000194,False,AGENCIA
5905df71-443e-4a2d-ad70-b31a0947cd03,F3C371CA-0C8,2024-03-27,2979.88,COMPRA,39524178000177,False,AGENCIA
f70b82e5-0e55-41d1-85f4-766126591f46,F44856C2-08E,2024-05-24,16640.36,COMPRA,70836195000190,False,INTERNET
5edaacba-485f-4c96-a3e5-8bd9fc514b87,21D4590C-D80,2024-01-18,15572.93,COMPRA,24987350000151,False,POS
7ee90dbd-791d-4d16-82c3-159286d03185,DB275D79-7A4,2023-10-01,12318.56,TED,52798061000140,False,INTERNET
1bfb5d5a-2e5b-4dc3-97f7-1fd16a1cea40,CE3CBFF5-437,2024-11-20,8592.81,PAGAMENTO_BOLETO,03968125000106,False,POS
c581e09c-66d5-4e07-8580-0555f7a03db4,D8F25E4E-64C,2024-11-02,14733.78,SAQUE,20935417000153,False,AGENCIA
ff56d003-03dc-47e8-b89d-8e723038ac73,743FC2FA-1C5,2024-09-03,14033.57,SAQUE,20734186000110,False,INTERNET
e853afb7-372d-4c53-b612-abc5abf129aa,4E017D84-67F,2023-01-26,7842.07,COMPRA,50249678000180,False,INTERNET
71989402-db1e-4533-b33e-028e77ea82c5,047120EF-D1A,2023-12-21,8369.15,COMPRA,54927108000153,False,ATM
8882e8e9-05b1-4800-a980-92ab33ef2616,C0803A87-332,2024-08-24,20008.76,PIX,91354682000196,False,AGENCIA
87b88e3b-6693-44d4-83cc-98091ae7c303,E764C6CE-0B3,2024-08-22,1890.29,SAQUE,24518973000185,False,POS
ea727bdb-8330-438c-a849-241db5fd16a9,02F2FEBC-D68,2023-12-09,6262.73,SAQUE,84395712000147,False,INTERNET
60e7e98f-ce34-4bea-9822-3bd957e5e275,B92A73D1-35A,2023-07-22,11359.38,TED,48103952000167,False,AGENCIA
b31718eb-71c8-401c-b036-fbdf5c7aaa7e,4912A64A-776,2023-12-09,20181.16,PAGAMENTO_BOLETO,56410283000102,False,APP
68f65eb1-3d90-4a77-89a6-8473e8fc9554,8B8AC6E3-353,2024-05-19,15610.87,PIX,49027185000117,False,APP
33c73b51-7b2b-4a91-9f73-c9b9f616ccbd,11391EE6-64E,2023-10-03,4935.2,PIX,76013982000118,False,ATM
6f1d2210-37af-4a69-9e8f-e775f9f42651,DD6841A6-5EB,2024-01-21,6931.88,COMPRA,08596274000105,False,ATM
f6050fce-be60-4b83-a95e-a3a029da02e3,938851C2-6B0,2023-09-12,19250.88,SAQUE,31506987000144,False,INTERNET
4044c00f-0b3d-4f04-b642-6d2136f80f08,5FF8C9EF-A2C,2023-09-25,21171.55,PIX,75140392000193,True,POS
9a8308a2-cac3-4037-9edc-c2e15161d171,E300F18A-C64,2023-01-03,2370.87,COMPRA,94238705000195,False,APP
24a3301a-25ed-4e8f-abb7-96d176421d65,7E92A89E-3BB,2024-03-29,4196.84,COMPRA,70594261000162,False,POS
f0f7a298-99bf-4c5c-b029-3b29953bf1d0,D07D1A89-C38,2024-07-22,6812.83,PAGAMENTO_BOLETO,,False,AGENCIA
908ef61b-b1bd-4e5b-a430-2f3d22cbccc4,4B4FBDF4-BCD,2023-11-06,6157.59,PAGAMENTO_BOLETO,,False,APP
ded1734f-2275-40ce-b3eb-271bf4a08520,FBDBE84F-622,2024-02-16,20237.72,PAGAMENTO_BOLETO,53710498000142,False,POS
024ed5ee-758b-4209-a377-fe30d4128285,9D279566-E1A,2023-01-15,6244.6,PAGAMENTO_BOLETO,52780463000117,False,AGENCIA
528e8f79-ce50-4e0e-bdbb-53c1dccc0c15,B8774B06-2C2,2024-08-29,12875.35,PAGAMENTO_BOLETO,10692387000148,False,AGENCIA
23ee77dd-a6d6-43fe-9eb5-bb6ab6d87c97,E300F18A-C64,2024-06-04,21319.31,COMPRA,54087216000165,False,AGENCIA
215e3da2-4cd8-4397-ae29-05590c1c0b77,929EE52D-1FF,2023-08-10,403.45,TED,53769182000126,False,APP
9a98f94c-ba23-4d0c-a1b1-028640d54849,0216632D-A04,2023-02-04,8498.9,PAGAMENTO_BOLETO,67892514000170,False,APP
de914add-832e-4b5d-a1e8-340f7ae98c39,50375792-33E,2023-02-19,17372.41,TED,96372480000190,False,INTERNET
29d5de72-71eb-4036-a943-b2a74f26588b,652FFC7E-0D5,2024-10-18,8532.85,PAGAMENTO_BOLETO,52846093000173,False,ATM
e6691803-0a08-4ac2-ac3d-1f779467b332,FF7FBC12-858,2024-08-28,20259.25,PAGAMENTO_BOLETO,10638472000128,True,INTERNET
7f796779-050b-4210-9ae9-c3738c29e1c7,0216632D-A04,2023-08-30,24035.82,COMPRA,47380629000178,False,ATM
8433d3bc-738a-4054-a4d4-9f36d7dbec03,0338DF3A-F72,2024-03-04,14210.54,COMPRA,64839251000147,False,APP
220abf70-eb7c-4044-afb4-e2949d6d858b,D64AAC66-00E,2023-10-25,4020.34,PIX,17892540000120,False,ATM
29191da2-1564-41ba-a28c-b0acc15dfb06,909F21B7-78E,2023-05-28,19394.83,PAGAMENTO_BOLETO,75140682000137,False,AGENCIA
f633f5b7-af9a-42e9-89c7-468d420b2103,9AB96346-B5B,2023-07-14,14150.2,PIX,21856794000160,False,APP
70eaffb1-6582-4842-a7eb-f0d32fd607a0,F345BD52-4A3,2023-10-01,11426.74,PAGAMENTO_BOLETO,45029317000199,False,POS
6c0903b2-3021-45f1-b0f6-9945878ce1f8,6C0F83D3-984,2023-09-27,19585.86,PAGAMENTO_BOLETO,84390217000145,False,AGENCIA
701c33f4-8e96-4887-9436-fd40c1ee8340,FF7FBC12-858,2023-06-26,14971.06,PIX,87495013000167,True,POS
8d84a29a-7782-4ba8-aae7-e8fe95a93b4f,F369784D-213,2023-09-08,3717.16,SAQUE,74362190000123,False,AGENCIA
1355967b-0c8d-4148-b677-73b81d73cf98,41BED45F-D69,2024-01-14,18627.56,PIX,76301529000107,False,AGENCIA
c4bb481a-405c-4284-9494-4e7e65cb7d27,4BFDE91B-22D,2023-05-03,12386.66,PIX,48126973000106,False,ATM
3586efc4-f3ba-41fa-ae62-5ca5781c0f11,EEA42A8D-8B7,2024-06-08,21265.74,ESTORNO,64935081000102,False,APP
cba82a38-d4ee-465f-bedf-18d8591a38ca,50375792-33E,2024-08-11,7136.31,PAGAMENTO_BOLETO,65784023000180,False,APP
33eb19d4-57fb-46c6-9a17-c841d6f57422,E336FE15-195,2024-05-28,7581.2,PAGAMENTO_BOLETO,84619537000124,False,ATM
9e4304ee-e8c4-491c-adae-f4bbe01a2d93,20977FAE-684,2023-04-13,7268.61,PIX,46179508000108,False,APP
31ba50ce-ebd3-4359-acdb-4a05971e0087,7BA65E1D-25B,2023-05-28,13209.79,ESTORNO,56214378000142,False,POS
662876d2-ead7-4816-8d61-53302f58a33b,FBDBE84F-622,2023-07-14,21937.88,SAQUE,78025691000175,False,INTERNET
59f73730-a354-4d82-af21-15c3f8d4e9ce,20217DA6-A62,2023-06-01,575.64,TED,87603954000177,False,POS
d049040a-71d8-4738-9f3f-3b5a7293eef1,20868332-9FC,2024-01-30,22936.6,TED,70684253000107,False,INTERNET
6fc65d68-2a37-48d7-a2d3-c84c7eb5293c,F369784D-213,2023-08-11,10331.4,ESTORNO,79534801000197,False,AGENCIA
ff69fd81-c883-43b3-8f60-014e13aad144,20217DA6-A62,2024-01-07,20368.86,PIX,68375412000140,False,POS
9f589393-c344-4889-b003-0d02a7ad43df,6169EB68-5A1,2024-05-31,9922.42,ESTORNO,79062853000108,True,AGENCIA
d10ff6d0-545a-4a69-9426-bdd3a8421664,F345BD52-4A3,2023-07-24,21381.23,PAGAMENTO_BOLETO,98035724000175,False,APP
64b337c7-93ed-4d82-8df7-435f120abd0e,0216632D-A04,2024-01-13,12952.68,TED,73689124000108,False,AGENCIA
378f9c22-fc1a-42e4-90d9-d30f37edc4fd,A890B3C1-30D,2024-11-22,21010.22,ESTORNO,67048531000125,False,POS
335d1bdb-ae39-4ec2-aa06-5259200d3fe4,9BA187E2-1C7,2024-07-12,8822.73,PAGAMENTO_BOLETO,43285761000140,False,INTERNET
ff889ee7-a32d-4fd4-8763-33a23e71fa1e,D67D9A88-C34,2024-09-18,380.92,PIX,,False,POS
f75d48b9-3bb9-4025-ba9e-506b3c78346b,5FF8C9EF-A2C,2024-01-15,4904.82,ESTORNO,09514236000110,False,ATM
2680f1de-f4fc-480c-909e-7598781b1308,58640546-C28,2024-04-14,20256.17,PIX,,False,INTERNET
28acc103-20e8-4a6d-af00-7921426bba21,07C93CA1-3B6,2024-07-05,6000.96,SAQUE,10978453000140,False,INTERNET
27a4502f-0834-450d-8000-e57eb5af3fd0,6D7513BA-8D9,2023-08-25,11751.07,TED,40792156000177,False,INTERNET
76b4035b-00da-4ac2-a1be-cb7a0eb604ba,C1DDE387-6CF,2024-09-13,15326.13,ESTORNO,30526178000131,False,AGENCIA
d3fed721-7657-4c60-b5c9-55f3fc094839,5DA8DF02-F9C,2024-10-12,24131.35,PIX,74953612000135,False,APP
eb73d01b-7380-48ea-b184-0448c6f2af17,AABDD418-4A8,2023-05-18,4026.24,PAGAMENTO_BOLETO,,True,ATM
49cf6c6a-e2e6-47c5-a172-d9ac2e3df9fd,C0657C28-173,2024-11-25,12429.09,COMPRA,02957364000190,False,POS
6e5a1ac7-a384-49de-917e-02fd1ba06d9b,E0ABA7D1-487,2023-01-19,7406.07,SAQUE,73016528000122,False,POS
2dc8eacd-d251-4eb5-b939-207d39ddb4c1,41532C01-314,2024-04-10,7157.66,SAQUE,61450938000106,False,INTERNET
8995aecd-1c69-40f5-a7dd-af9ed98a12af,E30EE1F6-550,2024-10-19,6940.41,TED,40129587000158,False,POS
c6d7363e-044a-4798-98af-8e9428f16dfc,11268A8C-814,2023-08-11,1831.98,SAQUE,64035921000172,False,APP
6dfd4093-dfd9-42b5-8f66-a09dec94bd7c,D7082733-EC2,2024-03-17,20674.84,ESTORNO,34106798000172,False,ATM
39e7c1e7-ed32-43b8-8711-b9738fc3993d,89B05EAE-D90,2024-10-14,21418.84,COMPRA,72416539000137,False,ATM
fd1ce1be-d5d3-4101-b775-62f6ee5c8b63,11DD78E3-90E,2023-09-21,15993.82,PIX,01624597000108,False,INTERNET
09ad5d5e-5216-47ab-aa59-b0a1d9d15250,8C5E1F11-854,2024-12-30,18779.27,COMPRA,58907134000170,False,APP
f52581f2-7386-40c3-b47c-da4d77e083bb,285ED2B8-FBC,2024-07-18,7382.94,SAQUE,31802574000107,False,INTERNET
ac0a9b7e-b700-49e5-be02-2565bc54deab,E336FE15-195,2024-07-25,18542.37,SAQUE,89730146000104,False,APP
1c848d21-9242-49fe-879e-f3402a1649f6,7CC2EBF2-FD3,2024-04-02,16060.81,PIX,03456297000192,False,POS
1011a316-a259-47b9-8bac-b2eae91acc2b,7ECE19DE-AC0,2024-10-21,18823.75,SAQUE,02157834000130,False,AGENCIA
183621c4-8590-42f4-abfb-0237634f2d24,BCE54E5E-808,2023-11-29,3562.96,SAQUE,36102594000199,False,POS
f3d98a6a-2180-4f1f-bc52-14297b773f2c,A13C5957-9AB,2023-09-28,3243.1,SAQUE,20674981000160,False,ATM
2c1872ce-e7f0-443b-aa79-d0801ecbc0de,45908E7E-B6E,2023-07-05,11923.11,PIX,06537498000102,False,AGENCIA
0b3c53b9-2ccf-4635-bfc1-9aeef006c2df,DC53D190-D5E,2023-12-14,11148.36,COMPRA,18670324000100,False,APP
337f1e98-c10f-4246-9f13-2098117c4543,E30EE1F6-550,2024-06-17,16459.75,PAGAMENTO_BOLETO,71293650000110,False,INTERNET
f6d8ab8c-cf16-4da3-8633-a3286b0c0d57,1E770BBB-B8E,2023-10-16,2332.22,PAGAMENTO_BOLETO,67859123000153,False,APP
28a35a6d-2396-4742-b889-1e930a719436,3FF3BF69-B2B,2024-01-23,5683.02,SAQUE,19480537000124,False,POS
94220c54-c809-40e8-9322-7a493c212d6c,63DE84D8-4F6,2024-12-29,20677.87,PAGAMENTO_BOLETO,24039815000142,False,POS
65a303c8-6454-4816-bdcf-5f0d9b60ded6,FA9FD845-79D,2023-06-30,21829.73,COMPRA,52346719000182,False,AGENCIA
56c41b7d-8479-4172-ab53-b03ce575cb2b,9FA5B939-CB2,2024-12-05,11553.84,ESTORNO,40138675000116,False,POS
3663b495-0b3f-40c3-851f-318ea4829fec,12238E6A-C08,2023-09-10,19296.8,TED,93750824000160,False,POS
cda81ead-f7fd-4911-aae0-feaf88d2b114,0242103B-775,2024-05-01,7777.87,COMPRA,60581473000151,False,POS
6aeedee9-32fc-4850-b03c-bafbca318184,A577D70F-D33,2023-09-08,17539.51,ESTORNO,85237910000145,False,POS
36cecbc0-1688-426c-842f-2c79b1c869bc,E1379B0F-C24,2023-05-14,8509.32,ESTORNO,94756082000142,False,INTERNET
33ead8ba-9ef8-4fee-be31-213478c1032d,AABDD418-4A8,2023-11-21,24769.52,TED,60842379000109,False,ATM
dcd86cc6-586f-4cd8-9464-3e2e8fcebcfc,BC184D0F-B3C,2024-12-21,17817.64,ESTORNO,47902836000145,False,AGENCIA
a6e49cd8-404f-4819-ae3c-396c6551bb98,2C89C1DE-1A7,2024-03-31,10288.62,ESTORNO,72190843000109,False,APP
1e2e9803-8d10-441d-9694-99678b8b901b,58640546-C28,2024-08-06,12996.16,PAGAMENTO_BOLETO,80561473000105,False,INTERNET
0fc1538e-c823-49cb-bf64-4a7d60b2cfc5,EE280395-C68,2023-03-22,17939.91,SAQUE,60398745000182,False,AGENCIA
f624c07a-36e9-4884-9a89-a6ec92c17d06,235CA8B4-2DA,2023-10-25,15460.58,ESTORNO,,False,POS
788cc02b-1f34-46b8-95a9-ad5bb70e039e,A577D70F-D33,2023-03-08,3377.99,COMPRA,26407518000138,False,AGENCIA
8fc9f4d2-7b8a-4253-acd3-a99a62463982,5758ECFB-5DF,2023-06-27,18708.44,SAQUE,53089261000196,False,AGENCIA
eb7eeb72-c461-41dd-8e5a-f022d9fdf05a,AD72640D-C17,2023-02-22,24030.89,COMPRA,84123659000125,False,ATM
c7b7e189-a34e-4632-9256-a0885a77a252,FAF2CD44-6BD,2024-05-14,5345.28,PAGAMENTO_BOLETO,28917460000106,False,ATM
505107b8-a7cf-4f47-a8bb-f241f1435049,5374F3F0-0EA,2024-06-01,16867.58,PAGAMENTO_BOLETO,45173980000162,False,AGENCIA
534c4183-6854-4053-8a1d-9d629469f5a2,25296E7F-C60,2024-07-30,7302.55,PAGAMENTO_BOLETO,57194623000160,False,ATM
d8c1b8fe-afbb-4d77-a278-a6d74c39e274,2ADD4393-5A3,2024-12-25,14255.45,PIX,20147693000157,False,INTERNET
4152d9dd-80bb-4b7c-9072-ffc32a37ee74,E300F18A-C64,2023-05-19,20252.55,COMPRA,05438761000143,False,APP
f4c50928-d792-4f9e-a997-1c8b40a78c5b,03112687-423,2023-01-31,582.5,COMPRA,36824519000131,False,INTERNET
7798365a-ec53-4af1-afa0-55362a30706e,89B05EAE-D90,2024-02-22,12615.99,ESTORNO,63281950000151,False,APP
b279deec-5034-4275-986b-899d57db0f93,57922564-3CD,2023-11-24,9878.72,COMPRA,97802641000100,False,AGENCIA
06fcfc33-ad67-4d0d-be87-4bfa80c16ee3,18AE6F70-8F1,2023-04-21,14654.96,TED,53610479000144,False,APP
053e6a72-dcbc-4d17-a5d0-b08b961f28eb,C1DDE387-6CF,2024-02-12,14127.21,PIX,35807219000181,False,APP
83445cd9-4579-4006-8dee-9adee87d573d,006ECDDA-42E,2023-01-09,16595.51,COMPRA,87590123000108,False,AGENCIA
4c5d7fa8-2c28-466a-96b4-8530325a10d0,8F20775B-7C4,2024-05-10,12871.84,SAQUE,19425678000144,False,INTERNET
456bb4dd-9448-4f71-844d-666002a2a16d,DC53D190-D5E,2024-11-20,12095.04,ESTORNO,81679052000138,False,POS
95120d6f-5352-49c4-8440-e931f27c4ac8,1B87EAB7-241,2024-03-09,23965.18,TED,69412853000137,False,INTERNET
4748647c-bb40-43ed-b65e-b4102325c623,C34ECFC8-D9D,2024-06-12,15479.49,SAQUE,69730541000171,False,AGENCIA
7404f777-5119-4ed1-a012-29ec34b19c61,0338DF3A-F72,2023-05-08,2875.5,PAGAMENTO_BOLETO,91087345000180,False,AGENCIA
2af75487-4ed5-4a2a-8e92-e5486539771a,4E017D84-67F,2024-10-30,1600.05,SAQUE,12408973000143,False,AGENCIA
22c0932f-eadd-42db-97fc-c9312d35e644,C31C921A-968,2023-08-29,5142.99,TED,48301769000176,False,ATM
950b8335-e568-421b-acd5-34cba0578f32,07955C62-C5E,2024-11-22,11583.2,PIX,65481702000180,False,ATM
7b2c4736-31b3-4656-8f81-7581f4b8179e,53C02BFE-5EA,2023-09-14,11107.77,ESTORNO,61392704000141,False,INTERNET
680e04bb-bd36-4cc3-8927-260f3de9fd0a,9D279566-E1A,2023-12-09,9700.99,PAGAMENTO_BOLETO,86531427000131,False,AGENCIA
8fa5d493-a89e-47d9-b04e-fe28839b1f60,4912A64A-776,2024-11-12,1203.63,COMPRA,12605839000132,True,POS
c63c07df-3e56-4d02-a2df-16d2fbb4408b,4276B25B-A06,2023-04-05,10940.93,TED,57028491000104,True,ATM
258f5a7d-76ca-42fe-b120-7419fa326e67,699338A2-166,2024-12-03,1876.69,ESTORNO,41067593000190,False,POS
095d3b4a-6cef-49c6-9f25-40bc65ae4fe2,3680AE2E-283,2024-02-27,747.61,COMPRA,57391024000136,False,POS
88de5b6b-f9ca-4c6a-9932-1d77d1b2155f,FD094CD5-837,2024-05-07,14908.85,TED,04285397000166,False,ATM
0fa22d40-cd9e-4b36-bd75-403376ea164c,FBC5845D-F70,2024-02-27,22184.91,PAGAMENTO_BOLETO,46958732000190,False,AGENCIA
2ef89f8d-dfa6-4770-b1f8-7ca934055558,CA865364-8EF,2023-04-03,11864.97,PIX,,False,INTERNET
153a9abe-c821-43e0-953c-f0c770472db6,C5A04C8D-3A9,2023-08-24,7246.84,TED,91534862000150,False,POS
1a336904-1fc1-4940-a5de-8049f6a24d21,14E3BAEA-767,2023-09-08,16411.35,ESTORNO,79864321000194,False,INTERNET
483ad455-9557-44f3-8615-6527882cb6ab,9BD37035-C63,2023-07-21,8707.6,PIX,14720836000175,False,POS
9d53b7ae-bd93-4868-9390-2621973230d6,0BC0CDFC-D6C,2023-05-28,9293.82,TED,85139426000183,False,ATM
8dbd0840-79f7-42cd-8a76-9a6966cbdd00,35766F7C-297,2024-01-24,18191.58,PIX,68204371000129,False,APP
d642d653-5484-4b49-900e-a9889dc89755,3CC187E4-44E,2024-07-27,11864.51,COMPRA,39872465000178,False,ATM
8cebf034-8bdd-4877-890c-59a36f96a692,6169EB68-5A1,2024-12-06,4397.68,SAQUE,71645809000119,False,AGENCIA
d990d550-631a-45f2-bf37-1554ad7425a5,6A6E452F-04F,2024-01-31,20292.59,TED,08327149000191,False,ATM
0de9568e-ac99-458e-8c10-b6e2d116a878,9212F99A-4ED,2023-03-15,18729.49,SAQUE,92503714000130,False,APP
9c5f6560-7d89-4669-8663-144f7e5be5cb,EF04CCC3-8DC,2024-12-15,6508.81,ESTORNO,08293476000170,False,INTERNET
85089ca2-e596-413f-869c-74256598fa89,E300F18A-C64,2024-11-17,16407.04,SAQUE,02684719000114,False,POS
e197272b-2b7d-4fdc-95b3-c4f664caf7ee,546DE253-757,2024-03-27,9872.41,TED,03514862000120,False,AGENCIA
6b8de1cd-2409-48b1-9ff9-d99192f73f19,B94F3F59-1CC,2024-08-17,6392.78,COMPRA,84956120000157,False,APP
0eedfd6c-9fea-4960-b4eb-d3a2043e863c,7445C30A-BB0,2023-12-11,15739.24,PIX,35876120000131,False,ATM
62803863-55d8-47b8-8df9-bcabbd47adb5,DB0D7157-AAE,2023-01-17,5443.98,COMPRA,59127368000168,False,INTERNET
f0448810-edb6-4182-b1dd-503b97441fa6,F345BD52-4A3,2024-12-29,9752.62,COMPRA,48967301000115,False,APP
9d4fcd1d-c726-4130-a1b3-4b858f47b04d,63CAA8BC-147,2023-03-21,8968.54,PIX,28146793000170,False,ATM
aca9dc28-c385-4f10-896f-e08b1ac9b23e,6C0F83D3-984,2024-12-30,12761.18,ESTORNO,01329486000179,False,AGENCIA
4340bfbf-0150-4c01-81a7-1abf78c7821f,0F942AA1-52C,2024-05-28,20982.14,COMPRA,86025439000194,False,AGENCIA
b69aa49e-a8b0-40eb-a4b6-271f57d1bb9e,6AA8E43E-7C9,2023-07-20,19129.05,ESTORNO,41968052000133,False,INTERNET
365cc69e-2b0d-4e2e-a6a3-7a4072a3062f,CC8C650E-86B,2024-01-09,15109.39,SAQUE,41208765000107,False,INTERNET
9d0ee636-4c7f-4abd-ac2d-f9bb0fb5166a,C69A6927-B72,2024-09-01,19135.89,TED,39670285000103,False,POS
f9341d1b-7a76-44b8-b476-9ef05b99fc16,EA1A1A06-74E,2024-04-16,9815.09,PIX,70836452000193,False,AGENCIA
075a1968-5959-47ed-bb26-3c054735a13d,5CF51D18-847,2024-06-13,9014.51,PAGAMENTO_BOLETO,87610493000160,False,APP
0b974f94-21ca-4e23-b525-a9fa33fb31aa,DD6841A6-5EB,2023-07-06,11855.87,ESTORNO,81356490000165,False,POS
683531cf-5880-4d2e-b3ea-89994e71be9e,D121BD33-816,2024-09-07,9605.44,COMPRA,75861439000108,False,POS
a7b31f97-9c37-40a2-b18c-6e584f005400,A09B03EF-EBF,2024-05-04,4578.24,COMPRA,52073491000102,False,INTERNET
31007b7e-9f9e-40e8-ae64-192c96a48e95,8EEE1992-6DB,2023-08-11,14347.65,ESTORNO,60754982000139,False,INTERNET
1c685250-6b03-4c09-9eff-a04e4d4dec9a,88A37BE7-4B4,2024-02-05,24515.26,PAGAMENTO_BOLETO,74029156000131,False,ATM
fd62bb94-ad2e-479a-b38e-b07787041878,BC184D0F-B3C,2024-03-06,20384.55,COMPRA,97054231000110,False,INTERNET
219f4527-f39a-4c32-9680-98b2cb1bce72,D7B62EED-316,2024-07-12,10864.82,PAGAMENTO_BOLETO,65308147000199,False,AGENCIA
288b31fb-2fc0-4695-a27a-9e4776e0ab1f,42A9CD29-2F9,2023-03-27,12493.8,ESTORNO,78124539000140,False,POS
dd3c7020-bc72-4bd7-a459-39ecac91af88,9B272835-D53,2024-06-22,24770.66,TED,12478306000137,False,AGENCIA
8f6e2a23-5ef3-4b21-9111-1a20548799d0,AC855D2F-742,2024-08-27,1579.51,TED,09827614000116,False,APP
f87298e3-f6ab-4cd4-a74c-fc4c22e61f6e,6BF3EDFA-30C,2024-11-13,11823.82,TED,20698475000100,False,POS
fd0cd69b-c3d8-48e8-9ed4-f84e2cefdd86,41532C01-314,2023-08-14,3914.04,ESTORNO,54760328000135,False,INTERNET
90f47845-8920-43f5-b16e-1bf8f7dff9c3,691D59B3-7FE,2023-11-27,17270.55,PAGAMENTO_BOLETO,03921647000144,False,APP
595fefee-0227-41c8-a3c7-8d8414cb2c42,F46161DD-048,2024-03-23,21740.86,SAQUE,90836745000188,True,INTERNET
2d9e49be-d8e8-47e5-8137-03e9e9657e5e,C850624F-78C,2024-07-14,19194.82,ESTORNO,28147936000169,False,INTERNET
4990ae6f-aaf9-4422-a966-ff46ff24c525,C24B0CD9-CA5,2024-01-01,19934.76,SAQUE,63925174000185,False,ATM
5a0434ea-f82f-4720-90fe-46db4e93efd5,1B922371-F6B,2024-05-24,13179.59,COMPRA,32954816000140,False,INTERNET
e2946cb8-3361-4acd-86e4-7c86f88f64f4,E4F74C28-9C6,2024-09-04,8769.72,ESTORNO,53910728000117,False,ATM
57808fba-8228-4cfd-8222-c6c8bb3ece76,A29C29B5-83F,2024-02-25,23580.61,PAGAMENTO_BOLETO,65092134000125,False,ATM
0a1c31b4-62bd-4a9f-a4ca-a97561c93cb6,0D2D5408-716,2023-10-11,6653.17,ESTORNO,19437025000185,False,APP
055a3d6c-ff42-4cf3-adaf-9ae6bfdca25b,7F4DB55A-F30,2023-06-04,11372.15,PAGAMENTO_BOLETO,26135847000177,False,APP
5fa98aa4-9284-4062-9827-97eed2257152,9917CE6D-711,2023-05-06,23082.65,PAGAMENTO_BOLETO,52089437000147,False,APP
d0557007-3bab-4dd1-8804-3a1fec82aa73,50EC0D0C-8B1,2023-02-20,13159.09,PAGAMENTO_BOLETO,45820937000141,False,ATM
15ee7542-81f7-482a-b9d2-873b4df554e0,A05E3883-7C8,2023-12-26,18501.25,COMPRA,76149052000196,False,AGENCIA
c0f7beee-14f1-45af-a56a-2606b23dca2c,3ED1676C-CAA,2024-10-28,13574.1,COMPRA,48572013000161,False,APP
2bb8bb0d-f026-46d7-a522-5c778fe545ef,0BD0FD7F-0B4,2024-07-29,2723.14,ESTORNO,76201483000154,False,ATM
753a868a-674a-4669-8f21-c809f94905bd,8C50AC59-006,2024-05-18,12162.82,TED,54820169000117,False,ATM
5083c1fe-81de-42fa-a1d4-e3cc98ab6053,EDA8FD63-D39,2023-08-06,1985.86,PIX,,False,POS
969dcbf6-6c56-40b6-8a70-2e49e2926de1,C051EB60-892,2024-01-21,23869.57,SAQUE,56389271000135,False,AGENCIA
275f6070-6320-4d66-8e02-dd132a065bd3,89B05EAE-D90,2023-12-05,9717.47,SAQUE,28376945000121,False,INTERNET
6ec605e4-8207-4e8c-ab26-3b0454b1c73f,DC953A57-83F,2024-03-30,7509.77,PIX,35842167000184,False,POS
a95ab30b-0273-471c-b654-762a17b9e516,A42FEAE6-A4D,2023-08-23,10211.48,SAQUE,95062471000130,False,POS
49c5db5f-eb90-4b08-b5ae-0b7bccfd8c12,047120EF-D1A,2023-06-01,22354.28,SAQUE,18754269000129,False,ATM
b7dae123-0f8c-4c0c-b675-a71bb1210f25,713C8530-565,2023-06-24,22997.05,PAGAMENTO_BOLETO,17025634000100,False,APP
eb7b54f8-02d9-437d-859c-86bc5ac52167,A506B808-57D,2023-07-05,8624.19,SAQUE,59723680000114,False,INTERNET
ce8f3f9d-a983-41fe-aee2-52c8200a91b7,29AA7C55-D27,2024-10-16,13736.06,PIX,03627915000110,False,AGENCIA
be90cbe8-e6cc-4c65-8ca5-77c9db5dacca,45908E7E-B6E,2023-06-18,1258.39,COMPRA,54891037000186,False,APP
45baa4b1-92d0-4da6-ae56-85f222429cd2,D6B929E4-C1F,2024-10-10,7988.3,COMPRA,65104372000103,False,INTERNET
7d276e5f-1c16-4242-b720-689239394574,CA0882C3-15D,2023-01-28,18789.09,PAGAMENTO_BOLETO,65827430000127,False,POS
c760380e-a787-47b1-b891-8a8fdab3bfc0,0ACC9AE4-1DF,2024-09-01,10677.54,COMPRA,26134058000111,False,POS
502ef74d-11b2-457c-839b-37491ee29a36,213778CE-215,2023-08-30,12171.07,PIX,52849317000109,False,POS
220d93f8-82e3-487e-ab44-2ca08918a042,665C134A-4BD,2023-11-21,13316.53,PAGAMENTO_BOLETO,60794185000185,False,POS
831c97eb-adb0-47c6-a1d0-1be046cd6b04,4E017D84-67F,2023-11-02,2329.71,PIX,30691852000133,False,INTERNET
b81089eb-610e-4a75-92b7-909b5a1bf4d1,233320B6-644,2024-01-09,9722.59,SAQUE,91724306000146,False,POS
7ee91aa8-ffdd-4930-929e-de95c2794930,E300F18A-C64,2024-06-20,13179.54,PIX,24378159000102,False,POS
926e5cae-2bae-4bce-a217-6fed6e78e0d4,4348581D-CB0,2024-11-30,18688.08,ESTORNO,89645102000178,False,AGENCIA
7f469c6b-f743-4bcb-bf6a-2c6faff3f48b,AF69A0EF-0DE,2023-09-08,11317.9,COMPRA,32601849000107,False,POS
309709dd-65a6-4591-a48c-f0b58ea80884,041C727A-960,2023-09-26,13381.2,TED,27184590000106,False,POS
45200f33-2d6a-4ba9-8f3e-c348fe0d839c,6067204C-83B,2023-03-08,23317.75,PIX,62340875000190,False,POS
f966f378-ab00-4251-ab95-f98e6d7c29d2,929EE52D-1FF,2023-12-14,8004.34,PIX,43758190000113,False,ATM
1e08ac39-167c-4a88-ae49-71c1b8d6100d,439662C8-A28,2023-08-31,12085.09,PIX,41937658000101,False,APP
65756670-fbea-4a56-ab34-e33ff1705a36,EE8F70CE-17B,2024-06-03,3541.37,TED,,False,ATM
1940c83e-5e07-4d88-9476-e332d1641654,29AA7C55-D27,2023-03-16,9230.71,PAGAMENTO_BOLETO,20761543000139,False,POS
28b639d1-6130-4380-87e5-e885cae073d8,507DE0B3-C8E,2024-06-15,18899.21,PIX,43692750000184,False,ATM
bd7e624c-065e-4087-a5dd-1cfde972523b,18F1EF31-2EA,2024-11-15,14816.3,PAGAMENTO_BOLETO,91025867000157,False,INTERNET
ed0fb311-9f9a-4d7f-96f1-d4153556233c,3CC187E4-44E,2023-07-11,3172.13,PAGAMENTO_BOLETO,89125473000129,False,APP
e62be478-d6e7-4376-84c1-3423c2375907,E92720A6-90C,2023-11-28,22953.74,PAGAMENTO_BOLETO,06837519000105,True,AGENCIA
73976d02-ccce-4ff6-ab4e-11537efbcc2c,F369784D-213,2023-04-27,8767.97,PIX,90682745000170,False,AGENCIA
507337a5-3707-450d-af72-b8cc31ce9e13,50EC0D0C-8B1,2023-10-19,13763.9,COMPRA,,False,POS
0c2ba7aa-f7ea-4fe7-a799-329e6a46b991,D8F25E4E-64C,2023-08-18,1680.33,TED,,False,INTERNET
e0e588e8-85c8-43f2-ba88-0952d60e417a,546DE253-757,2023-05-09,7262.31,ESTORNO,59126387000170,False,ATM
a7d0e84c-bfc6-4ff2-ad10-658b54ae95a9,2496CE35-A46,2023-05-18,2580.07,SAQUE,82419653000174,False,INTERNET
06609960-aaf9-4374-abf3-db3cbf65678c,4F7BE63D-3CB,2023-02-26,23443.51,PIX,59031286000115,False,INTERNET
f11e9661-82b6-4b51-bb99-e5dad783db7e,F0CC8CCA-3F4,2023-07-19,9297.42,ESTORNO,62170945000109,False,ATM
5945b593-72f7-46e2-922d-e8c8780b5413,7445C30A-BB0,2024-08-22,7845.24,ESTORNO,80214653000102,False,POS
b2c5744e-4295-49bc-84fe-f94ff63d87ba,713C8530-565,2023-06-10,9899.69,PAGAMENTO_BOLETO,01245378000118,False,APP
ecf33fb2-294b-4a84-a3d4-4883a816bb23,78358790-736,2023-01-01,14860.89,PAGAMENTO_BOLETO,59340786000139,False,ATM
ee223477-fc78-4d2c-beed-431733984dc5,497EFB1B-D1C,2023-11-30,19098.03,ESTORNO,60483729000198,False,POS
c84f1279-8cfe-46b9-bf58-aa2c87bf07d3,E300F18A-C64,2024-12-19,3658.78,PIX,82950671000188,False,ATM
9c6d8b97-caad-47e0-a36f-32b215e7aa0a,6169EB68-5A1,2024-03-11,21298.71,SAQUE,07653182000149,False,ATM
856e41bf-f6da-4520-968d-00b581dafa11,58840C79-79D,2024-08-17,11392.23,ESTORNO,26950384000105,False,INTERNET
65d53414-8ec5-40b1-ae21-39169ed0a6a6,672EBAA9-8E9,2024-01-30,21691.18,PIX,86549013000130,True,ATM
d955e9c2-3bb9-40a6-9a0f-625a9a46a026,C60883CC-A68,2024-05-25,16434.18,PAGAMENTO_BOLETO,52047396000126,False,AGENCIA
e7805f35-8ed1-4919-bb50-3e1aa8690753,AFB22303-3B8,2023-02-26,24402.09,ESTORNO,96175302000170,False,AGENCIA
25365467-48ab-4f69-90b4-669dbeaaee6f,A05E3883-7C8,2024-11-08,24898.84,COMPRA,09348215000172,False,INTERNET
83149e4c-b38c-426e-b103-ffe53f029df8,7FD0B09D-2BC,2023-06-10,15015.63,PAGAMENTO_BOLETO,59672801000146,False,APP
4c83290f-0a08-4c30-bd03-0e846adc6410,98ACCAA5-832,2023-01-18,17157.19,PIX,32084915000119,False,INTERNET
df785d10-6133-42ed-8ae5-0f457dcded2b,DA3556EB-9FA,2023-06-01,17243.87,PIX,95036427000156,False,ATM
1df40e12-5c4e-4d9e-8ff8-6986ac56bbf1,34D64374-6C8,2023-12-20,12920.57,TED,63478295000126,False,APP
92e095a6-8f19-4ae1-ab68-214ffba73911,29AA7C55-D27,2023-11-08,8315.16,ESTORNO,50862731000114,False,AGENCIA
6ae4d4cb-d588-4140-bb14-5b9e12395a2f,051E9946-79D,2023-05-04,10634.74,COMPRA,80547132000177,False,AGENCIA
93be85e0-7009-42d1-8756-8d385c884642,5FC18B36-F65,2024-07-18,5083.61,ESTORNO,,False,ATM
8fa80b33-7903-45ca-9d96-80b66073918e,DFCE968F-DC0,2024-10-14,4116.01,TED,60172435000145,False,POS
deadbbc4-c9e5-4870-8bb1-76d02e80d812,285ED2B8-FBC,2024-07-20,19663.43,PIX,65930148000170,False,POS
b8f44559-8db1-4c12-bda6-15d4eec5af75,36836E28-7AF,2023-11-08,16781.9,COMPRA,27951038000104,False,AGENCIA
13e5a88b-35a3-4ab8-ae31-93f4c5621e18,5A8E63A3-C3A,2024-12-08,19120.71,PAGAMENTO_BOLETO,35149072000180,False,AGENCIA
fdeca3da-a6ce-4d45-b148-38291ab9e9f5,9B272835-D53,2024-02-06,4896.12,TED,07912438000195,False,ATM
307ed236-f922-4e8f-9125-c2527d250698,047120EF-D1A,2024-06-18,3549.67,SAQUE,,False,AGENCIA
93334eee-798c-4125-8b20-6fcdab5d7b91,1B87EAB7-241,2024-04-09,832.37,ESTORNO,03572869000107,False,APP
d58d316a-a551-40db-9b01-1f411a2d7bc5,A05EEE34-570,2023-07-14,8730.99,COMPRA,96701524000189,False,ATM
80df14c7-3290-4011-84b6-13884cced14e,08EFA536-02F,2023-03-08,11211.68,SAQUE,02596714000130,False,AGENCIA
1d4a64af-1b4c-4956-8f73-8183c037a875,E764C6CE-0B3,2023-09-06,9704.08,PAGAMENTO_BOLETO,12504378000101,False,APP
4979751b-7332-4705-aebe-6a6328db52ba,E122327A-013,2023-07-07,20698.86,PIX,80253796000123,False,POS
d638deff-76e7-4130-a519-e3f0a9939841,FBDBE84F-622,2023-08-18,23421.84,PIX,21870394000109,False,POS
c77cad32-4e31-49c8-bc56-180983440ac8,53C02BFE-5EA,2023-07-20,17761.3,PIX,84376105000130,False,INTERNET
20d2cbd8-c67c-4b3d-b544-2269e4a5c62e,48C834D9-BF5,2023-12-29,17781.79,PIX,67524391000114,False,APP
8a3cddce-d7fc-44ac-b119-11f01c25f5cd,6F8558C4-4CE,2023-05-20,5461.44,PIX,64783950000112,False,POS
f31653c9-b3ca-481c-a71b-1d57d6651e34,9917CE6D-711,2024-09-15,4822.64,PIX,81207465000110,False,AGENCIA
1de32433-f229-4354-be75-aea276b74563,0ACC9AE4-1DF,2024-04-26,1943.36,PAGAMENTO_BOLETO,63284791000149,False,AGENCIA
f330a955-8e05-4664-884a-9e3db1b3c364,5758ECFB-5DF,2023-11-25,14072.71,ESTORNO,61429375000166,False,AGENCIA
926e5cae-2bae-4bce-a217-6fed6e78e0d4,4348581D-CB0,2024-11-30,18688.08,ESTORNO,89645102000178,False,AGENCIA
ccb9f4a0-978f-4258-84cf-ec636cca472d,53C02BFE-5EA,2024-05-18,9177.47,PAGAMENTO_BOLETO,47216589000123,False,AGENCIA
9c5f6560-7d89-4669-8663-144f7e5be5cb,EF04CCC3-8DC,2024-12-15,6508.81,ESTORNO,08293476000170,False,INTERNET
bad125df-09ac-4d6b-9582-b8c31ced4f84,AFB22303-3B8,2023-01-12,11956.96,SAQUE,93052471000124,False,APP
2859685a-f009-4364-aab7-f04551dd00fd,8EEE1992-6DB,2023-09-16,1896.45,COMPRA,89243501000102,False,ATM
f61fc823-8f1c-4619-8f08-1351176fbf50,C34ECFC8-D9D,2023-10-20,21951.52,COMPRA,93041852000108,False,INTERNET
3056c9eb-792c-4c6c-b9d4-a3d9fc53c438,64263BBA-0B8,2024-08-16,23092.18,TED,06528794000147,False,ATM
86c3a363-6769-4787-86ef-7a64e59cd361,652FFC7E-0D5,2023-08-08,16038.07,SAQUE,26749583000141,False,POS
ad099534-48b2-4eea-83d7-ec0b84e95930,7445C30A-BB0,2024-04-04,10943.68,PIX,64051397000123,False,ATM
adc8c4b2-e2d5-461e-8c1e-1b3802d40f51,3680AE2E-283,2024-03-24,10295.49,COMPRA,79305842000101,False,ATM
3d622048-172f-4534-95b4-bc4840d4fdb2,4B4FBDF4-BCD,2023-01-20,10299.25,SAQUE,36102478000170,False,AGENCIA
3b524105-c719-4425-a99e-50ccc6061292,DC953A57-83F,2024-12-22,22976.34,PIX,29734865000163,False,POS
11c171f5-83a9-4a51-a7dc-36bd84a2b2b9,FA9FD845-79D,2024-04-23,4644.46,COMPRA,13874956000164,False,POS
691f8420-6d67-4ada-9094-599e5dd647d9,E336FE15-195,2024-08-17,19924.01,COMPRA,19725684000117,True,APP
34c583ab-82f1-4026-affa-25987cce6eae,CA865364-8EF,2023-06-24,19493.17,SAQUE,49702381000140,False,POS
9354ba85-a8b0-4938-beaa-3eae6eab46ca,C173E03E-66E,2024-11-21,7429.73,ESTORNO,81920437000145,False,POS
741b6829-10e8-4510-8e06-3d3dec30902f,65F02700-2FC,2024-08-28,3843.73,SAQUE,,False,INTERNET
9f0e1f6a-e59e-4500-b193-4aeafa9e4afa,0797B716-742,2023-06-12,13507.87,ESTORNO,90243176000167,False,APP
a7d0e84c-bfc6-4ff2-ad10-658b54ae95a9,2496CE35-A46,2023-05-18,2580.07,SAQUE,82419653000174,False,INTERNET
53ab9216-b401-40cf-baf6-6b6923678f5e,389FB39E-159,2023-03-05,11370.19,PIX,17834695000100,False,INTERNET
3955cca1-49dc-40d3-b42b-b52d22746d76,1E770BBB-B8E,2024-09-27,20321.77,PAGAMENTO_BOLETO,59283610000192,False,ATM
9e848b97-d805-4e86-b27c-55aa4237cf46,6BF3EDFA-30C,2023-02-16,14951.6,COMPRA,,False,AGENCIA
71f04eed-6ea0-40e0-8eec-31a70b1fb180,53C02BFE-5EA,2024-01-30,5530.67,PIX,79602138000110,False,AGENCIA
e101f8d4-ba2d-4622-9263-ba077da4e076,84034CDC-913,2024-06-29,13426.81,PAGAMENTO_BOLETO,72345196000167,False,ATM
