id_transacao,cd_cliente,dt_transacao,vl_transacao,tp_transacao,cd_estabelecimento,fl_suspeita,cd_canal
9f4dea0d-1460-46c8-8508-bafe557c1ac6,AE382915-D6B,2024-09-21,23879.89,SAQUE,89347602000123,False,INTERNET
6d951a6f-b133-4e37-877b-879874727d05,968C0718-AF3,2024-03-13,23883.62,TED,76498152000128,False,POS
fe5c294e-fabf-4d6f-935f-476b30c31464,FD9A1E32-477,2023-11-07,1885.46,SAQUE,38456192000118,False,INTERNET
452e891b-2569-4b40-b188-f18bf1449a30,6EC3D8F5-C18,2023-06-20,5912.51,TED,68739024000109,False,INTERNET
90ae72cb-83d3-4d51-9d02-983a2ea53b1b,150B1177-D90,2024-07-07,19734.11,SAQUE,,False,AGENCIA
5294e910-cc2a-4a03-805a-6fc2f1ed0fd5,77516C0F-46C,2023-05-06,6670.56,PIX,,False,ATM
2ddfa462-c12d-42b5-85b3-6baa2a44d3b0,10A4E341-32F,2024-05-19,18428.27,SAQUE,43287510000102,False,ATM
4641d51b-0b2f-4c37-af1d-ebe42bf23157,86669F50-F78,2023-01-21,7247.14,PAGAMENTO_BOLETO,92864375000118,False,AGENCIA
232c08d4-6e41-4c73-a285-1521fa3f0146,039CE822-578,2024-05-25,14440.86,PAGAMENTO_BOLETO,17352904000189,False,APP
eb05c2a6-3b2d-4aa8-a6c5-decb6eb28688,F648E8E0-85F,2024-04-02,4512.74,PAGAMENTO_BOLETO,27819630000149,False,POS
7b16dd4e-e0c8-4416-a6f9-183d12c90a17,FC6A6BD1-6AD,2023-07-11,10970.74,PAGAMENTO_BOLETO,73291804000160,False,APP
98d4fea1-e28c-4e9b-9c7b-f325ad06235b,0614C514-D4D,2023-12-06,4053.5,SAQUE,31256408000152,False,POS
15e440b0-73ed-4219-b2f8-370cebbc7d4f,5FBA8E9F-F70,2024-06-23,11713.57,PIX,20397185000127,False,INTERNET
68f6373b-3af4-4026-a101-a08155d1e631,CF188CDE-1BE,2023-12-01,12258.95,SAQUE,85701632000135,False,POS
4e45db34-abd5-4384-8037-9724939d340c,F3F29466-41C,2024-06-15,23645.19,SAQUE,,False,APP
abbee02d-98aa-48ca-851f-86de8f0f46fb,CF53050A-B5E,2023-04-11,20308.3,SAQUE,91635827000127,False,ATM
80247094-4b60-41a3-ac2e-56d98ce8392a,ED431952-B97,2023-02-25,18230.48,PAGAMENTO_BOLETO,75286149000188,False,APP
92bae0ae-6139-4fe7-8d9c-e2a201102e98,BCAAC3C5-495,2023-09-29,22084.46,PAGAMENTO_BOLETO,06291347000117,False,ATM
ef5007e7-850d-4134-aac2-79453e54c690,81DC05A8-F89,2024-06-02,12966.32,PAGAMENTO_BOLETO,04597136000181,False,INTERNET
cc2fa21f-c8b8-4ee1-a11c-bf8540a26900,28F355A9-E03,2024-12-22,17333.45,TED,06519382000140,False,AGENCIA
d90518bf-d0dc-4ede-b9c2-69ced5455a4c,A0CC3429-FF9,2024-10-14,4617.63,PAGAMENTO_BOLETO,76054123000177,False,APP
369aad52-373c-4176-b069-abbc2579f828,C772899A-708,2023-02-11,19967.6,SAQUE,01365927000198,True,AGENCIA
66d04657-cadb-4cf2-a7ec-268f65a7f27a,A01C2FB8-D51,2024-02-02,5908.33,ESTORNO,24398076000185,False,POS
4d0d9e15-a567-4523-8a83-b1cd3eacb85b,E8E0C8B9-2F4,2024-08-10,21379.86,TED,25943076000181,False,APP
1cf4d1bc-77a6-486c-aa44-8499480b0114,E31DFBA2-920,2023-06-16,8673.17,SAQUE,41263958000152,False,POS
07360da2-2e2e-4f73-939f-4726c794bbb1,74A565D8-F98,2023-04-06,22463.65,COMPRA,28473569000193,False,POS
b5088951-8124-4629-af1b-ae7a0784f610,058B0BD6-B39,2024-08-23,4188.25,ESTORNO,07592186000164,False,APP
12280014-9879-4de2-94dd-2cffee94290a,E4E9CA3C-E10,2023-07-23,2313.24,PIX,98604325000188,False,POS
4449c8f5-0dda-40e7-9c4f-d6064b09bb65,44B3AF71-B17,2024-09-18,4822.49,SAQUE,68231574000104,False,POS
babe1975-f129-4515-8119-13b16d78c4df,6C8380B6-AC5,2024-04-26,10390.49,COMPRA,51293867000113,False,POS
d4658254-7de7-4bca-80b6-bd5d12f1c210,2508FF97-0F2,2024-09-15,12497.38,COMPRA,02751843000155,False,APP
da179f28-cfe6-429a-925e-51f6cacf0332,25C25327-DFE,2023-06-05,15832.82,COMPRA,02578419000150,False,APP
ae5177c6-32f3-4491-bade-6bd6deeb48d6,0E118CFC-032,2024-12-18,21668.47,PIX,85147390000180,False,INTERNET
9b0759ec-deef-4a05-9dba-6081eab39e0e,70FAF110-401,2024-09-12,1339.01,ESTORNO,23165740000183,False,APP
054ffc28-283d-4549-bc96-db94d8e55c02,AA6CEEAB-73E,2024-02-17,2819.07,COMPRA,14750836000118,False,INTERNET
d378f431-09a4-43a1-849c-ccf1d6e13928,EE4A48BE-E10,2024-09-24,1047.72,ESTORNO,72391805000114,True,INTERNET
90f6ec35-4869-44bc-a44f-7c9d4a4402ff,08E6CF7F-C32,2024-11-08,18075.4,ESTORNO,71542809000193,False,ATM
a208b537-2b77-4aa9-9232-e2a90514f4c5,436D7E4D-B9C,2023-07-22,23310.16,PAGAMENTO_BOLETO,24950783000132,False,INTERNET
8d7d6a8e-5ef3-4ecd-b5e2-f4cf9c92af8e,E2E0B69C-F24,2024-08-08,927.02,SAQUE,13926580000194,False,AGENCIA
4ebd8eb7-9302-4533-a4d8-d166785d4322,E2EBEAFB-A8C,2023-01-14,5211.24,ESTORNO,93241860000106,False,AGENCIA
dd11e508-524a-4668-ae54-39b113b037fe,5E488BA7-196,2023-04-17,19416.55,SAQUE,09856431000129,False,AGENCIA
ef7d71b8-855c-4334-a90a-833bfcbf3386,76B25783-839,2023-04-03,4404.66,TED,83467250000163,True,POS
e7e6fae6-c2dc-491c-848a-b703231d314f,C8C19B20-2A6,2024-10-02,17076.52,PAGAMENTO_BOLETO,01732459000142,False,AGENCIA
ace694f8-5b8d-4f8d-a60e-d83d226e04eb,468EE996-A0E,2024-08-13,21496.31,ESTORNO,28561093000142,False,INTERNET
42d4c642-6ac1-4155-8d91-f25d823e5fce,6B6AB06B-D71,2023-10-21,3754.48,PIX,34820796000140,False,POS
7692d925-e52b-45e8-94d7-9560df07d318,49B5579D-DD1,2024-01-11,4842.56,TED,79682531000161,False,APP
39881e28-e265-468f-9e59-2e47c46bcfd7,10A1A630-BD3,2024-11-01,20261.9,COMPRA,59783042000199,False,INTERNET
3c818db3-95b8-47a3-b9bd-f2e4c1bfb4db,5D91DA9C-862,2024-08-05,17892.26,PAGAMENTO_BOLETO,69134078000103,False,POS
c96ab886-3698-4142-868f-f21d06bf615b,721C6DFC-E9A,2023-01-18,12414.71,COMPRA,85061729000120,False,ATM
838c8abb-8ad6-4219-9beb-f807f9d529a1,9851E641-9B9,2023-10-10,2967.58,SAQUE,75431206000175,False,AGENCIA
d62292de-e0f3-4b17-858c-76769d0abdd0,C8C19B20-2A6,2024-07-06,13743.05,TED,68413270000168,False,INTERNET
e8f0ed2f-757d-4c20-9c50-ce646918765c,ABD174D3-4B9,2023-01-28,5301.5,TED,85409263000101,False,INTERNET
b29eefb1-cd30-4c57-982e-346ae68e5aeb,6401991F-F75,2024-05-08,642.6,COMPRA,05483691000145,False,AGENCIA
f209e071-a26f-4723-968c-cc204cc52f15,C11BD33A-0CD,2024-05-05,15356.86,SAQUE,15382790000194,False,AGENCIA
3bd9c923-bee9-4ca9-9fb5-e7a97c123574,1784ECFC-349,2024-09-05,1509.13,PAGAMENTO_BOLETO,05128643000139,False,APP
d6f4ee90-e474-4c37-8f4b-09dec6c315ee,F7FCA913-C68,2024-08-27,10781.4,COMPRA,56972483000140,False,INTERNET
a6c877d7-3a54-423e-83ed-70994ec75404,D96E502C-96E,2023-10-16,3163.38,PAGAMENTO_BOLETO,39461085000140,False,APP
299c72f0-41c8-4739-8e83-0814a9b8d019,AFBC2AF8-504,2023-09-25,8560.74,SAQUE,09452376000101,False,APP
9cef260b-5028-441f-a3d5-6cd6215eae1a,9160A6A3-483,2024-12-28,5547.09,TED,13892475000181,True,APP
fca48c30-7ee5-47db-839b-bbd411fee7b9,A49D84DF-75C,2024-09-22,3118.68,TED,79813650000106,False,ATM
4c78eb56-4271-4676-ad6e-3c63238d151b,37D64FEA-CAA,2024-07-31,23914.79,ESTORNO,69184230000154,False,ATM
0f8ec35b-3dd1-4e95-a060-152b12181483,BD4C8EFB-123,2023-11-12,22326.22,PAGAMENTO_BOLETO,39617048000189,False,ATM
1800e8b7-52a1-496d-b21d-e5b96c6a7615,CEC58645-72D,2023-12-23,14753.69,TED,96310287000125,False,INTERNET
6dadfc64-0167-4695-a8a7-eef9c7d7fa96,4224C023-956,2023-09-15,23644.34,PIX,93081562000198,False,INTERNET
371eec3d-4713-42b4-95db-9e9ca047a51e,55A09D16-E34,2023-09-15,20919.5,PIX,80927153000118,False,APP
23fa0e78-fcf0-415e-85e2-c756ec18a034,4224C023-956,2023-03-02,1104.52,COMPRA,62984350000197,False,POS
efc43fd0-1a6b-498a-a2f1-5d1d72f8bb59,E3CED293-917,2023-08-01,3067.24,COMPRA,57632941000165,False,ATM
be7406e4-55a5-4792-98e9-a15e95049997,6DB4C648-BEB,2023-04-13,13846.75,PIX,12694350000184,False,APP
d0fba0ee-4aa6-4db4-82b0-1c5553a21dc7,912676CF-EE1,2024-03-09,12225.37,PAGAMENTO_BOLETO,60318574000134,False,APP
5ee37c8c-d6c5-4522-a187-cb1bdf64ef63,342C6AE3-5C5,2024-11-17,12922.02,TED,43208165000166,False,INTERNET
f27f1d97-b97a-48f5-976d-649a0eb1c8ee,6025AAB3-FEF,2023-04-21,14819.3,TED,73416098000136,False,ATM
e8fc5d60-166c-4d5d-bb78-3386ecaf65a0,E78CD62D-E6B,2024-06-04,2112.25,COMPRA,15672093000178,False,APP
a823e23e-ab71-4e0e-a95d-42c245ae6425,E78CD62D-E6B,2024-04-18,6163.71,ESTORNO,73082691000193,False,APP
4351d392-6fcc-472a-8bb9-5d359d213fe2,4224C023-956,2023-10-22,24219.43,TED,27463809000106,False,AGENCIA
8b233a61-3407-4e44-84f2-19ecc13abf49,9F04E379-E54,2023-07-24,12301.59,PIX,56038712000154,False,INTERNET
d75fe3a8-fa90-46b8-a9b2-5990c01928c2,BC2C7433-3A8,2024-08-01,621.22,PIX,28460753000107,False,POS
8f785e0f-ddb2-4014-874d-c53072fa139a,0E118CFC-032,2024-11-23,21485.32,TED,40968732000194,False,ATM
dabe46e9-4509-4715-8029-0dbb28cc4b58,CD3EF84C-5A0,2024-05-23,14904.61,COMPRA,51943682000107,False,POS
06cf63a5-f46a-4f59-b29d-150153dbeac1,08CEE419-9B7,2023-07-23,138.16,ESTORNO,97560381000103,False,INTERNET
0bc10656-f9ba-46a4-9d17-2cf8f2374a1b,353AF3D9-DF8,2023-06-10,15174.66,PIX,13670524000131,False,ATM
c7c974dc-5b97-4f1d-ad6a-8f8b1f85aa02,2080AE94-157,2024-03-23,22241.08,SAQUE,05821634000129,False,POS
b56073a9-2685-4894-ae07-f607b106916c,D743D9D4-B49,2023-09-04,1603.27,SAQUE,02851497000187,False,ATM
a7f64304-6784-4817-b497-665f897d03c7,0FBD1AA6-DE6,2023-02-28,475.99,TED,26957038000140,False,ATM
c0efc719-c447-4fa1-b281-fac758b17a58,347A3AEE-93F,2023-12-05,2505.53,ESTORNO,03941257000136,False,APP
068bd566-e379-4311-a753-2303dd3a2da6,49836785-5BB,2023-02-21,19877.89,PIX,64032785000167,False,ATM
01c1d8ea-7236-4728-b0aa-2296aea26de5,2B35A339-697,2023-09-16,3109.4,COMPRA,34192867000108,True,AGENCIA
a7d410c1-5a30-4df2-81e0-efa847cc8b19,1A43BEF3-AE4,2024-07-10,14639.74,PAGAMENTO_BOLETO,86543920000171,False,POS
58352913-074f-400a-b5cd-e9b6ad127c85,763834C8-DE3,2024-12-25,18932.54,ESTORNO,92507431000167,False,POS
99719253-7715-4b2c-af6e-0509cb75b846,F327EAAE-516,2023-09-13,77.17,ESTORNO,,False,APP
a4a1c465-7222-44bf-8a93-adfb7d77bc1a,150B1177-D90,2023-06-26,7917.67,COMPRA,70984513000160,False,POS
182dedee-4446-4a07-a009-b28aecfd63ec,4F6A2E29-302,2024-08-26,12546.65,TED,85194267000110,False,POS
e515b35c-aeac-4ca5-b265-98f157c689d3,75AC01D9-491,2024-02-09,20543.06,PAGAMENTO_BOLETO,74693812000104,False,ATM
082e9179-e207-470f-8b4c-fba6f4b1e4e9,F648E8E0-85F,2024-10-25,15972.58,COMPRA,07681524000134,False,POS
d4262110-3258-49f7-8fe2-33ad2dd58f07,EA3A94CE-3A7,2023-05-04,10976.28,PIX,10652347000172,False,POS
0cce3417-fe87-48be-9c19-cb4a0e90e75f,7AC1E55C-105,2023-04-15,18748.04,PIX,28405731000136,False,APP
85016683-918b-4cfd-ac92-3af85cdd11e1,7EF09202-957,2024-05-11,3712.27,TED,20971834000151,False,ATM
50e1f97c-aab7-4de6-8020-ef8d8e32b48c,14E1B123-5B6,2023-09-30,11998.08,SAQUE,58170243000158,False,INTERNET
9a9cc0df-b182-4734-b6c9-db03c88c1828,342C6AE3-5C5,2024-03-23,19055.23,SAQUE,51236970000121,False,POS
cf67491c-21fe-413f-b1db-44cc3c8fc6e6,83F94C20-E3E,2024-09-01,16743.78,TED,97506814000134,False,APP
b87017b1-269d-407e-9da5-0191dfef08c7,A375C4CE-4B4,2024-04-01,24891.77,COMPRA,10367429000175,False,AGENCIA
3d8bf9b2-6a18-4e12-9ae0-c4fdac77e4a3,251CCE99-C88,2024-03-17,4129.82,ESTORNO,37645091000122,False,INTERNET
c2847089-2d69-421c-abf4-0cd3fdb43166,6EC3D8F5-C18,2024-06-11,11682.51,PIX,86753904000103,False,POS
d944d185-dc1f-42e2-9c7d-eee4e90ef475,B7E52FE0-AA0,2023-04-19,21106.51,COMPRA,13054927000156,False,INTERNET
2ea9c4de-1971-4f45-bd2d-f76e1d79f0b8,C88E3586-E2F,2024-11-06,16519.41,COMPRA,38915402000199,False,AGENCIA
d07623a3-d497-403b-ae31-f21320fb633b,5CC73E0E-E35,2024-07-12,2378.31,COMPRA,36298574000135,False,POS
421dd777-5ee3-4f42-be3a-47d35c50d946,BED680F9-6E9,2024-09-01,14289.7,PAGAMENTO_BOLETO,26819370000149,False,POS
5b8b6a5b-b3b3-4148-bae0-ff1cfefa3e59,4E66CE6C-035,2023-05-31,11215.33,COMPRA,40793625000172,False,ATM
a39d8823-4720-4a3d-8332-dbf90368e030,D812E8A0-66F,2024-07-04,24063.04,PAGAMENTO_BOLETO,62854190000161,False,AGENCIA
ab0d6459-d729-4c1a-a874-307ac7f6455b,0BF06CC5-EF0,2024-06-04,23195.19,COMPRA,07346592000147,False,APP
29b3cbe5-b92d-4d0d-a922-7aebee5fe321,9851E641-9B9,2024-02-13,24262.75,TED,07824315000100,False,INTERNET
b9acf023-104b-455e-a0e1-ed2350c06183,03ABFAE9-F89,2023-05-04,4019.17,PIX,50873461000147,False,AGENCIA
495456f8-c363-4896-b09c-e3acd3634f0a,CF188CDE-1BE,2023-08-27,13049.37,PAGAMENTO_BOLETO,02817649000125,False,POS
a4c7f583-e92d-440b-a86a-a4e4ec11a510,F327EAAE-516,2023-01-12,9345.92,PAGAMENTO_BOLETO,29548173000120,False,APP
57e438ab-e575-42f0-9675-952671aede9f,FE644003-AEF,2023-02-17,6488.63,PIX,59786234000159,False,ATM
a71cc9df-22f3-4cb1-8724-53aaeda580fb,15AEB4CA-0D4,2023-07-04,16665.1,SAQUE,72461083000127,False,APP
fc4f9e21-4921-43b7-81cb-3d7a081d9300,349553E6-8BF,2024-02-17,7489.94,COMPRA,80673194000125,False,APP
21893124-357f-4458-b5cb-d6f8c63baf0c,86B0D8B7-B87,2024-06-07,23353.82,PIX,89320514000138,False,POS
9a6324d1-8f60-49bc-8732-8ffcc3f7efed,C4A7D330-41F,2023-06-19,6761.5,PAGAMENTO_BOLETO,68435019000102,False,POS
16591982-b1de-4eb6-ac5d-7f9dc921d672,2FBD2ECF-0B4,2023-06-04,22595.43,PIX,30742819000195,False,ATM
fa1f08e2-aae6-4aca-b9ad-99c87251c7a0,FD73F00B-4B6,2024-11-17,14465.53,PIX,93247685000156,False,APP
a6316075-c26f-4fac-9b65-1667da2a5814,49B1AE30-1A6,2024-08-25,6679.46,TED,78429365000123,False,APP
95949142-059e-48ea-a47e-394820c316fc,2568D908-EF7,2023-04-01,6467.4,PAGAMENTO_BOLETO,25790841000170,False,AGENCIA
112e604a-27bc-417a-99e2-9be8df58aa38,A3F2C949-942,2024-05-21,10679.6,PAGAMENTO_BOLETO,48530921000192,False,INTERNET
17fd2859-a31a-4b3f-a138-f067ef39035c,75AC01D9-491,2024-11-21,12188.44,ESTORNO,74983501000171,False,INTERNET
3d37261d-2fca-46f5-ba73-560c57a1f41f,C249FDF0-34A,2024-01-22,8333.67,TED,07341598000121,False,ATM
535af12b-dda1-4b9b-854a-7ce98665dacb,A0CC3429-FF9,2024-11-05,14526.47,ESTORNO,73109246000170,False,INTERNET
2716579a-2f31-400a-9b2a-2ca566e83971,04219A17-343,2023-02-16,7322.31,PAGAMENTO_BOLETO,03872469000109,False,AGENCIA
349a1dfa-c3f4-4e80-9d4f-de508f7816d7,77C6E5EF-897,2024-01-21,20877.41,PIX,05916432000160,False,AGENCIA
08682f87-345a-4597-9b5e-39a2b3cf78d0,8AA370BF-9E1,2024-03-15,23389.01,COMPRA,74829065000180,False,POS
510a7fb6-bc7a-4e7e-b863-2c68515821af,15AEB4CA-0D4,2023-03-08,7810.87,PIX,75023198000128,True,POS
ecb7b919-4afe-4916-95e3-02e8383d1e0c,7A66EA00-90B,2024-01-31,8451.44,SAQUE,69724508000139,False,AGENCIA
f745733a-333b-4399-a723-17357b48b0ed,2C85EC10-ABD,2023-09-06,14500.56,ESTORNO,52930478000114,False,POS
c24865cc-c30e-4706-ac2b-cf1dbe0d9a01,6C8380B6-AC5,2023-01-01,13668.48,PAGAMENTO_BOLETO,79250684000130,False,INTERNET
723a8e77-6a83-4d03-b10e-ed3bc0894253,3F3B3967-4E7,2024-02-14,6649.06,PAGAMENTO_BOLETO,29764583000109,False,INTERNET
c3eea100-d257-4670-9197-21e6461ae91f,F948DD66-CB5,2024-03-22,15352.58,SAQUE,49271608000140,False,ATM
d3b51daa-204e-4ebf-9524-402a9b0140b9,636B4BA8-11C,2024-06-23,11988.87,PIX,16953820000138,False,APP
2635a5c8-1948-469e-90ad-1ce3f9a7dc33,20E0155F-099,2024-09-30,10623.72,COMPRA,80712935000130,False,APP
225a1dc8-94f8-44ea-9fac-21e6c6b421d4,413F0122-F95,2023-04-26,5362.47,PAGAMENTO_BOLETO,24978036000102,False,INTERNET
fb089a51-cf34-4b9e-8ca5-d10b258cf6b8,BA444AB4-CA4,2024-09-06,8944.64,ESTORNO,56274801000108,False,INTERNET
ff534266-62d4-4202-88a4-67826c688359,E259B9A7-52D,2023-04-21,17868.8,SAQUE,65274819000192,False,ATM
11890df7-02e7-4874-8eef-505fc81731f9,D743D9D4-B49,2023-12-16,22361.22,SAQUE,21584630000120,False,APP
ba4acfdd-5e7f-47d5-a678-53535dd2dd91,4E3638D1-748,2023-11-25,22958.89,PAGAMENTO_BOLETO,74610832000166,False,ATM
7cbeec4d-cd78-4956-b556-3808c0a6f3dc,C27E9724-474,2024-12-18,8312.27,COMPRA,29075461000105,False,AGENCIA
11b50e44-a865-4c9b-aa54-14c3d4914752,B7C9E77C-C18,2023-10-13,22660.87,TED,46512709000177,False,AGENCIA
b4c907c6-b598-40b4-b5c2-06287b2ae892,EE142379-B1C,2023-04-10,3115.55,PIX,15297648000149,False,APP
ac5a3346-2851-43ad-87b5-8119941f9515,B47A0697-1BD,2024-12-14,21826.24,TED,85742193000109,False,POS
cc3dffd3-6216-477c-9b2c-fad18b377ada,6EC3D8F5-C18,2023-03-06,10410.65,PIX,,False,ATM
5279011a-73ab-4119-8910-3064b9768cac,BEF34331-0F2,2023-03-08,22414.55,PAGAMENTO_BOLETO,20586419000184,False,AGENCIA
c17eeee3-c1cd-4a49-b840-599edba212b9,D24A4FC9-DA1,2024-08-09,14864.29,PAGAMENTO_BOLETO,10672954000102,False,POS
cd7fe1d7-d38f-41f1-870e-cbc9d6a42199,28698B0D-BBF,2023-01-03,13526.73,PIX,90768415000100,False,POS
16a938c6-992f-47c9-8429-5809db917524,A5A763A3-388,2023-10-06,3637.79,COMPRA,,False,ATM
f498b7db-250d-450e-85b6-84963601da58,3B631B68-042,2023-04-18,12925.01,SAQUE,24817596000185,False,POS
55592108-cd01-4edb-bb87-1dcf6517f271,DA546F7D-A83,2024-02-08,4618.92,ESTORNO,62149753000110,False,AGENCIA
8314622e-99d2-4a48-9ffa-ba15e3afe00c,9E4A20BE-4D0,2024-09-23,13648.56,ESTORNO,02751486000125,False,INTERNET
a334b22a-4f91-4ff7-a7f4-be7ca098d298,2D9B3D11-E14,2024-08-18,17472.47,PIX,09248635000187,False,POS
cfdf7662-edc7-4f02-96f9-eabdfea0413b,A7DDF143-31A,2024-06-02,11009.51,PIX,13958674000145,False,APP
e9b25278-dda0-4b19-8c3a-0dbaa90cea93,2C2156AE-5AC,2024-08-25,8184.17,TED,69204873000112,False,APP
49b6885f-b6a4-461c-9c00-a28612c6f80c,A375C4CE-4B4,2024-09-20,2767.48,SAQUE,03614289000127,False,INTERNET
f3e103f8-e775-45f5-a74d-336e14f29b01,E662F78E-F5A,2024-12-04,1466.11,PIX,62148359000168,False,INTERNET
6c1fce11-fde5-46e3-a551-dc97dfe90e5d,CC25CA3A-BD5,2024-01-26,17425.23,ESTORNO,61470325000122,False,APP
658396bf-a755-4bc4-9188-dbbf84d09d78,FFA5968B-59D,2023-03-22,1760.99,PIX,,False,APP
ca80d02c-ee94-4bed-9b8a-e1a87c4c2138,D150228C-8D2,2024-09-02,5677.89,PAGAMENTO_BOLETO,37062419000188,False,POS
5f932694-480b-4ece-a525-0db7d6706c5e,A9E1AAAA-400,2023-08-01,20187.89,PIX,80562194000158,False,ATM
29a8598f-a7e3-477a-a574-ffb15107d3d0,5240756B-441,2024-10-25,24396.64,SAQUE,84079513000120,False,POS
11b1a324-9f5b-4ef7-b207-994875d5be0c,ECDCD749-E6C,2024-01-17,6498.74,PAGAMENTO_BOLETO,82964350000132,False,ATM
6c0e82bc-aee3-4bc5-bc8d-a1841a794112,09BB85B7-1ED,2023-01-26,193.45,PAGAMENTO_BOLETO,29058416000142,False,POS
af3411a0-9be1-4629-9513-410901e5cffc,B68845FF-1E5,2023-05-20,7529.37,TED,49601528000105,False,POS
ea40e47c-7e61-4afb-b537-f4611081b541,70FAF110-401,2023-02-18,6256.57,TED,80796123000110,False,ATM
7073b4dc-a7be-4c60-b692-47e0bf195947,4E084081-B87,2023-10-08,17060.69,ESTORNO,67359241000100,False,POS
df3ee691-7c4a-4f2c-a86a-9fc8447b31e2,16400795-2FA,2024-05-24,10873.55,PIX,89743026000133,False,ATM
554f3090-7f11-4980-8c42-473a26d02ab3,1AE6B0EE-82D,2023-01-15,6554.38,TED,20415638000109,False,AGENCIA
4bfa9c35-71f5-41d6-857a-dd04467ea1ef,C7EA8D73-9DC,2024-03-29,12251.5,TED,70235984000175,False,APP
60bb6e4f-7537-4c65-9f53-9c2db3a7c834,69A6713C-E7B,2023-11-12,14280.9,TED,87649210000193,False,INTERNET
f7029d9a-bffc-4188-b3ed-ae77f4c7c044,2568D908-EF7,2024-09-15,19531.82,COMPRA,92470815000152,False,INTERNET
61b62ed1-0cfb-4d27-8732-24c9b4f81ac8,80A68E8C-74F,2024-01-14,21426.15,TED,93021764000144,False,ATM
653f1778-2780-4729-8fca-42fcbae244a0,FF349B78-3CC,2024-10-10,19582.3,SAQUE,30265798000164,False,AGENCIA
7b12ec38-21ba-4bdd-bb66-3eda15f5f3fb,2080AE94-157,2023-02-25,17515.41,COMPRA,80495621000122,False,AGENCIA
d16af99e-8f71-4129-8be2-5646964e389e,6680B6E8-45A,2023-12-22,15091.86,SAQUE,49608352000113,False,APP
a9873953-fff8-4d61-95d4-76a18546f57a,5AF92A1E-13D,2024-11-22,17370.27,PIX,92816340000103,False,INTERNET
0b398fb9-dc48-48a1-b5fd-26fe8db40e84,458338E8-6D1,2023-06-05,2961.68,TED,56891274000172,False,ATM
6dd17728-25e5-4a09-b5b2-f27c6b24fce1,EDB0A109-7B3,2024-05-04,10705.41,ESTORNO,08975423000139,False,AGENCIA
50300c40-ae29-41e6-adcf-6d1d5731454e,A5C3940B-1F6,2023-11-20,10031.8,PAGAMENTO_BOLETO,57396412000100,False,APP
6c85fe45-b6f7-4073-b988-a3b44ada211e,C44D682D-F16,2023-07-01,2592.75,TED,36219478000154,False,APP
869c8f6d-4975-4480-a58a-22c37efcc3ce,2C169E65-15D,2024-05-30,2308.87,TED,40587136000164,False,POS
8f578058-2c74-4566-9d96-24c8e954ac51,044FA7EF-F52,2023-03-03,15985.99,COMPRA,42091356000128,False,POS
97f9d260-d690-419a-a5ff-ca7f22f98a5f,81336B22-F77,2024-04-30,376.83,PAGAMENTO_BOLETO,61423509000131,False,ATM
f11cb05c-5670-4e76-b32e-057bde560446,86F5C4E8-CF7,2024-05-21,12030.79,PAGAMENTO_BOLETO,94508327000112,False,APP
862867a4-4ef1-4498-9995-609d6bbf7294,84BE2048-B44,2024-09-01,4323.47,TED,35017924000185,False,APP
9f2bbc47-8df5-4812-a0fe-b81cd48e686b,25C25327-DFE,2023-10-07,23274.74,PIX,12063745000189,False,ATM
14e68ea6-7101-48ef-a73b-cd4913d6fba5,273D2AC9-74D,2023-06-18,19813.52,ESTORNO,95201746000170,False,APP
80df4f14-b5fc-490e-ad3d-f7d0fd02d9b8,CC36533E-CCF,2023-04-24,3683.15,SAQUE,83475901000167,False,POS
b10df9a8-9710-44be-b93f-8f7bc0a688fb,9851E641-9B9,2024-05-05,6281.84,TED,95423768000184,False,AGENCIA
71254cb3-d06e-4dd7-b8bc-0a20381da6aa,99CABE86-ED6,2024-01-31,17411.31,PAGAMENTO_BOLETO,83519206000150,False,POS
628791f9-db8f-49c2-8789-f0629b86b434,03E66F3C-2F2,2024-10-12,8759.83,SAQUE,37501429000172,False,AGENCIA
64dd493d-953c-40b4-9dc3-d0b4c8adde2e,8457D42B-D59,2023-06-29,23699.78,TED,01389762000194,False,POS
b93d27ed-7b36-4dce-a4c3-21c2e5958dbf,C35E30C6-DA2,2023-08-27,17368.36,PAGAMENTO_BOLETO,56048239000196,False,AGENCIA
04b54914-14bb-4dee-a182-3226a86e7a3b,EDB0A109-7B3,2023-10-02,9051.69,COMPRA,,True,ATM
d798f1a8-57ae-4493-af3e-fd1288ef0438,A8518252-638,2024-10-30,6362.74,TED,64129508000177,False,ATM
80f41ac8-43e2-46db-a9c6-dfec279a588d,C30DE8C7-AD2,2023-05-30,8464.47,SAQUE,52764318000142,False,APP
203600a6-2655-4e08-b26d-5bc18f27f398,23DE1009-3CB,2023-07-18,2786.42,SAQUE,42138750000174,False,ATM
b4b8a91e-ea25-4a95-8155-05a49c233552,C740ABC6-A5F,2024-07-04,7137.72,PAGAMENTO_BOLETO,10357942000185,False,ATM
4fba4244-d710-4595-b445-8fa6f9d04f2f,6DB4C648-BEB,2024-09-27,17054.78,ESTORNO,18243056000132,False,APP
b7750e8e-8375-4d8b-9955-2ff2cca5aba2,1AFB65AD-ADD,2024-02-12,11269.58,SAQUE,61985074000119,False,AGENCIA
76b06369-314f-4567-8c83-86864d5c9c9b,08E6CF7F-C32,2024-11-25,16127.15,ESTORNO,21789465000143,False,INTERNET
12fb7eac-ab93-47cb-9aa1-50edd860beee,E0346F7D-321,2024-07-22,769.08,PAGAMENTO_BOLETO,51637894000166,False,INTERNET
5c9662ce-4f80-454e-8dbe-9cd4d4df5a23,77AC2E40-FE1,2024-05-01,20491.46,TED,26418930000153,False,POS
92f7afd6-b7a7-44f9-8f33-dff6ab1b7fc4,7A66EA00-90B,2023-03-10,1520.86,PAGAMENTO_BOLETO,,False,INTERNET
15c9b96c-1134-4d6f-80d5-6e5e143a6bef,C8E186EC-DBD,2023-09-19,20667.8,TED,53729061000150,False,INTERNET
10e5ba1b-3641-4cb0-8024-57eed2159584,1A4987AA-33B,2024-09-15,831.45,SAQUE,42879361000108,False,POS
32478717-3192-4786-bb5c-6d52a92ba9c0,0176BD48-34F,2023-05-29,12576.78,TED,04192865000158,False,INTERNET
9722d3ca-0b1f-4d6a-8675-80361387bcba,3B631B68-042,2023-08-24,8276.61,TED,51349680000194,True,APP
78791082-3eeb-4ded-b69e-bcbc7d3892cd,EDBD6C29-E45,2024-02-10,12868.28,PIX,96342801000104,False,AGENCIA
95afe18e-aacd-47ab-9104-bc4289f36bbc,5903461F-628,2023-03-10,12855.44,PIX,56834970000147,False,INTERNET
a8b1bdc2-4b45-42ee-9282-abdb673cdc39,7A0F5DCD-FFF,2023-09-18,6972.44,ESTORNO,25407361000188,False,AGENCIA
aa015625-f05e-49fc-81fd-395c7c412018,1A43BEF3-AE4,2023-02-24,6548.3,PAGAMENTO_BOLETO,58472901000166,False,POS
85027b46-d651-4866-bfdb-ac9f9e61b57b,4440E697-750,2024-12-05,21975.39,COMPRA,16534079000170,False,POS
3bd52af6-fcb6-4301-90da-b511a337f45a,E2EBEAFB-A8C,2024-12-22,5437.24,PAGAMENTO_BOLETO,50127849000107,False,AGENCIA
5eb1850c-bba3-490e-a43a-e1b20b525b2f,A975ED9E-EE4,2024-09-02,6024.23,COMPRA,68054321000102,False,ATM
5f84713c-41d6-4f25-be7c-a3484d60690d,763834C8-DE3,2024-06-08,24008.68,ESTORNO,93251470000109,False,POS
952ba975-018c-4f87-8e8b-784f2c23d61a,CEC58645-72D,2024-09-29,18383.93,PAGAMENTO_BOLETO,09513687000133,False,POS
f580b583-c05f-4306-8535-7ad25cc500f1,2568D908-EF7,2023-06-08,13193.05,ESTORNO,61358274000141,False,AGENCIA
cc2933c8-0e66-4ea0-83c9-9595ebadfe1c,86B0D8B7-B87,2023-11-19,24830.2,PIX,39502147000115,False,INTERNET
2de47fcf-a116-41d6-9d09-1357ba69f715,22BD1C4C-212,2023-04-18,20938.0,TED,71623804000195,False,INTERNET
a94d0246-9b56-4533-936d-91df5b51457c,4E66CE6C-035,2023-08-27,6345.95,COMPRA,57602384000130,False,POS
5c44b7de-082b-4483-8ff5-7eaa153e7c2b,EF45BFF5-C97,2024-01-26,13511.86,ESTORNO,,False,AGENCIA
e55e9c92-b05c-45ec-859b-e1476a58243c,D7EA0CA0-D6E,2023-07-28,3306.33,PAGAMENTO_BOLETO,42679508000108,False,POS
a2883641-ded6-4972-b4ed-24d39d978ca6,7DBFC6AA-4C2,2024-06-17,11239.09,SAQUE,89732614000171,False,APP
e08bc2ab-8875-4886-af3e-e29ae94d5279,944E631F-2D1,2023-04-26,3774.97,ESTORNO,92457016000146,False,ATM
107d4d7f-27a6-4a10-b635-3a715805b2a7,ED431952-B97,2023-06-10,753.54,PAGAMENTO_BOLETO,,False,INTERNET
d084e899-9ace-4dfa-accd-b228775c0d68,87460BA3-138,2024-06-11,12927.75,COMPRA,59172846000151,False,POS
693066a7-a593-44fb-b5f4-6f660c219265,1AFB65AD-ADD,2023-06-21,23103.19,SAQUE,26018375000172,False,APP
6189ff27-d4bd-45a5-bbed-be66679d19ca,FD59E15D-028,2023-08-24,374.05,SAQUE,41702658000122,False,APP
39aa64fe-ea86-42f5-8d9e-3b9935897369,5971DF51-8BD,2024-06-18,1577.17,PIX,90746135000193,False,ATM
91f60fd5-b40a-4137-92ba-2afe5d5c3166,1AE6B0EE-82D,2023-01-31,2866.69,PAGAMENTO_BOLETO,61205937000198,False,POS
d2624e93-7dbe-4933-9279-e9a2c19f9b13,2136DA02-713,2024-07-25,16787.32,ESTORNO,41986375000150,False,ATM
7f387db7-9a24-4980-848d-ff94876502b6,5971DF51-8BD,2024-07-14,3043.89,COMPRA,45817903000106,False,INTERNET
861c3eb8-fb86-4b86-9c92-de5e62647f57,CB6D3B29-9B2,2023-04-06,9317.72,TED,12590867000123,False,INTERNET
97b97d6b-ff32-4d88-aad3-dac129c02131,B6336EE8-4B5,2023-10-24,22443.68,TED,86703459000177,False,APP
f096ff0d-2cef-4c17-a02d-b2a10669669d,80A68E8C-74F,2023-02-18,14741.43,PIX,51438679000136,False,POS
4d094067-49e9-4c7b-a65c-af50f99f582f,349553E6-8BF,2023-07-19,16038.4,TED,08241953000153,False,POS
9715c419-be81-4a33-9161-00d71509ac03,40BB945A-235,2024-11-23,7910.83,COMPRA,79536180000180,True,INTERNET
8cafd11a-716d-4209-9c79-f79cbec680f1,7FAF7E9F-C9A,2023-01-18,18333.78,PIX,62031975000134,False,ATM
13e67656-483e-42c6-a01c-fc430559e4b8,9851E641-9B9,2023-01-04,22900.11,TED,49385270000157,False,AGENCIA
9246bcf8-07c8-40b1-80a3-a3ad18380ae2,3DCBB7BC-90D,2024-08-25,23586.55,PIX,82604973000102,False,APP
905e9956-4ddd-47fa-b2cc-86a086505384,2729B304-B17,2024-12-06,8286.19,COMPRA,,False,ATM
e3d451e7-990e-474e-b074-7a106ee33a7d,BF442931-DE3,2023-04-05,10552.91,COMPRA,64305918000121,True,ATM
6c50c41b-62cf-4db9-90fa-93fd8b31fa3c,F3977E14-8D8,2023-11-03,22903.62,COMPRA,74235086000178,False,INTERNET
a6de2f27-52d3-4e18-a73f-de041702b491,F3977E14-8D8,2023-01-02,24669.56,PIX,96185723000181,False,APP
ac6b5d9c-c5d4-499b-ba80-fe9630c31808,C4A7D330-41F,2024-08-28,9971.48,TED,01438529000154,False,ATM
afa00605-c743-4fd7-9f0d-d5979b041242,8AA370BF-9E1,2024-09-21,1050.38,COMPRA,64201379000180,False,POS
ae3f85c1-adad-4997-969b-d5d9b2e04832,C772899A-708,2024-03-16,19005.58,PIX,78259634000150,False,AGENCIA
2f463600-a424-49e4-ad2f-fb863fce9df1,F4533B10-2DD,2024-01-22,13849.7,PAGAMENTO_BOLETO,59281704000122,False,POS
b3fc3c0e-3856-4210-9c84-ac803e3fb3e4,03E66F3C-2F2,2023-06-13,15546.32,PIX,38154207000193,False,APP
a29b2440-1238-41f7-892a-e5d2d317f52e,A4BCE2C0-28C,2024-07-06,13199.57,PIX,,False,POS
abe30d39-ef01-40aa-8674-df0027b95981,6680B6E8-45A,2024-08-02,22442.81,COMPRA,13857240000159,False,ATM
fd66d551-63da-4b53-9d41-e77fe6c60719,24DCC018-1D2,2023-03-16,19540.06,TED,12409387000113,True,POS
ec0645d1-18bd-445f-906e-d57fdd0c900d,40BB945A-235,2024-01-07,10719.71,PIX,,False,POS
1e92e363-a130-4bf7-b3ee-8651dff432eb,77C98292-F52,2024-01-22,11362.59,COMPRA,75981246000190,False,INTERNET
d696cce1-a1c5-4371-89fb-7d0185c18d02,D96E502C-96E,2023-03-31,3163.92,SAQUE,80241736000190,False,AGENCIA
114821b5-464e-4a66-89fa-3068bc8c9c1f,97A09BEB-8A7,2024-10-08,11364.62,PAGAMENTO_BOLETO,82703941000156,False,INTERNET
17b4410e-6177-4993-8a8f-048de4aeaaf5,BC2C7433-3A8,2023-11-06,9504.44,COMPRA,20495386000167,False,APP
0ee7fa8d-83f3-4dcc-bd01-0d096d78d1f4,B05F0B09-218,2024-08-08,19026.67,TED,30524197000129,False,APP
7056039a-475b-4e54-8f48-f95052e03ef1,4C1F7B4A-B5B,2024-01-05,19599.45,TED,74061952000151,False,APP
d3b2795c-d75b-48f9-bc9c-e17f93642f1a,0C7C3C64-67D,2024-04-12,11515.08,TED,59231867000109,False,INTERNET
e7ee3283-db7f-4810-9c69-0fde912042c9,BD911313-2AE,2024-01-30,12207.71,PAGAMENTO_BOLETO,07963412000176,False,APP
4bd0aa34-d379-450a-b385-4a9ceed90615,FF349B78-3CC,2024-11-20,2415.65,ESTORNO,,False,AGENCIA
4a4c0335-5528-4e44-a1fc-306f7f086ffa,83F94C20-E3E,2024-12-30,2298.91,PAGAMENTO_BOLETO,79342056000184,False,INTERNET
7601091a-b791-4bb7-9320-b8213deda4f4,49836785-5BB,2023-07-01,10894.41,SAQUE,97801346000120,False,ATM
ecc0d5a2-46f4-499e-9b0f-163dddf7946b,144B0E2F-BCE,2024-08-24,8357.68,COMPRA,89203617000118,False,AGENCIA
a5e50a92-987b-43d4-8d5b-ac0f8c315d2a,A9E1AAAA-400,2024-01-11,18025.57,TED,41805372000172,False,APP
c26e01ba-bf60-4970-ae8e-1dc8304cc3ea,C32E78CB-C4B,2023-12-21,20582.95,ESTORNO,86953402000126,False,ATM
32e8dd9b-55dc-42e5-84ad-321ec2fa2e3c,50046259-F79,2023-02-16,20836.22,TED,75816203000150,False,POS
5e8e52ee-c467-4b76-b5cc-39fb1d315fc1,6C8380B6-AC5,2024-08-14,3161.79,SAQUE,13780645000136,False,AGENCIA
76ab6be1-a1ea-43f6-a522-7ea2ccc170df,2D9B3D11-E14,2023-01-01,12424.38,ESTORNO,90123675000110,False,APP
39c031fa-8b2c-402b-a12f-e72fbd21bd68,57F1ED13-92E,2024-02-13,1585.64,SAQUE,29870543000141,False,AGENCIA
4e227479-8d52-43ee-9d41-73b658917f5a,BD4C8EFB-123,2023-02-24,10251.1,PIX,38409672000128,False,INTERNET
b8647727-122f-444a-877b-7c2295ff1a95,A33F2332-55E,2024-04-26,6962.24,SAQUE,93870645000166,False,POS
c019791d-fa0b-405c-8de7-ff0343c81d4c,9B8DF503-7F2,2023-10-14,15276.25,COMPRA,19024763000109,False,ATM
3c387c0c-95c0-44a5-b67f-9c78f6b7316e,EE142379-B1C,2024-06-13,13004.99,SAQUE,13569482000147,False,AGENCIA
e287dcf4-54c5-415b-a161-2e7bf68afce9,2A6F0B6C-122,2023-09-04,17927.34,COMPRA,41583679000176,False,ATM
e7908cf8-fabb-4e99-9cbe-f825bf5dd83a,A0CC3429-FF9,2024-07-09,1813.59,TED,,True,APP
3ca55fcd-d92f-4a61-a93b-fe4bce863ed3,2F2BDBCA-169,2023-12-26,1474.35,PAGAMENTO_BOLETO,67938415000181,False,APP
375151d0-6edc-4716-a373-68f71e3cd6d2,76B25783-839,2024-08-11,2288.03,TED,06159472000178,False,POS
cfe49306-dbe3-483a-86cb-bf8582c0ade5,BC2C7433-3A8,2024-04-19,4451.24,COMPRA,05734681000135,False,APP
31544634-0d8f-4a1d-ac5e-06bfe6d8fd3c,8C969DCD-FC0,2024-03-13,7875.61,COMPRA,73258069000193,False,APP
1e4b5ef7-4901-435e-9d8b-3e00564e7e0d,0107AE02-450,2023-08-21,18597.09,PIX,68392574000196,False,POS
a6cf27d6-bfb9-49e7-b52b-986e91cd3e5c,4A0B647D-626,2023-02-14,3405.4,COMPRA,18340796000197,False,ATM
6d19e7be-9f8d-40fb-9ace-731bac51a191,763834C8-DE3,2024-11-27,14841.82,COMPRA,81276034000105,True,ATM
c051e2d3-3e19-4563-8bb3-75be99738b30,08A4AF0E-B9C,2024-12-18,6411.76,ESTORNO,06417392000175,False,POS
2f2d17fa-5fd3-4b93-bbcb-871ff3d57e16,64EDC8FD-525,2023-11-16,14350.7,PAGAMENTO_BOLETO,74936801000108,False,AGENCIA
eb40a35d-82fc-4d6c-83ee-a0e2a79fb687,3FFFE298-DDE,2024-10-23,5676.24,SAQUE,39164528000131,False,POS
a765d5ca-13bc-4fed-9867-aa0e75ab2b17,7816D6AD-A99,2024-08-30,11708.93,PAGAMENTO_BOLETO,43892516000109,False,ATM
a27738ee-890e-4161-92c3-0a74546cb97c,73BF65C6-E44,2024-09-01,8616.33,TED,34768925000107,False,ATM
994c272a-7fc2-4371-8934-8c9384fd7af6,991A5D21-DB1,2024-02-28,19150.13,ESTORNO,78361549000107,False,POS
73e52fc6-1d0b-4ab7-9484-1df06e82e7cf,AFBC2AF8-504,2024-06-11,19826.1,SAQUE,27453981000189,False,INTERNET
4a61f56f-6747-4b20-ac87-978e6df0f835,E2EBEAFB-A8C,2024-07-05,20119.63,COMPRA,25864970000166,False,APP
fad9a531-bf0c-4ca6-9f3a-3196dc8c1177,18751B58-061,2023-12-07,889.49,COMPRA,45739028000183,False,POS
2ff7c997-48d3-40bd-b225-42d7d56d5771,C772899A-708,2024-02-17,16600.2,SAQUE,78231649000100,False,APP
26b156f8-5df8-4df5-9dc4-80ff0dc8be24,20E0155F-099,2023-10-31,11707.6,SAQUE,84705923000139,False,AGENCIA
fa01b232-6940-4e1e-a763-f3a35ca6bc2f,408363F5-E94,2024-06-20,10947.1,SAQUE,19875643000107,False,INTERNET
3a7a8d17-ed76-4749-98ec-f395990a86a0,8B15D57B-CD0,2023-03-03,10517.79,PIX,01792583000101,False,POS
60848837-8e2a-49a0-9843-29b92e4a3f5c,2842385F-B40,2024-03-15,10886.39,PIX,75962841000189,False,POS
715bfcf8-fc5d-47c5-a894-fc5bd79594b5,453757ED-AAD,2023-09-15,5476.91,TED,47308219000116,False,POS
58a16d75-01a9-4ea8-bbab-5601b9544cef,A1053DCC-581,2023-11-07,4882.01,SAQUE,94781365000144,False,INTERNET
bffb1d88-51d0-42d9-9496-d0e4fa2419fb,15AEB4CA-0D4,2024-10-07,9566.55,TED,53096128000167,False,INTERNET
04513114-0449-4dff-b05b-8d19fec5e8d8,A49D84DF-75C,2023-12-05,13505.49,TED,67481592000181,False,ATM
35c33cb7-39a6-4536-90d4-e7ad5ca2c6f7,86F5C4E8-CF7,2024-12-22,23175.41,COMPRA,69018735000149,False,ATM
6ba36803-d810-4595-9d9f-dd28e16478c4,0B8F7D40-3AA,2023-12-27,15497.44,COMPRA,63487520000190,False,ATM
10ffd5af-e592-4858-bd5e-6ba626b50216,2C85EC10-ABD,2024-08-01,3987.65,SAQUE,17284053000184,False,APP
ece041e6-03f9-4046-bbf9-7a32cfa3de09,C8E186EC-DBD,2024-07-07,14852.27,TED,62541370000193,False,AGENCIA
b85ee37e-2768-4c0c-8247-6cba30d99644,5AB197C6-ED2,2024-05-20,2679.84,ESTORNO,04521978000150,False,APP
2c7d1b28-a002-4232-80a0-a7d735bd99c7,49B5579D-DD1,2024-09-06,16652.56,COMPRA,29153847000198,False,APP
2309d4cd-b147-4875-9a80-fddf2f0cc975,C27E9724-474,2023-04-13,23776.12,PIX,65739142000110,False,ATM
f253ac9e-aadd-448f-8b7a-0772f4b747c7,19A6BA77-888,2024-12-04,2370.23,COMPRA,15046873000102,False,AGENCIA
3f19a0aa-2d56-43b8-b201-8115ecf373a7,650405CC-B5A,2024-03-31,17604.43,ESTORNO,87129643000118,False,INTERNET
7a366824-030a-4c09-81d7-7182fb08c47f,E259B9A7-52D,2023-01-25,4206.0,PIX,34260987000103,False,AGENCIA
d9ac7527-2b82-47e5-849a-cd7498e28ac3,F5FD719B-AA6,2023-11-19,22984.55,TED,19263047000176,False,APP
c04b46e9-b511-47d5-81c1-bc6440032026,4A53FC47-1FD,2023-01-01,17065.17,COMPRA,,False,INTERNET
f767eeea-bcda-4f55-afa8-f8cfe48ace1d,3DCBB7BC-90D,2023-11-18,10944.28,PAGAMENTO_BOLETO,78963402000189,False,APP
16403335-c66a-4c61-ba07-af6796bc53da,25C25327-DFE,2024-03-03,265.88,ESTORNO,30682491000169,False,APP
41280d1d-7d88-4639-95c7-4c7b028362ee,B05F0B09-218,2023-12-12,7988.71,SAQUE,12839075000140,False,INTERNET
4d50610c-66b1-4227-ba8d-4f53cfc7deba,1784ECFC-349,2023-12-22,22662.78,ESTORNO,50198324000154,False,POS
ca045b6c-d710-475b-8270-ea700acfb761,1B5E46BE-91E,2024-10-10,6491.85,PAGAMENTO_BOLETO,08245937000139,False,ATM
84c944a4-615a-40e6-b286-bbdb3a1b1714,20E0155F-099,2024-05-19,7064.06,COMPRA,71852309000158,False,INTERNET
047c4502-8f18-4cf2-9220-43e8b761230b,91C1AA68-24B,2024-04-19,21113.35,PAGAMENTO_BOLETO,63495127000149,False,AGENCIA
bccb405f-0d42-41da-a45b-4d88a78fac39,49B1AE30-1A6,2024-08-27,17707.86,ESTORNO,65493170000109,False,APP
876c39cc-4bc0-4577-bf67-56f63e079b98,DA08E0C0-BF4,2024-11-13,22836.51,COMPRA,50214739000174,False,ATM
ef315370-0668-4626-bbe1-8dee10c43870,7AC1E55C-105,2024-11-24,7197.21,PAGAMENTO_BOLETO,74653120000124,False,AGENCIA
9ce3b26f-97ce-4107-a31b-3cd9f0236378,7084F376-2CA,2023-01-13,19321.87,SAQUE,36052817000150,False,POS
bd767a76-4b8c-46c7-8196-51c195978f05,FDE1F175-647,2023-10-12,2964.26,TED,54810236000112,False,APP
8b7dcb65-e585-4bda-bf23-c77d1c61191c,20E0155F-099,2024-03-14,21957.35,COMPRA,,False,AGENCIA
49b87772-5ebc-45d9-a54c-0c76aeb5858b,96F22DE4-FEB,2024-07-09,1611.64,TED,81025764000133,False,APP
a042255f-ae6c-461f-be6f-cd2d36a32ef3,D92FA23B-86A,2024-10-31,23885.36,TED,06258937000148,False,POS
cd08ea32-a45a-4d01-b6c0-66b8a7ed4cfc,25142CE3-420,2024-07-12,22297.83,TED,43701695000141,False,INTERNET
a155389a-2ca8-471e-ad2f-3310dc06b13a,C249FDF0-34A,2024-12-03,22732.7,PAGAMENTO_BOLETO,54923816000116,False,APP
1bd0d5fe-b436-4529-8763-2d098f22e743,5CC73E0E-E35,2023-03-14,9034.61,COMPRA,07431628000190,False,ATM
c6bb36fe-70fa-49a0-a4a4-b738469883a1,A058926C-83A,2024-08-14,14235.51,COMPRA,18056947000180,False,ATM
6e0320b8-2da9-4993-aca1-7265526f19e9,A5C3940B-1F6,2024-07-14,14280.47,COMPRA,37495268000151,False,ATM
a14eede7-e010-4529-a09f-aad4fb1dc944,38F3F705-976,2024-05-03,17928.64,TED,38106279000165,False,INTERNET
7e59671d-b99d-4b7f-b750-58f8f1c954de,AB6563DA-6A8,2024-05-27,24902.9,TED,25603417000170,False,INTERNET
0ce85879-bd8e-48b9-b53d-9c092c58a6ff,5971DF51-8BD,2023-08-12,17916.84,ESTORNO,83642159000137,False,AGENCIA
594fb08c-a742-4910-9a8e-ae6342b67068,2729B304-B17,2024-12-16,7669.96,TED,06139475000140,False,APP
1ed6924a-b793-4648-b1bd-2a123300b389,49836785-5BB,2024-05-17,70.97,PIX,07594386000156,False,INTERNET
acfff04e-946a-44d0-ba12-17d06d28e16c,408363F5-E94,2023-01-09,8355.36,SAQUE,92480356000198,False,AGENCIA
72046c71-88e1-4120-9c81-c1c394af1f5f,654D0B25-1AD,2023-03-16,20711.31,PIX,54072938000146,False,ATM
1667db36-3e4f-4e9f-bbcd-63c96a631807,BCAAC3C5-495,2023-05-14,7828.62,PIX,19067382000107,False,APP
782dbc48-fccc-4262-b792-aa8466153db5,BC2C7433-3A8,2023-09-18,11485.27,SAQUE,93071684000101,False,INTERNET
35dc758c-7396-4b0d-a9ee-52fcffebcdb6,A49D84DF-75C,2024-08-09,16537.79,ESTORNO,,False,INTERNET
f7a2dcdb-3035-4eb7-86db-dc09ff47c657,4897640C-8B6,2023-11-12,19732.24,TED,68271095000111,False,APP
21c21fb6-c4dc-46d2-b18c-ced0b66c0dda,19A6BA77-888,2023-02-02,382.31,PAGAMENTO_BOLETO,96452738000169,True,ATM
bcbcc695-e5e7-44b6-80e4-9da7722f670c,5E488BA7-196,2023-02-17,20973.5,TED,32684971000194,False,POS
edbaa910-1903-4570-9102-882451fd9ec7,810123B4-A21,2024-02-28,13895.31,PAGAMENTO_BOLETO,53416970000139,False,APP
2c2dee1d-3400-4d30-97b3-ebaf513d3619,81DC05A8-F89,2023-04-30,3787.94,COMPRA,10357864000119,False,ATM
5bdc3973-786f-4b4c-bca9-6df78918c717,FD73F00B-4B6,2023-05-20,5499.77,PAGAMENTO_BOLETO,25134867000160,False,AGENCIA
d064dccb-1b43-41ce-8833-e495d2e559bc,E12DEF15-767,2023-12-09,22409.77,PIX,43197608000160,False,POS
719ecc2b-2b83-465a-a2bc-d1f73f0f2564,0F57FE56-6BC,2024-07-10,13912.75,PIX,13594208000128,False,POS
03b302ef-34a7-48cc-a598-191785804fa1,82C3ACE2-645,2023-03-31,21517.8,SAQUE,96758342000144,False,POS
77eca935-1c61-4fb3-946a-27ba3b584af5,BC36250C-B97,2023-11-16,19276.99,SAQUE,80741356000115,False,INTERNET
ab3da750-5a97-4532-a859-729bcebe19e0,0E118CFC-032,2023-09-04,23831.35,PIX,36172845000101,False,INTERNET
996744e1-5197-4132-8ea7-f59c1f99fb86,7580BFE4-443,2024-12-11,19933.79,SAQUE,02479536000167,False,AGENCIA
7416bacb-61d9-4cfd-ac17-4bc2633f0fa8,4D1BC5D0-B49,2023-03-21,13017.24,TED,84765132000102,False,ATM
08137177-270a-4fc7-9f0a-0bc9d75b17c2,77C6E5EF-897,2024-12-12,22248.37,PAGAMENTO_BOLETO,69420153000194,False,ATM
bb07772c-a269-4594-9f7f-193721984bfa,A058926C-83A,2023-12-19,2864.69,SAQUE,01835624000191,False,POS
df1e81ee-0447-4282-a46a-69fb9170b200,2C6814DE-2CD,2023-07-13,154.47,PIX,47968513000154,False,INTERNET
c6793f7a-f739-4154-804d-8aa3626fee21,BF3369AC-DB8,2024-09-14,2475.72,ESTORNO,34087912000164,False,APP
1c6e5611-66da-4675-bd6f-f3a226e09a5e,C842044E-241,2024-06-21,8815.26,COMPRA,63847105000109,False,ATM
a49eda20-c5df-4ba2-8e48-3fc9bba11d70,C740ABC6-A5F,2024-12-03,18070.15,TED,87390542000104,False,ATM
49b083a9-9a22-4c92-9d9d-c911bb293817,8457D42B-D59,2023-04-25,2661.74,PAGAMENTO_BOLETO,02681394000116,False,POS
b53f1333-31a7-48f6-9532-14f42e45a504,34D64BD6-272,2024-07-17,9286.65,PAGAMENTO_BOLETO,,False,POS
956b87c0-55f4-425b-990a-429036470156,10A4E341-32F,2024-08-05,22018.29,ESTORNO,79605128000139,False,ATM
af9927f0-10e2-4aa5-815f-de1aeb790827,4A36D91F-957,2024-12-08,4188.23,COMPRA,02659387000118,False,POS
4d9b7308-76b1-49d8-92ea-cdc888d52b95,580E32F6-0D2,2023-02-21,1112.86,TED,65498127000128,False,ATM
4150ba62-7e3d-48b1-9092-92236ebf9545,8457D42B-D59,2024-12-17,13375.15,PAGAMENTO_BOLETO,84173926000179,False,APP
248bf1c6-23b4-4c8b-9885-1439db1a7aae,FFF6364E-7EC,2024-01-20,13687.9,PAGAMENTO_BOLETO,54197823000188,False,POS
ee35b100-141c-4e7a-8ffa-fa9444929d56,689DD5BE-828,2024-05-06,22715.51,SAQUE,34718265000141,False,AGENCIA
9d608aea-ca80-4758-832d-a9d059551eed,2CAC4900-07D,2023-11-15,8293.47,COMPRA,98760354000139,False,POS
d3fd3b89-ebe5-4e2e-b2d9-b1db15cfb84d,0F57FE56-6BC,2024-05-03,3453.85,SAQUE,06279851000100,True,INTERNET
0a827327-29ce-4072-b784-3632cad764de,35A02896-7AE,2024-09-21,13780.67,TED,,False,INTERNET
10c7eaee-2a57-4c09-8a2b-0872c9fc32a7,8B64957B-8E8,2023-06-09,3383.05,COMPRA,29051863000170,False,AGENCIA
4c881504-d2df-4601-ad2f-e06460137e0e,18751B58-061,2023-10-13,6969.7,ESTORNO,29816437000180,False,INTERNET
21f3fe47-355d-44c2-8b45-7d4089eab65d,F2A095CE-DA8,2024-06-21,23113.98,ESTORNO,43820561000140,False,ATM
0355eb78-2b85-4bd9-8997-6be1661cd97b,BEF34331-0F2,2024-01-04,24348.49,PAGAMENTO_BOLETO,12935074000107,False,INTERNET
d71f2009-bbe5-4096-8ce4-1d889e28f23c,6B6AB06B-D71,2024-11-20,17527.97,SAQUE,,False,APP
e73939d8-fa13-40e5-ace1-c1a4b392e168,173DFEDB-CBF,2024-10-11,3190.83,SAQUE,,False,AGENCIA
05694208-3ead-47c9-904f-217187153bea,A5175A7C-D41,2024-12-13,23427.71,SAQUE,43276809000153,False,INTERNET
9231058e-eef5-4c1c-9d1c-6ba39a1b3687,2842385F-B40,2024-03-25,3265.92,PIX,31508942000109,False,INTERNET
74db9a8e-f6e9-4269-859b-355b73078c09,28698B0D-BBF,2023-04-16,17386.77,SAQUE,43208596000122,False,INTERNET
1e01744f-e23f-459d-a74c-841950acdbb3,F36572E4-336,2023-05-14,1037.16,PAGAMENTO_BOLETO,46285193000175,False,AGENCIA
8ff9b5ec-e090-4a43-ac42-0f6693663b74,34D64BD6-272,2024-02-21,22158.57,TED,,False,APP
7a495912-cbee-433d-8a60-abc7bffab34d,BBA27FFE-0E9,2023-02-28,17055.03,TED,86047135000128,False,POS
d71e3f66-2f3d-4f10-837a-8c7065ec5c03,CCD7C8A3-52C,2024-03-26,5771.38,PIX,59243108000158,False,ATM
59439c08-2c23-410e-99d9-7d5b0d54a38b,1784ECFC-349,2023-04-09,22577.48,PAGAMENTO_BOLETO,06241583000129,False,INTERNET
07f38feb-d571-4e21-886c-825088558629,96F22DE4-FEB,2024-12-01,19197.98,COMPRA,,False,POS
1d4ed985-91b0-47f1-bd12-f0447a5f8d38,5E30F0A5-F88,2024-11-30,2242.84,ESTORNO,65742901000102,False,APP
a7b2c49c-7a04-4892-936e-1eb79c055d28,0EF068D1-064,2024-01-23,11742.71,PAGAMENTO_BOLETO,24158630000157,False,INTERNET
57cc4ae5-6398-4f34-b986-6637f978e2d3,8C79BCD7-7EF,2024-06-27,14551.63,SAQUE,17465392000167,False,APP
6bf129ca-ac89-4b85-9bef-01de5839bb77,5B6A1714-AD9,2024-07-08,6592.87,TED,84763192000188,False,ATM
38932953-b155-453e-9df3-77f190a90cfc,A9E1AAAA-400,2023-06-04,9797.96,PAGAMENTO_BOLETO,40618925000115,False,INTERNET
73803cad-b104-4c47-8dca-9ca2d02f4356,EFAAF9B1-F44,2024-03-05,23472.24,PIX,42316079000104,True,APP
81451714-27ab-4b79-8699-c027bc4baaad,8457D42B-D59,2024-07-24,9173.26,TED,91603245000169,False,ATM
3e4992e6-c886-4eeb-8dbd-7e30dc99064f,2C85EC10-ABD,2024-02-07,21036.1,PIX,29107684000107,False,APP
27617ba3-4fb9-466a-b130-eb83aee706d8,866EE7CF-8C8,2024-12-18,9580.04,PIX,26397045000135,False,APP
d4e079ca-6692-43f1-87c6-dac3757e207e,0FBD1AA6-DE6,2024-02-08,14258.84,TED,38412067000106,False,AGENCIA
95b83b22-3158-49b7-b6bf-c16ae1812ceb,9B8DF503-7F2,2023-09-18,14530.97,TED,10358267000109,False,ATM
98bca168-b07e-472b-9c3c-f41fc9ecf131,E662F78E-F5A,2024-02-05,24132.86,SAQUE,68275490000172,False,POS
f96df175-9dd7-49d8-a448-97e9235126bb,1AF91BF9-7FB,2023-08-19,19255.6,PAGAMENTO_BOLETO,08679153000119,False,APP
77e46722-ef4c-4ed7-b6c9-e0cdbbaed1b0,85B71083-1D3,2024-09-11,7558.57,PIX,18352470000180,False,INTERNET
32a82cd9-c96a-4e6c-a1b0-84e581183a32,40446A9E-97A,2023-06-22,3238.2,PIX,57913820000191,False,APP
bde3b48f-89f4-4006-89a6-687473243a5e,DA08E0C0-BF4,2023-05-31,2212.86,TED,09367284000123,False,ATM
74f7e9d1-6263-4d6d-9f33-dc039b914ebb,2052B6DC-955,2023-12-18,16637.12,ESTORNO,26709481000100,False,AGENCIA
f2a130f5-3fea-4a57-84c9-0ad041c00c6b,5240756B-441,2023-06-04,6664.98,COMPRA,80953416000163,False,POS
2eb3a53e-caee-4a95-a578-90bdd964ae12,2FCBCC69-CF4,2023-02-10,15906.35,PAGAMENTO_BOLETO,96521807000149,False,POS
90be4b77-8f53-41ed-a27f-22d1dbc9c1e6,342C6AE3-5C5,2024-09-24,23759.35,COMPRA,42853107000122,False,ATM
ba628088-f287-4939-9a06-9f01718058ab,1784ECFC-349,2023-09-03,3689.25,ESTORNO,46730291000174,False,APP
d2b2aaeb-7db1-4744-bb50-bcd2d9c51448,98CE3120-308,2024-08-07,16450.89,ESTORNO,40528937000159,False,INTERNET
085d1fec-72db-4673-80e4-9001366c95de,35CA54D5-CC7,2023-12-13,5026.53,SAQUE,84356107000167,False,AGENCIA
c6c2457c-d4b0-41f2-972c-154595b4cb16,50046259-F79,2023-07-11,23680.95,TED,07349826000100,False,AGENCIA
638cff0d-514b-45e0-b867-f430f869b03a,30AD6433-5CF,2023-08-19,13291.42,SAQUE,84736912000116,False,INTERNET
adbbf0d4-50b1-4b66-a566-9c338c1a63ad,FD9A1E32-477,2023-02-05,23734.17,ESTORNO,08674123000110,False,APP
8f6fe3d8-b51f-4607-a592-57927caaa625,4A53FC47-1FD,2024-01-10,17660.59,ESTORNO,87635194000180,False,ATM
a325bac2-bc1e-4877-a1bf-b71bd1588529,F36572E4-336,2023-10-01,701.19,TED,,False,ATM
6fa6f44d-6ff9-4587-8649-307103a4a0ef,EE142379-B1C,2024-07-31,22903.57,ESTORNO,23860547000162,False,AGENCIA
59ddf9a8-949c-4eac-a70a-b39a35bbab2f,66CA4289-8FC,2024-02-16,19901.96,PAGAMENTO_BOLETO,07862951000119,False,AGENCIA
89a5270e-614d-44b9-b7c8-ca5d2e64a83d,0E118CFC-032,2024-10-12,18044.06,TED,89543127000160,False,AGENCIA
4a021141-afa0-480e-9bca-3a2d437d7044,323A70E8-338,2024-03-23,24176.41,TED,80173549000117,False,AGENCIA
6244082d-8119-4f29-8442-960deede050e,F4533B10-2DD,2024-08-31,9826.6,PAGAMENTO_BOLETO,98510726000179,False,APP
ecbaee4c-d152-4944-893b-215c84a899be,CEA6CF1B-E86,2023-10-15,10773.55,SAQUE,41938576000181,False,AGENCIA
3cd565a0-9cd6-4bd4-9d7d-55216fb748e4,4FFE1A1B-0BD,2023-01-23,7139.84,PAGAMENTO_BOLETO,40273518000113,False,APP
627787ec-f4c9-4290-9b03-728739462e5b,1AFB65AD-ADD,2024-09-25,14317.8,TED,91375804000120,False,AGENCIA
5f969cae-31b9-464b-b331-5412f95ca123,25057469-993,2024-02-13,4635.34,PAGAMENTO_BOLETO,,False,AGENCIA
b934c28d-34c6-4b85-a245-83187344ffae,7339923F-AE6,2024-02-11,14393.55,TED,24617953000161,False,INTERNET
b40c0b5e-045c-46b0-a2e7-63ebd83318ca,F3B3F1B7-94D,2023-09-03,2822.37,COMPRA,69241053000109,False,AGENCIA
101161fd-e2a2-48ec-a13e-47cc8f91eb5e,97A09BEB-8A7,2024-01-12,3419.02,ESTORNO,,False,APP
ced06a68-83ba-4925-b36a-acd4fb123394,4F6A2E29-302,2024-01-30,6643.48,COMPRA,62481790000121,False,AGENCIA
ac577858-2cab-489a-a7e0-57cbbb624a34,D150228C-8D2,2024-11-14,1317.4,TED,59384701000114,False,POS
ffb14714-3b58-446c-b01d-b152d743d16b,F2A68DB9-8A7,2023-06-11,4886.54,PIX,31598472000111,False,AGENCIA
a9d7b174-a11f-4a82-a5ac-5ed03d5c8b89,FD9A1E32-477,2023-11-13,19419.12,SAQUE,96481320000180,False,APP
75de8e09-d342-429d-837c-ca525e067625,57023B92-B02,2024-02-27,11320.95,SAQUE,16489723000136,False,ATM
6f571fe5-b8e0-49a6-8dc9-2077c712acbb,589CC97B-0AC,2024-11-28,5651.3,COMPRA,96872504000170,True,APP
80b17a89-a73e-4ba4-8346-495129896993,D150228C-8D2,2024-06-27,12392.82,TED,75834062000106,False,INTERNET
eab524dc-bc4c-4d6e-82e2-432ae65a2542,8F5206C1-DA7,2023-03-23,23298.13,TED,32176598000160,False,ATM
9c03113e-a640-4800-88cf-ce93e04392fb,28698B0D-BBF,2024-07-24,2310.81,TED,95023416000131,False,INTERNET
71b53ecc-2322-4e89-abc9-40675c1283e6,9659880D-34D,2024-11-04,9069.66,TED,68950342000106,False,INTERNET
3b7075ba-0d3c-4b2d-a376-26780cde5b33,2DBC6B24-AD0,2024-06-01,10824.49,PIX,,False,ATM
6191c7d1-ff25-4b19-800f-9024d5352f4b,BF3369AC-DB8,2024-05-24,1216.66,SAQUE,97283640000198,False,INTERNET
201d60af-9041-47b2-a597-1f5bc8db631c,B6ED174C-688,2024-11-23,21742.54,COMPRA,01682745000140,False,ATM
a1d437b2-dec4-4c1f-bba9-4499975a0c9c,ED431952-B97,2023-06-01,19916.12,SAQUE,89710523000135,False,ATM
f906fea5-4675-486d-b15e-243c1a62bd7f,F7FCA913-C68,2024-08-14,11324.98,PIX,54967208000103,False,AGENCIA
36907dc1-42f6-4c07-8c43-326bc3d5c2a1,3FFFE298-DDE,2023-07-19,10169.33,PIX,97145036000103,True,AGENCIA
8784fd7c-6001-469e-8a5a-3fc1d00f99f1,22BD1C4C-212,2024-10-23,22775.8,COMPRA,94056837000104,False,AGENCIA
ca044492-3f02-40b6-b44a-13a137d85f88,C5BD6B07-89E,2024-03-25,20382.55,PAGAMENTO_BOLETO,90278651000130,False,AGENCIA
9b477dba-4e3b-4f6d-971b-719f03b92e25,39B1332F-765,2024-06-15,8138.1,ESTORNO,57189634000151,False,APP
c2fd646f-4676-461a-9b20-f354fd3863e8,D96E502C-96E,2023-06-05,634.39,PIX,49685123000100,False,INTERNET
e840be0f-646c-49ae-9b3f-9d62f8136d66,81EDE082-098,2023-03-09,18237.61,TED,43260891000128,False,ATM
c0b773ea-2c5e-4dda-8947-f738519fc2b2,17956872-25B,2023-07-19,16564.71,COMPRA,36581907000139,False,POS
458fdb9f-a9ff-4da3-a129-bab04ae5fe74,991A5D21-DB1,2024-08-10,7529.15,ESTORNO,85029641000121,False,INTERNET
cc7796ba-37bb-4851-8277-c6cde380e584,54806BE5-C68,2024-06-25,19076.95,ESTORNO,53016894000174,False,ATM
77af6b72-d463-43ef-bf27-f994a7e0e953,2B35A339-697,2023-02-05,24836.37,SAQUE,64897053000130,False,ATM
27a2b82a-d8d4-4abe-94f9-7a0ce0bc0ddd,DA08E0C0-BF4,2023-12-26,15561.43,ESTORNO,43098275000112,False,ATM
43a95a5f-abf9-48f6-9f2b-71115b0ec9be,840B1298-1CC,2023-01-28,4401.49,PAGAMENTO_BOLETO,61348725000160,False,POS
5664ade0-a613-4672-94da-b242943638c2,EDBD6C29-E45,2024-05-11,18156.77,SAQUE,72486093000117,False,AGENCIA
a323cf2c-9d5e-489a-ba89-1ee7425f180f,D655F517-8D3,2023-12-27,24159.06,ESTORNO,89641725000172,False,INTERNET
f7943a20-b013-4fac-84c2-a7a7c4c46beb,1976E514-DBC,2023-06-04,3710.24,ESTORNO,27156390000140,False,ATM
96c14dcc-299f-4ce5-afc6-48da3ceff95d,0CBC6065-D0F,2024-09-22,5672.15,SAQUE,74310968000150,False,POS
874761e1-1b1c-4641-8430-338ebe7bd50d,661B3DD1-56E,2023-01-02,15198.68,TED,85739246000132,False,ATM
5f00eac9-f208-4c5f-bd4e-5775812c0569,721FF9AF-F4D,2023-08-16,17280.21,TED,09473865000140,False,INTERNET
2fc71d38-901c-4563-9d61-5944b7980f91,44B3AF71-B17,2023-03-31,10581.54,PAGAMENTO_BOLETO,50971842000169,False,APP
52482054-c116-45a1-bd76-6fa78a38e87b,28698B0D-BBF,2023-04-04,11739.36,COMPRA,05419872000102,False,ATM
8f239ce7-e8ce-4dbd-ae6d-92bc62594e92,55A09D16-E34,2023-07-11,1140.47,PIX,90678134000159,False,APP
18ad3117-f3aa-4747-944f-940f658571a4,7C1C94A5-55B,2023-06-12,19112.63,SAQUE,46971205000115,False,APP
76dfcda2-565d-4ae5-b455-50f09f9f7999,7A66EA00-90B,2023-05-08,355.47,SAQUE,24073516000124,False,AGENCIA
faaa485d-68bc-4918-a1d8-9c2927527477,886B842D-77A,2024-07-20,16120.69,SAQUE,36587142000144,False,POS
b7b719f1-0cf1-458d-aee0-6943095a74a4,738BB1F8-F75,2024-10-09,16944.76,SAQUE,,False,ATM
81b731db-8f7c-4a7e-be6c-6072683236db,D812E8A0-66F,2024-10-07,16656.02,PIX,05398671000176,False,AGENCIA
09509045-b8dd-43bf-b3ad-2c43b82f907f,EBF50D9D-B5B,2023-09-22,13354.01,PIX,45803927000106,False,AGENCIA
5041adda-df38-4895-b8e9-4736264f4110,0D04F9DC-D38,2023-09-26,11066.24,SAQUE,29716035000103,False,INTERNET
5ccce2ad-3e1d-4b4a-9411-c785432db3af,D354533C-49F,2023-06-06,24553.83,SAQUE,63179054000186,False,POS
92802c6c-e8b2-4843-8ed9-695b40277ffe,B47A0697-1BD,2023-04-19,423.66,PAGAMENTO_BOLETO,29513740000103,False,INTERNET
c135929b-24d7-4a7d-be04-08808cae9b44,8C969DCD-FC0,2024-11-17,8653.63,ESTORNO,64125837000140,False,INTERNET
ed7e4472-9666-49aa-807a-23cfff37c43b,09BB85B7-1ED,2023-12-29,4467.19,PIX,59410826000171,False,INTERNET
65289630-113f-4231-8c35-50c8ca1646fc,BC36250C-B97,2024-09-24,20526.59,TED,89041276000121,False,APP
bf38f72d-10c0-4b9d-9794-f22a2079832e,F5FD719B-AA6,2023-09-06,22505.6,ESTORNO,83659270000136,False,ATM
62143844-0278-4f93-b801-af49a1e2459f,BF442931-DE3,2023-09-08,21612.53,COMPRA,46072195000186,False,APP
ecbdaa69-a53b-44ea-bf8e-2dd0c35e8a1c,2FBD2ECF-0B4,2023-10-06,13290.02,PIX,87940652000194,False,ATM
d4cd4c56-11aa-4ce1-9cda-00879bd58e4b,ED431952-B97,2023-08-30,6895.58,COMPRA,03157942000176,False,AGENCIA
ec23aa5c-87ff-4d82-89ff-c4d576615019,4897640C-8B6,2024-07-26,5729.04,TED,81732650000123,False,POS
3c64d244-b293-41bd-982b-51824ef4e24d,4897640C-8B6,2023-01-14,8099.99,ESTORNO,04563728000182,False,ATM
7de3ffce-f186-4fa8-855f-e4047d9db613,C88E3586-E2F,2024-11-07,4364.11,COMPRA,69812457000105,False,AGENCIA
047bcb49-3a9e-4b0f-9d2e-9e9ea1ee4689,E12DEF15-767,2023-08-23,16599.76,PAGAMENTO_BOLETO,37698201000114,False,ATM
a7ba6a62-8c03-4313-9bf0-77759718c3f4,EB92AE65-7C0,2024-01-31,16421.79,COMPRA,85429173000182,False,AGENCIA
ebede031-6342-4534-bde9-95dd7e136b55,F794734A-1B6,2023-02-16,19769.17,TED,64753890000195,False,POS
4c93d7df-5460-4c91-b7fd-d27241f5f045,7B708B0E-B2E,2023-06-28,1819.43,ESTORNO,45078912000114,False,AGENCIA
ad184d9d-85a7-4fc8-8bce-10674984c849,6E97A20A-0C4,2023-10-02,2163.32,COMPRA,68594701000130,False,AGENCIA
423b1561-7398-4360-9d11-bc7d8c576a03,D92FA23B-86A,2023-10-06,8249.71,COMPRA,75921648000108,False,APP
dc341fd4-3b78-4a65-8a81-1fa6284e2024,D354533C-49F,2024-01-20,14406.44,PAGAMENTO_BOLETO,61794538000100,False,POS
aa4584fd-1284-4580-9491-3fa2ea2e97ef,5E78FBCD-353,2024-07-14,8027.03,PIX,07261854000170,False,INTERNET
9307019a-b30a-48b9-a0b8-e2b0692c355a,058B0BD6-B39,2023-01-01,1506.36,SAQUE,76918354000181,True,INTERNET
7b96f811-9490-46cf-a8f4-30de49174251,7E7EA367-117,2023-06-12,10865.77,ESTORNO,27869314000181,True,POS
c31ccadb-3c57-42cc-a3ff-b337a66c3a6e,31136EB7-2C0,2024-05-23,21672.13,COMPRA,74230168000120,False,APP
7ccd7b43-e419-4a0d-8763-19520d8f92a4,AC067E59-F7A,2023-03-17,3743.05,SAQUE,92816507000136,False,ATM
8418d9ff-19f0-439f-878b-978d15213e6e,C8C19B20-2A6,2024-09-27,22648.56,PIX,01368572000190,False,POS
50fb98d9-c774-4c2e-be0a-7786cd9c710a,689DD5BE-828,2024-02-20,16182.19,COMPRA,57298136000147,False,POS
d4e807d1-2357-49b2-bca8-ec9e6b3d720b,E4E9CA3C-E10,2023-03-17,11864.95,SAQUE,43621907000180,False,ATM
9fc2154d-d216-4539-8b2e-0c2306d09b3c,8F5206C1-DA7,2024-09-08,5784.26,SAQUE,34958721000120,False,ATM
3868e7c6-8d9c-4c94-91fd-7a240109c7d1,F36572E4-336,2023-01-29,16874.24,PIX,58041937000195,False,POS
8d75a7c2-38f3-4c5c-929e-8794fd28f2ff,EE578FE7-A6B,2024-07-01,24095.92,PAGAMENTO_BOLETO,83019465000111,False,POS
fb03308b-e597-49a0-a824-40e9f145c530,947420C4-5BC,2023-08-31,10509.78,ESTORNO,48562310000126,False,POS
ca1ec57f-ade6-4e4b-b8f2-fef39f29698f,4A0B647D-626,2024-12-16,22502.88,ESTORNO,56802791000128,False,APP
34672c4b-5526-4798-9f7f-e7a86d48584e,EFAAF9B1-F44,2024-10-07,15066.04,PIX,38290657000103,False,INTERNET
649a72ae-c407-4066-b0fc-ebac332aa567,85B71083-1D3,2024-06-08,773.38,ESTORNO,07589426000171,False,POS
0bdee9c7-0434-4cbe-ae47-b3a6c8fa801e,B068409A-84E,2023-07-06,15923.9,SAQUE,51497380000152,False,APP
3b2eb6d4-aa56-4fd6-83c8-566c3dc42326,ED3E1058-716,2024-08-23,3964.75,COMPRA,85263041000123,False,APP
65dece2a-8637-4fb3-a2bc-4561217ba8af,A1053DCC-581,2024-05-12,19365.23,PIX,40571386000106,False,AGENCIA
a0b0b7a3-790e-4fb6-904f-7736290d6b3b,A0EEC42E-845,2024-04-12,14076.66,TED,80231659000198,False,APP
87ff2723-f3a1-42cd-abee-80d271535985,B106F35D-97A,2024-03-06,31.26,PAGAMENTO_BOLETO,,False,AGENCIA
de12ffc9-710c-43e3-8d0d-ad7fd940b91a,E84F138A-A23,2024-11-12,7730.71,PIX,03152796000196,False,AGENCIA
e462d79a-9587-400a-8b30-03b618effe5b,45402DF0-9E0,2024-08-30,14310.54,PIX,45638120000157,False,APP
37bba4cc-54e6-40a3-9dc5-6dd31c148507,D92FA23B-86A,2023-07-26,10495.61,PIX,15672804000104,False,ATM
31e65479-16fe-4707-91dc-b51e1fb5aba9,57F1ED13-92E,2023-02-04,17266.12,TED,32914805000137,False,APP
283cf315-0ff3-4719-8c8a-3da4fb3af195,CF188CDE-1BE,2023-09-08,577.81,TED,19642807000156,False,INTERNET
747bf9a0-ce90-42dc-b40f-4d3af1e78173,5E78FBCD-353,2023-02-08,11757.29,PAGAMENTO_BOLETO,96273084000106,False,AGENCIA
a5b79848-d447-49b8-9e41-bd888dc3b2fc,38F3F705-976,2024-09-23,14126.81,SAQUE,93605841000103,False,ATM
e65dd19f-cc89-4fdc-9f15-a6b49922818a,04219A17-343,2024-10-12,1978.34,PAGAMENTO_BOLETO,54189672000116,False,INTERNET
d44fa1e5-3b04-47c5-af7e-fcf4d26bba30,BC2C7433-3A8,2024-01-25,14233.39,SAQUE,28739450000110,False,APP
e0209c85-270c-4fee-b3a6-f7b8f68aa1a0,7580BFE4-443,2024-08-30,17368.5,PIX,21430986000100,False,INTERNET
6724d1df-d3dc-4549-962f-ae7b8dfc822f,DA546F7D-A83,2023-04-23,9201.12,SAQUE,98375410000111,False,ATM
e8d6cf10-6c74-4166-9331-ad22e640e658,54C82DFE-42C,2023-07-31,10339.02,PIX,32610459000101,False,APP
e80e69cd-1517-4be1-afa5-a05e6ab0ebc1,28F355A9-E03,2024-09-20,21333.35,TED,28549763000105,False,POS
d085f9e0-0c23-462c-b565-ede4b0667708,08CEE419-9B7,2024-08-06,21248.7,TED,58734960000165,False,AGENCIA
d56e03d1-e4c9-4d67-9f45-b020d9856195,6680B6E8-45A,2024-02-28,23065.2,ESTORNO,86214375000170,False,AGENCIA
f142b657-18b2-40fe-b29d-83c57c408a09,661B3DD1-56E,2023-09-26,24309.41,TED,16857943000175,False,AGENCIA
be73338f-0801-4cef-9022-0d438d437c89,10A1A630-BD3,2023-03-16,17726.35,TED,57832061000132,False,ATM
aaf2e5e6-eba9-4571-8314-84e86ec5edc1,689DD5BE-828,2024-09-09,14235.28,PAGAMENTO_BOLETO,07214965000126,False,POS
3545e683-10d0-4ace-975b-0fd0f1dd8f10,436D7E4D-B9C,2024-12-23,6062.59,TED,31298475000130,False,ATM
bf77f26a-1bd3-42e1-9365-61ed48ccb8b2,865C9704-62A,2024-08-11,7128.29,TED,81397260000144,False,AGENCIA
5be33579-51d5-4b96-8965-fa802e4b117e,BCAAC3C5-495,2024-11-23,430.88,ESTORNO,01679583000191,False,INTERNET
2f9ef331-3c13-473e-963d-ed3ee8554e49,8AA370BF-9E1,2023-02-18,3653.88,PAGAMENTO_BOLETO,,False,ATM
6cdf0b13-4c0e-4b5f-8778-2073385e7421,EE578FE7-A6B,2024-05-03,3208.9,ESTORNO,36210897000125,False,POS
f45bdb68-bcea-43e8-80cc-1c2ee07ed1a6,0FBD1AA6-DE6,2024-06-29,16725.69,ESTORNO,47351926000195,False,POS
80c0c34a-66aa-43fe-9b12-97b42a5af1e0,ADA03EA4-F03,2023-10-04,14566.55,COMPRA,56720348000108,False,APP
843833f4-2bc8-42ba-87d1-a9f968a18ffd,2B60D4B9-26E,2024-08-07,24183.5,PIX,,False,INTERNET
a8aec51c-4503-4ef9-a869-ac1b9c88d414,4897640C-8B6,2024-05-05,2879.92,COMPRA,43208976000167,False,AGENCIA
3e855297-47bc-4b0e-8342-076a122f6cd7,54806BE5-C68,2024-06-15,22481.1,TED,06853492000144,False,ATM
5e51918b-623c-4adc-9455-f51f9c3cba72,25057469-993,2024-04-28,9264.54,PAGAMENTO_BOLETO,50791634000188,False,INTERNET
3e3390a3-0578-4de5-bc98-6c2d4eb6fe67,613A73A8-A4B,2023-01-11,933.75,COMPRA,92846573000159,False,POS
da32230c-f985-4dfb-a9ab-342d89189f16,912676CF-EE1,2023-11-08,10821.78,PIX,32987164000140,False,INTERNET
1b4ed9a3-e8e0-4064-bcb4-9a62cd9e39cb,D92FA23B-86A,2023-08-17,18088.78,PAGAMENTO_BOLETO,82160739000125,False,APP
beb39cd1-3771-4654-bc6a-86d5e712a1cf,9E4A20BE-4D0,2023-12-31,3537.17,COMPRA,59720361000155,False,APP
7e5831ad-415c-4e8b-ac23-1a0c8d037fc5,77AC2E40-FE1,2024-04-17,5102.2,TED,,False,AGENCIA
08352a2a-042a-4df8-896c-26ef5aef1cf8,CB6D3B29-9B2,2024-09-01,13219.83,PIX,61749835000133,False,POS
2e63ada6-d069-404c-a9a8-954f959784e2,8AA21B31-02F,2024-11-24,8435.54,PIX,97153264000117,False,POS
c67f5c70-38c2-40d2-bc6b-b5686d418528,AB6563DA-6A8,2023-03-22,23498.1,PAGAMENTO_BOLETO,59842061000149,False,APP
69a8c7e1-b09a-441f-8e0e-321020a7d2b1,5AB197C6-ED2,2024-01-05,6528.39,PAGAMENTO_BOLETO,67839541000189,False,AGENCIA
30e08eac-23ea-446a-b989-6ee0ee0c0683,7CFA2BE1-670,2024-02-11,17394.53,PIX,90321457000190,False,APP
4bd94b50-59f5-4d84-afac-3ef182a98eb6,08E6CF7F-C32,2024-07-09,5571.72,PAGAMENTO_BOLETO,25601784000134,False,INTERNET
e239ee0a-1595-4a4f-9a64-ab237d3f60e4,D24A4FC9-DA1,2023-07-07,7416.64,SAQUE,92143785000170,False,INTERNET
bc0b1ad0-fe85-4b52-b701-dfb285ba5092,FE644003-AEF,2023-05-19,23319.8,COMPRA,18649237000163,False,INTERNET
da49209c-1d1c-49f4-b1ba-b9ec85c3f3ee,B106F35D-97A,2023-10-27,7751.72,SAQUE,89312746000144,False,INTERNET
6e9f90c3-2d55-4710-8cd4-cdd03f621058,A68A3725-39A,2023-01-20,16401.1,TED,82643750000146,False,ATM
f87aca92-e8ea-402b-9d16-815819c2694b,583C40B4-827,2024-03-01,17855.57,PAGAMENTO_BOLETO,70264958000175,False,ATM
b6806e41-c3e1-435b-a461-5614a9b7b1a1,E8E0C8B9-2F4,2024-07-07,19536.1,COMPRA,73614289000102,True,AGENCIA
135dbf03-8057-44e1-b47c-34f214b9140f,F648E8E0-85F,2023-05-25,17769.32,PAGAMENTO_BOLETO,60713849000134,False,ATM
9c3941bd-7887-43e7-a5fb-d435a6162512,2386635F-FFA,2023-02-21,18831.95,SAQUE,,False,APP
5519c7d6-0452-4746-8929-cc0805ff1dc4,C5706DAE-322,2024-05-13,16166.36,PIX,49672851000170,False,APP
39efb64a-93a3-4b31-8941-0031f13320b7,A975ED9E-EE4,2023-07-12,11646.21,COMPRA,41708269000104,False,AGENCIA
94fd6b06-b939-4f82-affb-6fe71d47fb17,6DB4C648-BEB,2023-08-22,1462.55,PAGAMENTO_BOLETO,48315269000193,False,AGENCIA
095b79a9-62a2-4d54-bf23-271ef1822c7a,7CFA2BE1-670,2023-06-17,23681.31,SAQUE,21975806000175,False,POS
a52d5d37-c801-4407-a654-e71fe81ae006,929FD3F7-A7D,2024-03-08,23608.08,PIX,23408179000116,False,ATM
ad3d9ffd-b903-48b3-b429-73f701975c2a,822051C5-3A8,2023-06-13,18790.53,SAQUE,87950261000150,False,POS
0788f1cd-ec1a-4f0f-9c90-8040fe9d3555,2080AE94-157,2024-09-30,24850.42,SAQUE,01463895000163,True,APP
11b78c8c-290c-463c-9a8f-d4ec09fa5b5b,7BD46AE5-E87,2024-02-15,3362.35,PAGAMENTO_BOLETO,21354970000165,False,INTERNET
5172212f-fc3e-4aa6-a2aa-7997ff646127,D812E8A0-66F,2023-01-11,5111.47,SAQUE,60731925000134,True,INTERNET
a0a42aa3-3353-4943-8426-f87fa7a16d7d,1F1694DA-CD4,2024-04-24,6342.09,PIX,17439850000193,False,APP
6b863710-9432-484a-bef9-09a879198cd1,810123B4-A21,2024-03-14,16758.68,PIX,24536708000120,False,APP
fec6697b-c13f-4771-b9dd-170599ba3070,E662F78E-F5A,2024-03-13,10939.33,SAQUE,01972684000156,False,POS
7132a6d6-6791-45cc-aa19-833c58e704e3,078E27EE-34F,2023-11-19,15249.61,SAQUE,35816902000185,False,APP
0dd08cd8-b29b-4ee9-aa46-e13a92e81690,2136DA02-713,2024-10-19,4340.26,TED,97823104000138,False,APP
38e315d1-88af-4c29-a58e-b4dc88ae435e,BC2C7433-3A8,2023-06-27,23539.14,SAQUE,24061537000120,False,POS
fc35712a-bfd5-48b1-80a1-c826a769ca4f,04219A17-343,2024-05-14,19239.91,SAQUE,97863054000112,False,INTERNET
67afdbbf-8cdb-4785-b4b4-e1b51ed0d185,5E30F0A5-F88,2023-05-15,6772.42,COMPRA,40893521000130,False,AGENCIA
d7255e6e-0d39-45be-9db1-40f92d0897a5,D812E8A0-66F,2024-08-18,11462.13,ESTORNO,54826109000101,False,APP
c4dbbc4c-a7b5-4791-9123-8c6f5edd3812,D812E8A0-66F,2023-06-16,2273.04,SAQUE,58046132000134,False,INTERNET
ae912408-68be-4ea4-af9c-a25d1dbceb25,0107AE02-450,2024-01-18,7317.91,COMPRA,79105432000117,False,ATM
29b1cfda-f7e0-47e2-b634-b0dd4ac313a3,10AEB891-6B8,2023-09-23,22907.42,ESTORNO,09728465000138,False,ATM
fdac1aeb-6ce9-442d-9a62-19d0e4664294,6C8380B6-AC5,2023-04-15,18241.59,PIX,58260493000189,False,ATM
ea24ef95-c5a6-4c59-8ca5-e90aad756174,EB92AE65-7C0,2023-09-24,8028.89,PIX,59016384000183,False,POS
a2aa6115-c50f-4885-86e4-64ec086bcc44,7CFA2BE1-670,2023-07-07,23392.98,TED,02564879000120,False,AGENCIA
30b5edd7-b407-4335-a7d2-6d5b6929998f,DA546F7D-A83,2023-08-21,15996.01,PAGAMENTO_BOLETO,67382459000178,False,ATM
1181176b-078c-4940-8f94-7cf854cb7da1,61756E69-9EF,2024-11-24,3853.42,PIX,96328140000162,False,AGENCIA
0c03a8f0-e04c-4480-aaf1-4204aef79b01,A33F2332-55E,2023-03-07,12645.47,SAQUE,48607932000123,False,POS
58603246-a34d-4448-8daa-be818a6cbb42,A3F2C949-942,2024-08-21,1004.02,ESTORNO,42930578000197,False,ATM
e6d94a49-002c-4ac6-8f90-0591227c6968,EA9BFF77-087,2023-10-16,18956.6,ESTORNO,47938065000146,False,POS
e37be70c-0ce3-4d40-9265-ac8ff14e4080,3DCBB7BC-90D,2023-05-31,18118.09,SAQUE,96127348000113,False,INTERNET
24c8c9e3-8f15-4b02-ad30-14b0859c0071,2C169E65-15D,2023-03-20,11285.06,SAQUE,71829635000144,False,APP
1f3ff887-74c3-4078-8d90-5809c4ce6d45,5D91DA9C-862,2023-02-18,2150.19,COMPRA,79301245000109,False,POS
e6edf324-ff33-48f5-b2bc-b558d40b984c,73BF65C6-E44,2024-12-14,1050.53,TED,24713869000141,False,POS
bd33f10e-1c5e-47d7-9d6f-aed55b76738a,4FFE1A1B-0BD,2024-09-20,10399.09,COMPRA,60219573000132,False,APP
2b406a98-c9f6-420f-8788-e8c0fe97913b,D518A999-188,2023-02-20,11361.18,PIX,79812065000191,False,APP
96f50901-723f-4cee-9025-78df0a82f844,A3BAC5EF-01B,2023-08-19,19948.75,PAGAMENTO_BOLETO,07845362000122,False,APP
e0ba7289-bb43-466f-ab1a-1274b27d7769,6680B6E8-45A,2024-09-26,14694.54,PAGAMENTO_BOLETO,41236850000170,False,AGENCIA
79e014cb-cd0e-49bb-9e21-550e5f18b1ca,86669F50-F78,2023-11-22,4456.3,ESTORNO,87904326000121,False,APP
1f4984bb-a237-4fcf-82aa-c023e1add53c,991A5D21-DB1,2023-06-26,12350.55,SAQUE,,False,ATM
3aafaac3-d132-4684-a1a0-72739c73590c,10A1A630-BD3,2023-09-18,23633.74,SAQUE,,False,ATM
54aba55a-d14b-45ba-ae84-1508962ce56f,0B8F7D40-3AA,2023-01-22,4545.92,TED,95071248000150,False,INTERNET
88050e68-d0c6-49b0-944e-23a4d325b6c5,39E68EA9-450,2024-01-20,3609.83,SAQUE,45629018000195,False,AGENCIA
4219678e-ac9e-4634-abd7-4a990a765d2d,C772899A-708,2023-09-24,17127.95,PAGAMENTO_BOLETO,,False,ATM
c26f8245-e386-4f9e-bf84-ba7a3f555831,2508FF97-0F2,2023-07-16,21250.16,SAQUE,68514903000124,False,APP
1b98e48e-b8fa-462f-b0bf-ae99aa286933,929FD3F7-A7D,2023-07-20,17309.36,SAQUE,78951602000111,False,AGENCIA
2e150d12-34db-4790-af69-b786ae0ee619,273D2AC9-74D,2023-01-19,7552.09,TED,32096817000100,False,POS
aeafafe1-4045-4fce-a8ef-2df001ad903c,92A4D4BC-26C,2024-09-05,12478.15,PAGAMENTO_BOLETO,12037956000147,False,APP
ef820707-afed-4e77-bc5a-3e926d114d7c,73942EFD-05F,2023-01-22,6775.15,SAQUE,95670123000146,True,AGENCIA
54bb1cba-cd24-4f57-a129-7f6384049182,144B0E2F-BCE,2024-01-22,15346.82,PAGAMENTO_BOLETO,48602371000170,False,APP
3a1996f8-3cf9-4198-b39d-da5495b54793,C32E78CB-C4B,2023-11-17,15302.52,SAQUE,01465729000104,False,ATM
ad91cf4f-741f-4a82-9f7f-9f2307f1873f,39B1332F-765,2024-09-30,12421.63,ESTORNO,94836250000100,False,ATM
53948cac-f380-4312-bb79-4dc77db40af4,822051C5-3A8,2024-11-04,10679.33,SAQUE,23951048000180,False,POS
35c06b56-ab82-4055-a1f0-cb6e4b4f1e96,E78CD62D-E6B,2024-02-29,18527.41,SAQUE,74260391000110,False,ATM
534dfec1-2e03-4858-89c7-d7e5b170a855,BBA27FFE-0E9,2024-04-30,23032.17,TED,32617950000156,False,INTERNET
55475ece-815c-4ab5-8c5b-c3c6c779719d,B19C3294-817,2024-08-03,22801.35,SAQUE,05236874000166,True,APP
f4f2c558-75e4-4db8-99ca-b1d7d74f1d69,89AD6253-EC9,2023-12-24,22145.73,PAGAMENTO_BOLETO,98504172000105,False,POS
aeb63cc9-daba-46f3-b273-aefa2db01c55,2F2BDBCA-169,2024-10-31,3346.83,TED,67384952000127,False,INTERNET
b108f13c-8c2a-440c-9fbf-a9e67026b0d9,30AD6433-5CF,2023-10-20,3774.01,COMPRA,36978410000159,False,ATM
101fe436-1a7a-4719-9c09-3048c7e51709,453757ED-AAD,2023-06-05,5460.33,PAGAMENTO_BOLETO,07129658000147,False,POS
7e4cf4ae-f422-4734-85c0-481f5a229d1f,1054E4E2-B1A,2024-03-22,10056.48,SAQUE,37289105000112,False,INTERNET
335980f2-d362-405f-9472-beb5ba963d9f,3FFFE298-DDE,2023-06-26,16144.35,PAGAMENTO_BOLETO,64517390000154,False,INTERNET
b2a6a653-9aa8-43fa-a15c-bd946d5418a8,54806BE5-C68,2024-01-22,1070.07,COMPRA,65341829000101,False,AGENCIA
ab425609-b8be-4d31-b998-3d25ee64e547,89AD6253-EC9,2023-01-28,15588.12,ESTORNO,41208659000115,False,AGENCIA
97b0eb49-2b11-4846-a569-6cf453eddbc0,323A70E8-338,2023-07-29,2428.76,ESTORNO,82031945000135,False,POS
bc920e14-89e7-4dcc-8502-7620428000d7,81EDE082-098,2023-02-11,19007.44,COMPRA,75380142000120,False,POS
3bb65755-34dc-42a1-b31f-6408908e5e3b,0F8DC42A-25D,2023-08-18,21291.91,ESTORNO,51648072000180,False,APP
2bb44ea7-4fe9-4ecf-b19c-8665fb614e63,39B1332F-765,2023-03-27,20473.32,SAQUE,63519482000100,False,APP
63a22a1b-cb59-4958-9df0-cd340078ea04,A5175A7C-D41,2023-06-27,23744.0,COMPRA,27530914000110,False,AGENCIA
6c7bef6e-e385-44c3-8234-122d13c3950e,BED680F9-6E9,2023-04-26,12784.78,ESTORNO,78359610000173,False,INTERNET
df53e902-9f1c-42d5-a17a-f10068199be6,7AC1E55C-105,2024-07-10,21743.45,PIX,80651392000198,False,ATM
823d1f3c-3aa8-4ca0-998c-1657f7465daf,E662F78E-F5A,2023-01-09,7449.91,COMPRA,,False,APP
1897da29-2178-4dc4-9af9-9a1c1145fc9b,ABD174D3-4B9,2023-09-26,13271.66,PAGAMENTO_BOLETO,67849032000137,False,ATM
fc7396de-fec5-466c-bbd0-6e8b2ae1e881,C249FDF0-34A,2023-11-09,7733.63,SAQUE,12658743000132,False,APP
9bced55d-00ef-4c2a-b37a-92f46038175b,8F5206C1-DA7,2024-02-02,1065.94,SAQUE,24516897000179,False,POS
ae4ef018-8d24-4535-a593-d62e8c4cb5d4,EE4A48BE-E10,2024-05-24,22889.28,PIX,24956301000151,False,ATM
8b659718-a916-4270-8f01-0ecf18996015,8772E6FA-CB9,2023-11-18,6114.93,PAGAMENTO_BOLETO,91530264000102,False,ATM
ca344fa3-1a54-44e6-94eb-735cdbda9f1a,69A6713C-E7B,2023-10-16,15945.69,PIX,19564827000156,False,APP
f0970ced-ce7e-4607-a207-69080f34bf9b,BA444AB4-CA4,2023-05-13,14895.44,SAQUE,92754608000120,False,INTERNET
bcf0499d-d50b-46b2-ad55-cae670cb6066,FDE1F175-647,2023-05-25,2796.16,ESTORNO,16297084000107,False,INTERNET
de968900-146b-46fb-9923-b43efc8dadc7,A5A763A3-388,2023-07-17,4477.37,SAQUE,47289031000178,True,APP
5c98a81b-0af7-40ca-9ebc-30ec7a735a4c,77C98292-F52,2023-06-17,1138.24,PAGAMENTO_BOLETO,,False,INTERNET
7499e451-8c03-4d06-805f-67f1ea6792b9,F3F29466-41C,2023-04-26,19896.25,TED,34918265000195,False,POS
b72ce14b-a7ab-48a9-9fca-38f3a851b1e1,7EAA65AF-AB1,2024-08-04,22926.04,ESTORNO,69428173000101,False,APP
71af1647-8da4-4c57-b811-1c0fd124e3e1,115FB762-6F5,2024-09-21,11777.28,PIX,52983140000120,False,ATM
3373e561-143b-471f-a1dc-950f894c00e7,DA546F7D-A83,2024-08-31,14703.81,PAGAMENTO_BOLETO,80296173000138,False,POS
b06bb36f-0a7d-40e7-9142-f82d9fb06089,661B3DD1-56E,2023-06-14,2414.73,PAGAMENTO_BOLETO,56409182000103,False,APP
e3af92b3-017b-4c01-9ff8-6587c8e5e96e,02DBF1CF-E2B,2023-01-21,18384.29,COMPRA,46918520000189,False,ATM
a55f015c-9da3-4049-85bb-8c6c001b0550,35CA54D5-CC7,2023-01-22,10557.08,ESTORNO,36829750000118,False,INTERNET
6763c621-695c-49fb-9edb-8502657ed260,C8C19B20-2A6,2023-03-05,17656.2,COMPRA,52796048000151,False,INTERNET
349f902c-de67-4f03-81a4-b7f9bc5a1bea,49B1AE30-1A6,2024-07-06,18700.27,TED,29153874000160,False,ATM
99d06e58-be4a-4484-833b-19f547e25b74,ABD174D3-4B9,2023-04-09,4715.02,COMPRA,87643129000104,False,APP
4df471e9-41de-4a60-b877-abda3e9f185e,436D7E4D-B9C,2023-07-03,8166.95,TED,36258097000184,False,POS
796866e2-3e41-4a47-86e6-54b5ebad8e41,81336B22-F77,2024-07-17,22478.76,ESTORNO,90381652000106,True,AGENCIA
ef9d59cd-ca0d-4de2-916a-aa9409301122,8D7323DA-1BC,2023-06-15,13829.44,PIX,85792413000109,False,POS
a5e38a7a-d870-451b-b2f3-161d70cbdc00,14679473-AD7,2024-08-01,4274.15,PAGAMENTO_BOLETO,39165082000160,False,ATM
9b9be61b-6ee4-4802-9ed1-a6ccdbd59ba2,342C6AE3-5C5,2024-12-15,9953.59,PIX,07642385000130,False,ATM
8e5a9bd1-94fb-48fa-a797-023a358f2adf,A01C2FB8-D51,2023-09-07,18907.53,SAQUE,83597201000145,False,POS
ad93e841-7054-4b1c-af16-38b04d05cbde,2FCBCC69-CF4,2023-07-31,24823.6,PAGAMENTO_BOLETO,53104698000151,False,ATM
9512d39c-b45d-4feb-a68d-14f54b798373,14E1B123-5B6,2023-07-28,16829.86,SAQUE,94036187000127,False,ATM
9f76f2b3-6550-4a20-b7c9-a19119dc0dd1,2FCBCC69-CF4,2023-03-27,22503.36,PAGAMENTO_BOLETO,89502713000167,False,APP
c1badd10-6149-47eb-9b53-22cc8f58e3a7,F50D406B-1E1,2024-07-09,22082.0,PIX,,False,ATM
dff3fef1-2b9f-4658-8991-bbeb111569d4,EFAAF9B1-F44,2024-03-20,2620.21,PAGAMENTO_BOLETO,82435610000182,False,APP
74b56495-6fd8-43c0-8677-3b4478b4be8a,2711E010-E9E,2023-03-18,22.01,SAQUE,72056918000163,False,POS
3a24fee0-ad71-4a84-bc66-4598a37b7589,45C963C9-F3C,2023-07-25,19777.86,SAQUE,41963507000128,False,INTERNET
eb3ab920-3a22-467d-b986-862267528dff,2BD381DA-572,2024-07-07,2480.09,PAGAMENTO_BOLETO,78416305000176,False,INTERNET
d9f99ab9-4bf3-41fc-8221-5a90543b40ba,0CBFAB04-3D2,2023-07-11,8734.17,PIX,14536897000187,False,APP
3910a1d0-ce31-4cc0-86ed-9333009fd865,F2A095CE-DA8,2023-11-30,13209.58,ESTORNO,70483569000130,False,APP
942bd563-998e-4569-9b30-722587f7cd77,6680B6E8-45A,2024-05-08,10152.41,PIX,84213690000157,False,APP
975e98b4-46e2-4dd6-b090-730212e2a675,C5BD6B07-89E,2024-10-06,10563.16,ESTORNO,94782360000136,False,POS
72a592ca-0573-4fef-a026-93b216cfe14e,4E3638D1-748,2024-10-12,4177.45,PAGAMENTO_BOLETO,74902613000150,False,AGENCIA
6f9921aa-daa4-44bc-85f1-b35e562a56a9,6E97A20A-0C4,2023-03-18,6185.19,PAGAMENTO_BOLETO,,False,POS
2b46d22d-c28a-42dd-b00f-9b818953c901,EE142379-B1C,2024-02-24,11115.7,COMPRA,04591382000126,False,POS
dec323d7-9e5c-4b3d-9fa6-0d876d23b09b,AC067E59-F7A,2023-12-27,17370.3,PAGAMENTO_BOLETO,96724581000183,False,POS
7f82566e-7e67-4853-86a0-69530f7505aa,589CC97B-0AC,2024-07-08,16081.82,ESTORNO,,False,ATM
1800a5e5-6e5d-471a-84e8-3c1aed236e57,F2A68DB9-8A7,2024-11-22,4456.11,COMPRA,81905472000195,False,INTERNET
f03d93da-d21b-4dd7-8dfd-3a5110a54b1e,D150228C-8D2,2024-01-21,17537.83,TED,57148602000108,False,ATM
8af3f364-656c-4f8f-ab34-622af27ea21b,99CABE86-ED6,2023-06-24,13347.36,PAGAMENTO_BOLETO,50278916000186,False,POS
1e5a1b20-64e5-4c38-b93a-a898de282388,6680B6E8-45A,2023-05-22,20736.08,TED,79240186000106,False,AGENCIA
9a095ac7-16a0-45ba-b261-53cd9c175b7e,86F5C4E8-CF7,2024-08-30,15419.14,PAGAMENTO_BOLETO,35649012000126,False,INTERNET
5ef6b23a-7fe4-484a-b882-24364602efef,347A3AEE-93F,2023-08-17,8586.7,PAGAMENTO_BOLETO,89047326000188,False,ATM
ee119e11-f1b3-4e34-9df4-81513f289355,0A671FF0-F9D,2023-01-10,15707.42,PIX,31642790000132,False,INTERNET
a74f9290-350c-4828-a552-d65d07967712,7DBFC6AA-4C2,2024-09-14,14483.92,COMPRA,51329476000101,False,ATM
a5b17ed6-1347-4c14-800c-d07fda0f9edc,A4BCE2C0-28C,2024-09-24,3569.27,PIX,17389052000102,False,AGENCIA
50bd2edc-7749-4b72-bb8a-1e570769f776,BED680F9-6E9,2024-03-24,1574.63,PAGAMENTO_BOLETO,23564791000188,False,ATM
c91d4266-aa90-400a-ad55-bf3c2c336f16,306FDC2D-E8B,2023-01-04,541.31,PAGAMENTO_BOLETO,39245817000165,False,ATM
b4766c3d-3cad-4cdf-879e-7ed9ceeed726,8D7323DA-1BC,2024-11-27,7675.88,PIX,03516724000180,False,AGENCIA
fa2bb85d-039a-436c-ad23-410f20af485b,4224C023-956,2024-08-07,17140.07,TED,92186405000184,False,APP
2fc8faa8-9d8a-4add-86de-d21c6662d2ec,2C0F4FF3-E1B,2023-07-18,23840.28,PAGAMENTO_BOLETO,96285437000198,False,AGENCIA
c92b8158-c2ab-4f2f-b9d0-902622eba0fa,6B0A1315-B58,2024-04-18,2814.95,SAQUE,,False,ATM
8fbfff51-54d9-4dd9-bea0-fbb673cf67bd,E12DEF15-767,2024-10-07,12975.41,TED,19560872000132,False,POS
799b280f-7a17-4356-a1bd-63c530b80b45,4AC01687-299,2024-06-30,13411.57,COMPRA,75920168000114,False,AGENCIA
a359c47c-85aa-4aa1-a135-f1befc043a48,22BD1C4C-212,2024-06-30,19410.48,COMPRA,30876512000187,False,AGENCIA
fec7137c-12c1-4ad3-a7da-c8d6f261984b,54C82DFE-42C,2024-09-11,248.39,SAQUE,50167498000150,False,POS
260a83dc-0a7d-48b5-9c86-7297871a6552,E78CD62D-E6B,2023-01-11,20155.38,TED,83264790000140,False,APP
5e86ee6a-6ffc-47e2-b804-e0827e612892,9659880D-34D,2023-02-02,20892.6,SAQUE,60745289000108,False,ATM
db145a25-ebc5-48dd-8e5c-1df082e184af,45C963C9-F3C,2024-02-14,978.55,TED,31702849000130,False,APP
4f3fb85b-5198-4a87-a888-34d651f2cc62,4C1F7B4A-B5B,2024-07-11,453.43,SAQUE,17846205000195,False,AGENCIA
51414cb5-7bb5-4c40-a11f-3fe21153d05f,ED431952-B97,2023-04-17,8965.19,SAQUE,39074861000150,True,POS
d487f2e3-a83b-4e7b-a488-c17e982bea35,28F355A9-E03,2023-07-14,14329.0,ESTORNO,57890642000120,False,AGENCIA
f1ca1836-563b-48d0-83cc-057d499404b6,2F2BDBCA-169,2024-11-13,12062.47,PAGAMENTO_BOLETO,31092674000197,False,POS
ad4f9a7c-eeb7-48eb-bacd-d1e3f42253f8,C9490648-F98,2024-04-30,14875.72,TED,,False,APP
986cb599-9875-4c88-b19f-e11d2a0fcd7a,C8E186EC-DBD,2024-03-01,13833.98,SAQUE,57341928000157,True,ATM
7158eebd-32c5-44e1-9cdb-1292783e700e,306FDC2D-E8B,2023-01-14,19707.89,COMPRA,91056487000180,True,APP
bf08f5b8-9ba7-4ac4-a28e-11e8664443b5,C842044E-241,2024-02-04,16991.91,ESTORNO,51604382000101,False,POS
b16d7448-6cdb-4545-bf4d-e811140165ba,40446A9E-97A,2024-09-02,22215.28,TED,62741950000124,False,APP
7cbe9786-6302-4403-81d4-5ef1bed015d7,E0346F7D-321,2024-01-02,22779.14,PIX,09178324000199,False,POS
319c2f00-9821-45b9-b415-9a30d56c8714,10AEB891-6B8,2024-08-01,6527.59,SAQUE,65037291000138,False,POS
483089bd-234b-4100-8387-60a38997d7eb,2136DA02-713,2023-10-29,16624.66,PIX,17589602000129,False,APP
d724c128-db46-4ea7-b2a1-8de1c74cf69d,ED431952-B97,2024-05-06,12567.09,ESTORNO,,False,APP
28cc3224-d169-4183-baa0-722755940bab,F50D406B-1E1,2023-06-15,13271.19,PIX,98732640000190,False,APP
e7bf474a-b618-44f0-ab2d-23e8f0d5d204,9E4A20BE-4D0,2024-10-08,782.2,SAQUE,71042953000160,False,APP
91c3bd1d-e718-4f9b-b372-79aaf659f8b2,C5BD6B07-89E,2023-10-05,1191.56,TED,67249513000101,False,AGENCIA
6efd1e64-4a11-4734-89e5-7b9bfffd129f,2508FF97-0F2,2024-09-01,3289.47,COMPRA,09251368000105,False,AGENCIA
111794d3-0e37-4c9d-8782-554d13b5e4bb,74A565D8-F98,2024-03-08,16632.13,PAGAMENTO_BOLETO,50384961000115,False,ATM
e1838ced-5f46-4daf-8fe0-af5d7ac58688,38F3F705-976,2024-01-19,20462.78,SAQUE,84960731000179,False,APP
ea16d620-aca4-419e-b62c-0e28ddfd3abe,D1F73E4C-828,2023-05-10,9446.68,COMPRA,97142358000190,False,AGENCIA
4b5dca76-5f37-4bb3-8655-f82b766ec799,49836785-5BB,2024-03-22,15282.63,PIX,02937814000182,False,ATM
ae3e30dc-c870-4cec-a175-0bfc374a0efb,17956872-25B,2023-07-08,19203.31,SAQUE,89320154000174,False,APP
3e73ec69-ea63-460b-a3a0-8d0eac2cb3d8,B068409A-84E,2023-08-09,8295.63,ESTORNO,35279804000156,False,AGENCIA
4756dc17-0031-4864-97a4-e354d900b11a,6C29A863-E32,2023-01-31,10990.26,TED,26984513000178,False,ATM
885c853a-70c1-4986-a615-b6d62db62824,A0C82E54-B74,2023-11-07,22519.31,PAGAMENTO_BOLETO,42510876000128,False,AGENCIA
274c4efb-1d84-4427-8eb2-01f5e24169ca,1ADD9D42-346,2023-08-17,9310.08,PAGAMENTO_BOLETO,08135729000187,False,INTERNET
ac64dbb1-d22d-48a4-80d1-40eb6ea37f51,B068409A-84E,2023-08-26,2411.08,PAGAMENTO_BOLETO,54671093000105,False,APP
2146ded9-0a15-4c0f-9961-6bb50b7db004,5AF92A1E-13D,2023-03-25,12228.24,SAQUE,32471805000100,False,AGENCIA
6b9eb7e4-7f7d-4bbc-9cfc-2d6b8c1c1254,2DBC6B24-AD0,2023-06-20,5455.21,ESTORNO,28047136000176,False,POS
b1c404f2-a142-448d-a358-35b9517fd9a7,09BB85B7-1ED,2023-09-13,1410.33,PIX,78205634000178,False,INTERNET
1e22f68c-2206-4582-8cf1-c8f9436ce438,6C29A863-E32,2023-03-11,23662.7,ESTORNO,68715034000104,False,INTERNET
cf46321c-bb80-46f6-bbb7-32d07312d92a,721C6DFC-E9A,2024-10-17,23078.51,SAQUE,37821659000119,False,ATM
0578088e-418a-4e04-acfa-da76c00d0d79,C88E3586-E2F,2024-03-11,12367.1,TED,64530781000109,False,POS
6e668b41-6bd2-4330-89c3-705a72b344c2,413F0122-F95,2024-09-24,18288.06,TED,05918647000110,False,AGENCIA
1ec4fb2b-95ca-436c-809a-25ed0a820cdd,DA08E0C0-BF4,2023-06-25,13854.26,SAQUE,75820931000135,False,AGENCIA
52a4df38-548c-413a-9ad4-256b5b337627,4A53FC47-1FD,2023-12-21,4259.02,SAQUE,56291847000127,False,AGENCIA
0ae3f591-7de6-4cef-9a60-efba5b2be3f8,39B1332F-765,2023-04-29,2536.43,PAGAMENTO_BOLETO,40679825000107,False,AGENCIA
94301c03-5185-4510-94b4-2147414ee4ad,77AC2E40-FE1,2024-04-04,15374.27,COMPRA,48530629000170,False,APP
ce1962f2-8529-41c5-91ca-7f217440bd87,A5175A7C-D41,2024-10-14,13228.03,COMPRA,60428519000105,False,POS
713fa6c1-580e-4e82-8e00-e8d032e1c1b4,B106F35D-97A,2024-04-03,2320.01,PIX,09468571000120,False,ATM
b7a510e9-5c69-4d8a-90d5-586c651203a3,A058926C-83A,2024-01-10,5759.18,ESTORNO,24601589000141,False,INTERNET
17cabef2-edc9-47de-909c-ee9d442b234e,1F08781A-D00,2024-06-25,7440.13,ESTORNO,41705632000138,False,AGENCIA
f14dceb7-3afc-4e52-98c7-3bd132980810,F7FCA913-C68,2024-04-17,2804.71,COMPRA,60834152000111,False,AGENCIA
18442a7e-ec6e-40a6-8c11-e76aae9e4506,6E666FF2-233,2024-08-07,17558.64,PIX,19436205000142,False,AGENCIA
bcd33a94-50cd-4b4f-a612-0d8f36231b18,D7EA0CA0-D6E,2024-09-09,21185.36,SAQUE,02694875000166,True,INTERNET
e33fda6a-908d-4968-ab5a-0de14110794d,FD73F00B-4B6,2024-07-01,12209.03,COMPRA,60751984000174,False,APP
991e7f8f-65cb-4c7c-90a6-ddf57531f1c2,74B02BC8-DCD,2024-03-07,13246.98,COMPRA,78321596000119,False,APP
8080a3ad-6af6-485e-abc5-f375ceadab1e,6E666FF2-233,2023-09-03,17209.99,ESTORNO,64029871000110,False,POS
bfcfed08-93cd-44e6-8f61-a7847dc79489,66171BE7-0C6,2024-03-13,24510.11,COMPRA,49805613000195,False,POS
8e84c9b2-ecb9-48b7-b701-8085cedd96bd,8B15D57B-CD0,2023-06-29,13374.39,PAGAMENTO_BOLETO,30549126000180,False,INTERNET
491b5b9e-79cf-46a3-a2d0-34134c837208,B05F0B09-218,2024-05-01,11998.76,SAQUE,,True,POS
b62a5eb6-ec84-40a6-826a-e1963e656d1e,7339923F-AE6,2023-11-20,10870.72,ESTORNO,49085763000171,False,INTERNET
2534a651-faa8-4c22-92bf-dd9402d23952,947420C4-5BC,2024-12-09,3057.0,TED,19643205000113,False,INTERNET
6d34764c-fffe-4590-aa0c-2ec5e51d9382,77AC2E40-FE1,2023-08-20,23164.66,PIX,36107592000192,False,POS
08af1a80-43be-42f0-a8c0-bf2f2fcca337,EE4A48BE-E10,2024-06-08,1251.49,PAGAMENTO_BOLETO,78539461000124,False,AGENCIA
c2e9a624-5992-4df9-9652-45690ff6eaaf,0CBC6065-D0F,2024-05-04,10622.26,SAQUE,06158479000175,False,ATM
22abbae3-ede6-4e55-9589-1582472d6743,BC36250C-B97,2024-05-05,12414.86,PIX,29576408000198,False,INTERNET
ada497bd-10a1-4fca-8282-2c9dd136509a,A0EEC42E-845,2024-02-12,14812.86,PAGAMENTO_BOLETO,74526183000110,False,AGENCIA
bc66edf3-d655-491a-9245-966b4c2d8563,3B631B68-042,2024-02-10,5613.26,SAQUE,59024176000126,False,POS
84063880-5497-485c-9296-68e93866c66a,738BB1F8-F75,2024-01-21,6424.93,ESTORNO,15680743000127,False,AGENCIA
746e83df-704b-4ab5-9f0c-b0385a08fc8e,810123B4-A21,2023-12-16,24291.76,COMPRA,89036524000146,False,POS
2f3967c1-ad73-4fef-8850-9b60180bfd4e,6EEA4155-EFB,2023-01-30,14646.55,ESTORNO,68524713000198,True,APP
690bf636-b172-4eb6-8e38-d1b518ac7b48,CF00422D-8B0,2024-07-21,13307.35,TED,57183960000151,False,POS
f9c7817e-a277-488d-b459-93c29d90d508,F4533B10-2DD,2023-08-28,425.52,ESTORNO,21385496000139,False,INTERNET
3483f3e4-c925-4223-b673-443e522b2b93,5760769F-E71,2023-03-29,2381.35,PAGAMENTO_BOLETO,40629831000141,False,POS
13ce1b75-7176-44e3-99f3-6190fb0d2384,BD4C8EFB-123,2023-10-22,7263.8,SAQUE,,False,ATM
1e07079d-9ba4-45b6-a586-1ad5b4b15c50,B9051391-3D6,2024-06-10,6924.47,PAGAMENTO_BOLETO,30146782000132,False,POS
15aa5830-7ecd-4020-a986-0c8fa3423e7a,5B6A1714-AD9,2024-08-19,18105.34,TED,30291768000122,False,POS
7c3c385e-9dd0-4a0a-8866-b757e15cffd7,85B71083-1D3,2024-01-15,22771.1,PIX,63809712000176,False,POS
e8b95900-9d06-4a74-8fd4-3b5379de60d5,03E66F3C-2F2,2024-06-16,8714.21,SAQUE,09581673000157,False,APP
671afa29-8657-4b77-8f45-6d3e5afd2436,F2A68DB9-8A7,2023-02-22,21064.91,SAQUE,38471659000107,False,ATM
d53a40c4-de40-431c-8bc5-e5360f6ff0e5,F123A68A-3E7,2024-04-18,18630.19,ESTORNO,39542618000119,False,APP
d155db8c-c616-405d-bf9e-e4e010cffc5b,D96E502C-96E,2023-11-03,20500.31,PAGAMENTO_BOLETO,13748920000134,False,POS
cd621516-e03f-4b3e-867e-24d4153fbeab,7B708B0E-B2E,2024-04-07,22682.74,COMPRA,30621895000142,False,AGENCIA
5bcc5824-d57a-45ab-ae5a-640582d0fc3e,ADC4DA55-D38,2024-06-25,18765.69,TED,31596847000104,False,AGENCIA
1adc0b6c-6137-4052-8d54-bed8124aa8d2,7816D6AD-A99,2023-04-12,23136.13,TED,87206951000108,False,INTERNET
243d12cf-0992-48a6-abb5-a2cd1343f957,4B76322B-DD8,2023-06-13,10637.21,PAGAMENTO_BOLETO,16372480000151,False,POS
f19314f7-16bc-4a0c-ad18-bfacf751ead5,CEA6CF1B-E86,2023-07-06,2621.62,ESTORNO,78120695000132,False,APP
b4d4e137-8945-4fc8-bbf1-73f75e35231e,144B0E2F-BCE,2024-05-29,5249.19,TED,52739604000158,False,POS
7a1bad16-52e1-41db-a8f6-c8323541b553,7580BFE4-443,2023-03-25,2853.25,PAGAMENTO_BOLETO,10485632000146,False,ATM
e510c99e-30a3-47c0-9da0-8c3bf23baa45,19A6BA77-888,2023-03-23,20857.55,TED,75628319000165,False,AGENCIA
1ebe328c-29f4-46bc-8cd9-ec782c33ee9a,F3B3F1B7-94D,2023-01-24,14411.58,ESTORNO,85647139000184,False,POS
f6a12268-5f17-4b32-a5b4-d220d1db5537,97A09BEB-8A7,2023-06-20,15757.43,COMPRA,86479235000123,False,POS
8c826645-be47-480d-8d5d-14f2976e3217,0176BD48-34F,2023-11-20,1176.28,SAQUE,34915786000199,False,ATM
1a52925c-bf75-4f7c-84d8-321e0c06ad0c,24DCC018-1D2,2024-08-22,23115.4,SAQUE,19457683000139,False,AGENCIA
6d09fede-bda1-4b9a-955a-5e830680615b,10AEB891-6B8,2024-11-03,2237.12,TED,61094372000119,False,POS
b65788a2-f78a-4414-978e-f00ac6c9bf51,4A36D91F-957,2024-04-20,18771.82,ESTORNO,75692104000103,True,AGENCIA
e417468f-c445-402c-a005-d7113e4cf458,55A09D16-E34,2024-11-20,4880.18,PIX,76981253000155,True,APP
eb669971-2034-4a3c-9335-6ab0fbd1eb11,228E3569-252,2023-09-04,3047.83,PAGAMENTO_BOLETO,31720469000129,False,INTERNET
0d112603-9078-47f4-b1c8-b9712dd9fed8,C4A7D330-41F,2024-06-29,23963.21,SAQUE,02674831000174,False,ATM
da85bac9-5c4f-4b4d-9e21-9b7a6c3816fe,2CAC4900-07D,2024-10-23,7685.38,TED,23479865000188,False,INTERNET
4287080d-7d60-41a4-bd6c-2ee6cb702e60,5E78FBCD-353,2023-02-13,18088.09,PAGAMENTO_BOLETO,21690758000179,False,POS
a24c0143-3ec0-4681-aa4e-33a5556be86b,84BE2048-B44,2024-07-01,8203.26,COMPRA,57192408000120,False,APP
5ec3e984-9d95-43f1-a740-b8ef053de199,C842044E-241,2023-12-02,1069.35,COMPRA,41305897000149,False,AGENCIA
0c8c8442-0996-44d5-aff6-bfeefe143b6c,7FAF7E9F-C9A,2024-04-17,5305.62,SAQUE,31642870000198,False,AGENCIA
62933bbd-0d12-4e2c-bbc2-23992a78b2ba,2136DA02-713,2024-06-27,23316.76,PIX,31697408000198,False,ATM
26af1642-6c1b-4a8b-aec2-b5db83411305,C35E30C6-DA2,2024-03-26,3497.81,COMPRA,95028316000106,False,AGENCIA
07351035-516e-4915-903c-5c0e3996370e,A3BAC5EF-01B,2024-09-05,12742.16,PIX,,False,INTERNET
84e683fe-1c66-462e-8ebb-b780f4ea2c59,0D37C3D3-D96,2024-09-25,8831.72,COMPRA,68023491000120,False,AGENCIA
87bc6840-6bb0-4b7b-b747-ca25c8aa8c2d,150B1177-D90,2024-03-16,13614.5,COMPRA,32014876000183,False,AGENCIA
c46ea782-3c85-42c1-9312-d069e0d20a86,39E68EA9-450,2023-09-10,11259.89,COMPRA,73246081000188,False,ATM
c3403377-a908-48ef-8235-08a77654eb3e,D7EA0CA0-D6E,2023-09-03,20510.55,PAGAMENTO_BOLETO,27593168000104,False,INTERNET
dca3f3ee-10cb-4d4a-8534-43b5416b281a,BA444AB4-CA4,2023-04-29,8927.67,COMPRA,17506234000108,False,INTERNET
dcb239f1-37dd-41b6-8a46-1522e9a9f1d2,5760769F-E71,2024-11-26,9823.1,PAGAMENTO_BOLETO,95671308000175,False,INTERNET
956a5c37-4ddd-4b5a-89df-0a91e8c11844,CF00422D-8B0,2023-09-03,20958.22,PIX,98307451000170,False,ATM
0e74448a-d19b-4018-83aa-298a493b5fea,FDB8035C-7E2,2023-06-12,705.78,PAGAMENTO_BOLETO,87520691000132,False,ATM
d7b87fac-c808-49b8-a57f-8e9e5d034098,C4A7D330-41F,2023-12-18,10247.37,SAQUE,03729816000149,False,POS
87ef857c-b88b-43e4-99df-8c5d677ccd65,F91ABBD1-703,2023-09-19,2056.55,TED,37465819000134,False,ATM
fbfe4321-bc47-4b61-bd05-eeb2e2a73ff2,F3977E14-8D8,2023-04-18,1914.97,PAGAMENTO_BOLETO,40263718000195,False,ATM
82081052-5aa8-46ca-93cd-650a36e96bd5,73BF65C6-E44,2023-11-28,23972.55,ESTORNO,26539847000132,False,AGENCIA
e75f33ca-975a-4a80-b689-d36b9ee20989,75AC01D9-491,2024-10-12,13386.03,TED,,False,AGENCIA
58ed6ee5-62ff-46d4-851c-7edca2c1358b,C8E186EC-DBD,2024-01-18,1072.78,COMPRA,76801254000170,True,POS
f7b84140-9cfb-40d0-810e-16f26beff1c6,0BE073DA-FA4,2023-05-19,13672.25,PIX,74910253000139,False,APP
bfc3e2cb-ad88-4abd-9aed-7b32bbbe0434,9160A6A3-483,2024-05-13,6602.57,PIX,01934567000106,False,INTERNET
20fbfcc6-11e9-41d2-a1ed-1f64026445bc,6EC3D8F5-C18,2024-06-05,23340.77,COMPRA,79230165000100,False,AGENCIA
d087b830-110a-40c8-96c1-1b1b9d6977ab,2B60D4B9-26E,2024-04-09,16911.29,COMPRA,85614079000101,False,POS
e29e0d62-97f1-4987-8804-4da119960061,F3977E14-8D8,2023-11-21,5749.07,SAQUE,94628701000113,False,POS
b435d52e-e63a-456e-a5bf-e55f5b1b0412,0D04F9DC-D38,2023-02-15,10294.92,PIX,06217958000115,False,AGENCIA
85ea1e74-bdb8-4ccb-ad56-10a536bb13a6,69A6713C-E7B,2024-11-06,17379.77,PAGAMENTO_BOLETO,02631495000182,False,APP
f0be07e3-70a7-4fbd-be08-f39ddf529e1d,BF442931-DE3,2023-06-27,14242.34,PAGAMENTO_BOLETO,28034657000199,False,AGENCIA
b9a3c5ae-0f3f-4080-ac2d-61fb92d9875e,2DBC6B24-AD0,2024-06-05,23462.2,PIX,38015294000106,False,AGENCIA
d95b8271-079c-4f86-b8d9-c99da22a770c,522BF1FE-E7B,2023-12-26,18860.34,COMPRA,51837624000107,False,INTERNET
b443a1e8-f4bf-45c9-bc79-e65d711d56c9,ED431952-B97,2023-12-03,20779.21,PAGAMENTO_BOLETO,10324789000190,False,ATM
9688910e-1201-47d6-924b-875cb6626ead,35CA54D5-CC7,2024-05-17,3395.92,COMPRA,84912730000159,False,INTERNET
2d61da1b-f651-47c6-8338-dde808778330,8772E6FA-CB9,2024-03-11,533.29,PAGAMENTO_BOLETO,05942376000139,False,APP
383896ed-aeee-46de-9af9-a9deb8651577,E2E0B69C-F24,2024-01-28,19721.22,TED,68231045000100,False,APP
da5cae87-2525-4762-86f9-2943f1427eff,77516C0F-46C,2023-08-02,5078.57,PAGAMENTO_BOLETO,,False,POS
67fd08a8-836a-4610-acad-3b962a734b18,25057469-993,2024-06-03,22528.79,PIX,94537602000126,False,ATM
ad24cade-0744-4aba-a2ca-86ec6a1435ce,BEF34331-0F2,2024-01-03,11080.52,PAGAMENTO_BOLETO,74319605000186,False,INTERNET
dfa7560a-c04e-434f-bf8c-a43e606b2abb,AFBC2AF8-504,2023-10-18,5362.4,PIX,32794516000141,False,AGENCIA
4d956c4a-d03c-4c53-943e-3ad219c2ff20,C5BD6B07-89E,2023-01-09,2358.69,PAGAMENTO_BOLETO,29567143000161,True,APP
701a8215-fc1d-45e0-9309-d9b8d9e5f647,0416F750-CE5,2023-12-24,23552.08,SAQUE,50871643000189,False,ATM
240d25b3-2442-4021-9726-c28417d8c85c,20E0155F-099,2023-07-10,24233.16,PAGAMENTO_BOLETO,18643207000140,False,INTERNET
bcd18df9-6cdc-47f5-854f-0b26d0c5f701,332D48C6-063,2023-06-20,8718.0,COMPRA,51329480000170,False,APP
ac6a1d64-7cc7-479b-bfed-77694f129c6c,98CE3120-308,2023-06-24,16380.74,SAQUE,31025796000160,False,POS
af71fd3d-01dd-48fd-b2cb-41690da42106,E259B9A7-52D,2024-10-30,872.7,TED,70216385000104,False,INTERNET
ce7d6955-66d5-485a-a2e9-52075b4ec34b,08CEE419-9B7,2023-10-14,184.56,COMPRA,75306429000100,True,ATM
f636ae92-31cd-494a-90bf-d7512bee9eb7,A6FF8450-CCF,2024-12-22,17237.14,TED,50973624000163,False,INTERNET
e1f60924-9d99-479a-8577-4b1ac415fe5a,31136EB7-2C0,2024-01-16,3990.29,SAQUE,,False,APP
9925583c-5d19-44db-b942-6991d1400add,6B6AB06B-D71,2024-05-09,1488.84,ESTORNO,25064389000160,False,APP
384bd6f1-4a72-4240-bca0-897e01955f7f,BF442931-DE3,2023-05-28,23868.86,SAQUE,24379816000136,False,POS
39cf0701-20f2-4b30-a304-33495c42e68c,1A43BEF3-AE4,2023-01-29,23803.02,PAGAMENTO_BOLETO,95462078000134,False,POS
bfbee2da-28d3-4d1c-955c-7195aa51ad91,721C6DFC-E9A,2024-02-04,11867.52,TED,74169852000143,False,POS
96fda5d8-6642-4c7c-ba67-b5dfd2b777f9,CF53050A-B5E,2023-07-07,10172.74,SAQUE,02153649000178,False,ATM
8690fef7-6bb8-410d-80e9-8ba2730c4d9f,C5BD6B07-89E,2023-05-28,21049.78,SAQUE,78234109000180,False,AGENCIA
d465ea61-72eb-48d4-ae6c-06d65c4e6d79,AC067E59-F7A,2024-12-11,20809.79,ESTORNO,56324897000163,False,INTERNET
4112d7ca-231f-4518-9b18-08abbcbffe44,20E0155F-099,2023-04-21,10481.27,PAGAMENTO_BOLETO,64859213000156,False,APP
953c22a0-4f85-4d8b-923b-cc2ff264f2a1,D92FA23B-86A,2023-11-09,887.6,PIX,90162357000169,False,APP
b0e78675-bdef-4d4d-ad9b-05bfc76296c9,BCAAC3C5-495,2023-08-09,17189.03,COMPRA,93876215000151,False,INTERNET
14e49a7f-cb10-45bb-89ee-c43c766dab06,ADA03EA4-F03,2024-04-04,13654.56,ESTORNO,14879326000145,False,APP
ec4532be-1c12-4640-9c71-62678a03916f,61756E69-9EF,2023-06-05,23356.35,COMPRA,97825046000181,True,AGENCIA
af00edb6-8d33-4417-8a27-82004d6530b0,929FD3F7-A7D,2023-08-31,19486.15,PIX,09675413000140,False,ATM
02563014-3fe4-4985-bc7d-9fa9d908a9ca,14679473-AD7,2023-03-13,18036.46,PAGAMENTO_BOLETO,,False,ATM
15683ccc-676a-4832-99bb-79e16440e0da,0176BD48-34F,2024-08-20,23960.97,COMPRA,05214937000183,True,ATM
791d3405-a7f6-4d94-8855-f0776c2fb0c6,02DBF1CF-E2B,2023-11-17,11895.69,COMPRA,52418976000182,False,ATM
066138c6-fcff-4e8c-b6f9-3424b6887881,BD4C8EFB-123,2023-12-08,6086.01,PAGAMENTO_BOLETO,23670941000138,False,APP
3e3fa31b-5c44-4c15-8dd5-7ab0e2ee5aea,D743D9D4-B49,2023-08-10,19963.55,PAGAMENTO_BOLETO,61807945000104,False,INTERNET
dc2b31d2-5edc-4343-ba22-b3864044a497,654D0B25-1AD,2023-02-05,18816.25,ESTORNO,65913720000193,False,INTERNET
c720e0c1-9a76-4d1b-9855-6c06b6c4a45f,A0EEC42E-845,2023-07-29,2339.46,PAGAMENTO_BOLETO,43956180000192,False,POS
ee6b92c1-49fa-4284-b6d9-f9e00df54800,C5BD6B07-89E,2024-06-05,1032.85,PIX,27365198000163,False,ATM
8840f12e-e32e-4616-aa4c-af503357b974,D150228C-8D2,2023-07-10,12391.11,COMPRA,15046978000161,True,AGENCIA
49ff528d-3611-4f92-8fd8-ad340bcd1fa3,0176BD48-34F,2024-12-27,7906.36,TED,53468729000153,False,APP
88985e77-7c3f-428c-9555-e84b5cc278df,BC36250C-B97,2023-04-24,24969.84,PAGAMENTO_BOLETO,95178346000190,False,APP
58497365-b8b4-4be7-af50-6d87bb9a101f,F4A0F967-432,2023-01-07,11849.81,PIX,68172345000166,False,INTERNET
eaaab640-dd0c-400f-a292-0bc77b20aa3d,2052B6DC-955,2023-05-29,10177.45,SAQUE,09875213000131,False,AGENCIA
b829caf4-1cfc-497a-b35b-603d9710c5e9,661B3DD1-56E,2023-05-15,21420.93,SAQUE,41536982000118,False,APP
90dc925d-cd51-4d7f-bd14-22b4596577d5,0B8F7D40-3AA,2023-01-16,16199.17,SAQUE,81307652000175,False,INTERNET
f6f4c47d-9d6f-422d-b7eb-71602839e1ee,E78CD62D-E6B,2023-10-04,22784.37,COMPRA,16207495000164,False,APP
29b2b957-b148-4a9f-8672-621a31636eea,1F08781A-D00,2023-11-09,14584.15,ESTORNO,27346159000119,False,ATM
a77f319c-38a2-47f1-ba5f-af6ad5be8acd,25C25327-DFE,2024-01-20,22082.72,PAGAMENTO_BOLETO,,True,INTERNET
410f0e9a-502c-4ab8-8fb9-e3c3df023dfc,81EDE082-098,2024-10-02,10517.53,TED,68721930000178,False,INTERNET
241dc5a7-56a1-4d47-8fdf-c5697e543789,AE382915-D6B,2024-04-26,23073.85,PIX,13478052000110,False,ATM
20ce5ab8-faf5-4c00-aa5c-9dee3e5d8892,522BF1FE-E7B,2023-11-04,15067.54,ESTORNO,52634790000160,False,INTERNET
261c9cee-c6d4-42c7-a2fd-2cd1c3bc1d22,A1053DCC-581,2023-12-20,6759.8,ESTORNO,42681590000105,False,POS
5e8d9801-264c-45d9-9697-3cf015f5cebc,49B5579D-DD1,2024-01-27,8769.86,COMPRA,75318904000169,False,APP
86c78c70-3ae1-403f-82a0-be554c1e7a38,47AF576C-3B0,2023-04-24,14374.95,TED,78416093000127,False,POS
650ae4c4-0b66-4d88-afef-a6ae99dd1385,7EF09202-957,2023-04-04,14536.68,SAQUE,58190426000135,False,POS
2b0ade4e-1372-4805-9e74-a6b5cdcf2539,5AB197C6-ED2,2024-12-20,22021.23,TED,64305278000150,False,POS
3b30f85d-1534-4c4b-aa31-56e8fdf124e6,28F355A9-E03,2023-09-19,22122.58,PIX,98072315000149,False,POS
67448e7f-b662-442f-9de1-a24da73c9cd7,B106F35D-97A,2023-05-10,16862.1,SAQUE,09875624000127,False,APP
43b6ee73-1847-4b1c-a7fd-c142716a923a,2F2BDBCA-169,2024-05-27,22696.5,PAGAMENTO_BOLETO,17453028000187,False,ATM
b4961530-849d-413c-adbc-98f59af51a5e,CEA6CF1B-E86,2024-06-07,6471.56,ESTORNO,50682794000199,False,POS
bea9745b-9b9d-4a71-84c1-b9813abac3fd,672E57C7-328,2024-08-01,24410.58,COMPRA,51632870000114,False,ATM
4e3e2065-63e0-4734-ba60-b5dda9113870,078E27EE-34F,2024-08-03,7290.46,SAQUE,14856290000184,False,AGENCIA
a9a3b844-cc9b-4e10-90c7-bbb2803ebee9,F2A68DB9-8A7,2024-02-18,1091.74,PAGAMENTO_BOLETO,40321785000119,False,POS
65567c5b-7497-4940-9964-8cefdf376217,75AC01D9-491,2023-07-26,23332.35,PIX,70264591000190,False,INTERNET
b515e3fc-9ba4-4e43-ab20-223a629eebaa,0FBD1AA6-DE6,2023-11-30,20840.39,SAQUE,95046183000192,False,AGENCIA
680089ca-ca2c-4114-b8ba-01b3d35580cc,C249FDF0-34A,2023-10-04,12747.27,PIX,61459073000130,False,APP
a36e1bbc-f35b-4a99-a490-3841b005010e,E78CD62D-E6B,2023-05-01,12604.99,SAQUE,,False,POS
ee434a34-947a-4503-86a3-35cf5e768026,0FBD1AA6-DE6,2023-10-08,10256.35,PIX,,False,APP
df379c0d-6ee3-4737-a45d-a8fcc0f5ce80,09799B2B-9A9,2023-06-20,4205.56,SAQUE,,False,ATM
94e34cbb-4f08-43e8-91d5-d38f02e79c17,347A3AEE-93F,2023-06-01,17158.45,COMPRA,39421860000134,False,AGENCIA
50f1ea40-6f75-48fa-ab6e-a2b71cc34cb7,CB58356F-997,2023-08-02,38.75,SAQUE,,True,APP
c18fce02-a69b-4182-b2cf-a8982687ab62,C7EA8D73-9DC,2024-06-15,455.82,PIX,43927568000165,False,AGENCIA
2f55a63b-cdf6-4f42-878d-a55d2678cef1,F7FCA913-C68,2024-02-17,18594.8,PIX,19056738000107,False,APP
556b5fb7-dbf6-488a-9004-30ed78a010e9,03E66F3C-2F2,2023-01-04,15305.24,PAGAMENTO_BOLETO,65102948000101,False,POS
3dfcffd0-571b-4c18-8ef3-db9d4227daae,0107AE02-450,2023-05-05,24981.81,TED,58624019000199,False,APP
78ac3e55-b83b-47df-940a-22f0b346af8f,5760769F-E71,2023-04-05,580.03,PIX,27160945000127,False,INTERNET
b11fc33f-b71d-495f-b043-6d81c8e8b108,C11BD33A-0CD,2023-05-23,20510.27,ESTORNO,59603428000171,False,ATM
e7524849-f8a8-4441-8940-9f87a566d153,BA444AB4-CA4,2024-08-18,18554.5,ESTORNO,46381975000108,False,POS
aaf81e4e-3f6b-479a-9b5d-498b9fc9e2e7,172E61BF-CA0,2024-09-24,18169.3,COMPRA,50387621000148,False,POS
bdc93938-3d0a-40bf-8e4e-0ff0e5350a02,046E835E-7AD,2023-12-11,19879.22,TED,37805214000145,False,APP
d7a6a65d-e4e5-4c75-81b8-a7df88f3d21d,1CD46E52-C53,2024-07-14,23570.15,PIX,94127506000100,False,AGENCIA
dc2745ae-8a47-4188-bc4c-d948e6fb50b4,7EAA65AF-AB1,2023-02-11,9713.61,COMPRA,06214395000101,True,POS
152f549d-8fa8-4391-a13b-92cdae225b04,2FCBCC69-CF4,2024-08-26,20398.67,PAGAMENTO_BOLETO,94308561000104,False,INTERNET
dacd61c5-c8ae-4c0e-8ecb-c3154fbf280d,BA444AB4-CA4,2023-05-02,6227.16,COMPRA,03457128000177,False,INTERNET
b8441984-8b30-4004-af2f-2c80712c2845,BAB3723E-2CC,2023-03-26,23827.38,COMPRA,13652087000123,False,APP
d89f2a47-02c4-404d-8b34-77e777cc5d6d,17956872-25B,2024-11-09,7959.54,PAGAMENTO_BOLETO,14359208000106,False,AGENCIA
14623342-7233-4368-8092-3f03862452bc,A8518252-638,2023-12-04,17358.03,PAGAMENTO_BOLETO,24386057000139,False,POS
090d9ea4-f30c-4813-8bae-2baab5547302,1784ECFC-349,2023-11-13,24071.37,SAQUE,96245701000160,False,INTERNET
74fa4c8d-78da-40f3-8d80-e0da9ad2da5b,CB6D3B29-9B2,2024-11-11,15898.6,COMPRA,12407935000176,False,INTERNET
a069cc22-c681-46d5-b0e6-4a6e7232a788,0CBC6065-D0F,2023-09-02,8099.56,TED,67495132000102,False,APP
c4f4d6ae-9c24-4b97-b63b-b1f99594dedd,327F6DB6-ACE,2024-01-20,11162.77,PAGAMENTO_BOLETO,70126958000109,False,AGENCIA
ae15fca4-cdc4-475d-b834-81580236b0cc,49B1AE30-1A6,2024-12-21,7085.66,TED,94703528000170,False,ATM
8acf8377-f8be-4d9d-9af6-6c347ce19756,19A6BA77-888,2023-02-24,11041.26,COMPRA,76089513000182,False,INTERNET
3d8e2ad4-d970-405e-8017-216b7ee2e9e2,A3F2C949-942,2024-10-21,6676.01,ESTORNO,28531740000173,True,INTERNET
9d64d97f-3caa-48fb-a0a1-90db6cb1f2e5,C9490648-F98,2024-07-06,17658.94,COMPRA,14892605000149,False,INTERNET
733aaaf1-6680-43c5-9e5e-0cb2dbd40231,D0B7F9ED-5DD,2024-10-30,23016.38,SAQUE,81760345000145,False,POS
00147fba-6085-4e1c-99fa-eac8e3073099,6E97A20A-0C4,2023-10-23,23061.18,COMPRA,98735106000138,False,ATM
024dbc5a-4a04-475d-904f-3517ef2e5782,0A671FF0-F9D,2024-06-27,3519.75,TED,53472981000136,False,APP
aeed5d7a-70db-48fa-9aed-604cf54e758c,77C6E5EF-897,2024-12-06,12422.77,TED,14873256000118,False,ATM
8777e9a8-3ffe-4301-9d94-55abb3f2e2b3,A4BCE2C0-28C,2024-01-03,5686.2,ESTORNO,96071425000160,False,ATM
ea008859-71f9-434e-823e-2ffceb249a4c,840B1298-1CC,2023-08-16,7790.36,TED,78462035000130,False,APP
ce1a99c2-472f-436e-9b4f-62e5573ecea0,08E6CF7F-C32,2023-03-31,212.02,SAQUE,64851079000147,False,POS
d742082b-5d2c-42fd-b002-419d1ce27838,ED54B1F5-7A3,2024-07-18,23760.52,ESTORNO,75132496000156,False,POS
cdbacc04-6a10-4490-9832-91aabaf226c7,332D48C6-063,2024-03-04,2906.21,COMPRA,87540691000102,False,AGENCIA
acbd0034-345d-46e6-8500-c3fb381eb7a0,AC067E59-F7A,2023-01-19,8649.77,TED,98064157000185,False,ATM
e27565f8-1f92-4ac9-9614-e52502ff570a,044FA7EF-F52,2023-02-02,2861.88,COMPRA,47105896000137,False,INTERNET
a7601cbc-dc8a-434a-a9ba-43c821215f79,A0C82E54-B74,2023-09-28,5477.75,PIX,09214837000108,False,APP
1595cc21-86a1-406f-afd7-61f96bfeb863,66171BE7-0C6,2024-07-29,2132.7,SAQUE,52107936000110,False,ATM
57c1f2a7-9c6f-4f52-85ce-8eeeb6d04a0e,8457D42B-D59,2023-04-02,2168.02,ESTORNO,26307149000101,False,INTERNET
0f55b464-a0be-4765-bd5e-80048db2a3a9,9B8DF503-7F2,2023-05-11,5013.8,PAGAMENTO_BOLETO,29813405000120,False,ATM
066c5cc7-6e6b-4b35-976c-107eef1e9343,49B1AE30-1A6,2023-04-02,1717.49,SAQUE,74852630000120,True,AGENCIA
8cbec806-0d31-463c-8e49-669073531de6,CF53050A-B5E,2024-01-19,23662.68,COMPRA,67458291000137,False,ATM
1e347a1c-e243-4147-9222-a5dc042f95f1,EE4A48BE-E10,2023-11-29,10881.5,SAQUE,47068293000102,False,AGENCIA
0fe6a28c-1265-4f24-9d6f-a56fe55ebc3c,D655F517-8D3,2023-02-17,7802.45,TED,68104593000170,False,INTERNET
ec271e49-5e9d-4809-bca8-b1c33a511e2f,EF45BFF5-C97,2024-03-05,24461.77,SAQUE,86325749000124,False,AGENCIA
750b6c46-cead-4dfe-8003-4386c9a04cdf,B68845FF-1E5,2023-01-26,9571.41,COMPRA,96258307000166,False,AGENCIA
4f2365d4-a02b-47fb-8f8d-2219f781c9ff,EA3A94CE-3A7,2024-01-10,5916.09,PIX,,False,INTERNET
7546c5ce-746f-4b3d-800a-5957620c1b12,D82BA106-0E6,2023-11-13,24101.03,PIX,94068153000114,False,AGENCIA
2768669e-086a-4bd6-b3c8-d807fe16eeb7,2052B6DC-955,2024-07-25,5873.11,PIX,06974381000196,False,ATM
9dd1d676-3fe6-40e2-9de6-db8bbcf10bab,ABD174D3-4B9,2023-06-17,13369.65,TED,84571269000118,False,INTERNET
b1a62e58-019f-4239-94c3-c8dd3c2fcc8c,3E0C6F26-5CB,2024-11-15,20651.51,SAQUE,86530971000169,False,APP
e61a9929-436c-4bcf-885e-eeddf7fed413,613A73A8-A4B,2024-03-04,12735.43,ESTORNO,48029157000176,False,AGENCIA
6f186b77-1f68-445a-84fe-08effdf6d355,5FBA8E9F-F70,2024-02-14,23297.16,SAQUE,60795128000110,False,AGENCIA
9990c405-f525-4edf-ae37-1c38d71d4147,75AC01D9-491,2024-09-28,24589.15,PIX,,False,ATM
4a544d99-0fc2-4a4e-8bcb-d6229e84b3f2,97A09BEB-8A7,2024-03-28,21307.75,PAGAMENTO_BOLETO,53697418000166,False,AGENCIA
1323dd65-c927-48e3-a9c0-85ceff72764d,0C7C3C64-67D,2023-10-28,19752.99,PIX,58017963000188,False,APP
a9fa105e-3ba4-4815-b271-202b1ab72a5f,77AC2E40-FE1,2024-08-15,16560.29,COMPRA,01563982000192,False,AGENCIA
4951b887-5c92-46d9-9a71-b6641023592f,AFBC2AF8-504,2024-02-27,377.6,COMPRA,47625193000130,False,AGENCIA
2bd1e182-cfe8-410d-8bc0-64bffb7db580,C32E78CB-C4B,2024-05-09,12515.71,TED,73954208000113,False,INTERNET
272c6536-6481-44d7-a774-1905157ef456,273D2AC9-74D,2023-10-06,5883.48,SAQUE,51392047000189,False,AGENCIA
64978b34-e618-4656-88ff-3e25104d1a61,A0EEC42E-845,2024-01-23,18151.87,PAGAMENTO_BOLETO,28410657000146,False,APP
28cbe3fa-e302-45ca-97d8-4a06300d23e7,654D0B25-1AD,2023-12-11,3771.67,ESTORNO,27456813000147,False,AGENCIA
bf98fc1d-983f-4c41-b244-2f3889bc7a13,0E118CFC-032,2023-12-31,15115.62,SAQUE,65739812000107,False,POS
5d5f7401-31af-44a1-b52c-c614fb37f464,7BD46AE5-E87,2023-01-18,19641.69,PIX,49827603000150,False,AGENCIA
2488ec7e-77f5-4e9c-a2ed-b9684ceb9981,273D2AC9-74D,2024-10-20,20026.04,COMPRA,41582369000137,False,APP
931f2e67-182c-47c6-be93-4bbe0816bb48,2508FF97-0F2,2024-09-19,16765.01,PIX,62735140000165,False,POS
678068cf-21ee-46e6-ad06-c60240fdd8d9,8AA21B31-02F,2024-06-27,13761.46,SAQUE,96704315000199,False,APP
085e38de-ac6a-41c1-938a-f03ee63a783d,A3324571-4BE,2024-03-15,21429.58,SAQUE,34501897000159,False,AGENCIA
b4624af4-9679-43e1-bcc8-01978f712267,C5BD6B07-89E,2023-10-22,16929.69,PAGAMENTO_BOLETO,23718954000130,False,POS
98266ab0-bb52-4bc4-9206-02625de4fa53,B8E731A6-FA3,2023-03-08,20157.58,PAGAMENTO_BOLETO,50973186000133,False,POS
29eae113-f0f8-4533-8088-05bdad870f85,5155FC3C-DEB,2024-07-03,20034.57,COMPRA,65907814000150,False,ATM
5264ca3d-e529-40b2-816d-263d77df4a11,2A6F0B6C-122,2023-01-19,6492.87,TED,51649382000110,False,APP
3665da6e-1f02-44a4-997a-122bd6cc4a3c,35A02896-7AE,2023-07-06,24824.09,COMPRA,58903462000107,False,AGENCIA
77de08d6-325a-4453-9cd5-2491951b727d,C295C13B-ADE,2024-11-03,7776.09,ESTORNO,43728910000106,False,INTERNET
0d96c4e0-8315-437d-9466-50a089128a37,2DB54680-1DA,2023-01-31,6179.49,COMPRA,51487632000162,False,APP
7593120d-1de8-4f29-b932-15987fed27ff,1F08781A-D00,2024-06-24,7774.92,PIX,49126573000155,True,INTERNET
09e79113-2925-4db6-a997-075356dd6465,2D9B3D11-E14,2023-04-13,12417.54,ESTORNO,10869425000195,False,POS
fe8b90f4-bcbc-41f2-b3de-bf22b8b6d947,54C82DFE-42C,2023-03-01,9627.19,SAQUE,84692750000161,False,INTERNET
7c09774f-588f-4c4a-87dd-3a259acc8ded,55A09D16-E34,2024-04-02,2627.21,PAGAMENTO_BOLETO,01543672000106,False,POS
1a80ba15-de1a-4eff-b21f-8f63aaf57aa1,7084F376-2CA,2023-02-20,15110.36,COMPRA,35960127000137,False,AGENCIA
defe7f41-e9a8-4f3e-9c22-23615cbf5798,1A43BEF3-AE4,2023-01-14,812.29,SAQUE,70523461000124,False,ATM
a4a535c7-fab1-44a6-871b-d25270e23d21,ABD174D3-4B9,2023-09-04,20332.56,COMPRA,92830154000129,False,ATM
4275e8b8-e978-4a02-aa64-c202ce430863,5AF92A1E-13D,2024-08-26,18688.84,PIX,93508764000173,False,POS
e31aa5d4-2910-4ba3-8eca-8a311e7a49e7,046E835E-7AD,2023-04-18,10374.4,ESTORNO,59682147000151,False,INTERNET
e7d49c55-ceda-4678-998c-65e4f7f957ac,A01C2FB8-D51,2023-12-30,19014.35,ESTORNO,46830971000160,False,APP
67b8ce67-bc00-4009-81b2-2fffd2761274,7BD46AE5-E87,2023-09-22,18044.38,COMPRA,14065327000156,False,AGENCIA
459b11a5-dd61-4964-b991-2c6441c11d60,9C8D427B-60F,2024-10-13,21135.26,PIX,31576842000110,False,AGENCIA
06e9135d-b910-43a2-a6fb-2b6f8acc9a3a,FDE1F175-647,2023-01-10,21683.59,ESTORNO,18230495000100,False,INTERNET
7a61c6c4-1063-4da6-969c-cab494444068,74B02BC8-DCD,2023-12-15,23955.17,SAQUE,50386149000129,False,INTERNET
462f50f0-f6b5-47b4-a817-04dc6291cb8c,C4A7D330-41F,2023-01-24,17654.66,PIX,09473526000163,False,POS
cc320287-6fe0-46e7-b387-15c92779d137,54C82DFE-42C,2024-03-30,13212.82,PAGAMENTO_BOLETO,58973261000178,False,ATM
1fecbbd9-ab32-4cb4-94c6-9199767b96cf,83F94C20-E3E,2024-04-24,3441.34,PAGAMENTO_BOLETO,20374869000103,False,INTERNET
5796c99d-cc30-4ace-b50f-0eef0c26b2c6,40BB945A-235,2024-03-01,11699.5,COMPRA,38214907000126,False,POS
766eb75b-8466-4cb6-9efe-4ec17c25c600,1A43BEF3-AE4,2023-04-24,17256.95,PAGAMENTO_BOLETO,91085463000159,False,INTERNET
5b07e399-6ef0-4bb1-9328-22d3f1e3d682,BED680F9-6E9,2023-07-27,3245.77,ESTORNO,76498031000186,False,POS
01fdbe2e-af78-4c55-91cf-423ea1b3a443,BBA27FFE-0E9,2024-01-29,15844.13,TED,41380976000114,False,APP
dbd02d0c-77b7-44cf-bca9-2c1d4a1e0f39,968C0718-AF3,2024-05-11,13387.54,TED,50134786000108,False,APP
3e51db04-58a8-4012-b2ae-ff1b9ee25ce8,DA546F7D-A83,2024-03-05,11186.05,PAGAMENTO_BOLETO,,False,APP
7a621416-cb76-450c-8d68-caaa73b33520,4C1F7B4A-B5B,2023-10-21,4552.76,PAGAMENTO_BOLETO,92406138000103,True,POS
f9f578de-c572-4c4e-9d06-ddd4569bff46,3DCBB7BC-90D,2023-12-27,9159.36,PIX,73849651000124,False,POS
b955ffb7-c463-4b5e-9bc8-95e520b6f4c8,ED3E1058-716,2023-06-23,788.4,ESTORNO,63201459000173,False,AGENCIA
30852645-1c25-4dc4-9bc3-8348d685537d,E662F78E-F5A,2023-05-19,4855.08,SAQUE,39254187000195,False,INTERNET
45708d11-84c7-4aea-bb07-ffbb8329254c,4E66CE6C-035,2023-05-05,4057.99,PIX,16409358000102,False,ATM
af666279-f36f-41c6-8da1-5894d910fb36,EE4A48BE-E10,2024-01-27,15062.22,PAGAMENTO_BOLETO,20754863000161,False,ATM
b9200c9d-0688-4557-b931-92709cdf7f09,8D6EC28D-FB0,2024-11-13,6490.65,PIX,70592318000194,True,ATM
605dc3db-4c1c-4303-b983-e2f2b04a198a,5FBA8E9F-F70,2024-01-01,17056.48,COMPRA,41567283000135,False,APP
e6de7d8a-7d2c-4ba8-ae45-6da429ef2b6d,580E32F6-0D2,2024-01-09,6148.83,ESTORNO,49612875000133,False,INTERNET
b2173fb3-f113-470b-872c-fb909a537bc9,40446A9E-97A,2023-02-26,2237.43,ESTORNO,27361548000113,False,ATM
a4652172-b1de-4557-8301-4bec50243b34,8772E6FA-CB9,2023-05-29,22366.39,PIX,46092758000106,False,ATM
a07be4cd-9935-4bd9-a058-20d159c6bf94,F2A095CE-DA8,2023-08-11,23193.7,SAQUE,43016579000193,False,POS
b73167dd-9bed-46c4-b78d-10d15b4f2798,30AD6433-5CF,2023-06-10,19171.44,TED,85920167000123,False,APP
a67b9f73-9112-41bc-9f92-d4090a030375,ADC4DA55-D38,2023-08-16,15500.64,PAGAMENTO_BOLETO,83254096000141,False,POS
970519d8-228c-485c-af16-ce3139c31f37,9659880D-34D,2024-05-30,21382.2,COMPRA,94867051000169,False,APP
b245d00c-c5e4-44ea-882a-e00f56aac971,273D2AC9-74D,2023-04-20,7536.74,ESTORNO,92871406000168,False,APP
85494d71-b792-4e1f-a498-ad607fdadbde,7084F376-2CA,2023-11-20,20351.46,SAQUE,74218503000174,False,APP
fbaa4fba-2873-4f17-8f00-91ec44afee31,AC067E59-F7A,2023-03-14,9208.47,PIX,02937864000160,False,AGENCIA
eb256e37-6aef-4ee1-af99-b52fdb961784,5FBA8E9F-F70,2024-07-17,19091.62,PIX,,False,ATM
26caf2c7-034a-415e-bb1e-3fe75e9eb202,2CAC4900-07D,2023-09-08,17823.31,SAQUE,97148536000190,False,POS
823c8139-cadd-4e0e-8b07-b2cd38895fa6,D92FA23B-86A,2023-08-27,21562.75,TED,19032458000150,False,APP
3bc8d72e-398a-4d9d-8182-65dd30530f12,0614C514-D4D,2023-01-18,80.0,COMPRA,,False,AGENCIA
188eff07-2fa4-4e32-851b-ffd234736ae7,35C82E95-FE0,2024-03-06,22802.23,TED,78159024000185,False,INTERNET
8b4baf49-875e-4626-814c-aaf2eb7ae790,B7E52FE0-AA0,2024-08-22,12265.36,PIX,60429871000157,False,APP
3f1f07d6-f417-47bc-8682-e463c769f522,E2EBEAFB-A8C,2023-09-10,8002.45,PAGAMENTO_BOLETO,,False,APP
b28e892c-c3af-4ef6-9fed-0d2ff33da724,EE4A48BE-E10,2023-03-20,3421.69,PIX,30285941000180,False,AGENCIA
38cf2bfb-f64d-447a-9cf3-d33a0c71fbb4,1F1694DA-CD4,2023-05-18,20179.79,SAQUE,59840621000126,False,POS
d5acd6bf-7dbf-481e-a228-62adc1804ec5,45402DF0-9E0,2023-04-11,12444.52,TED,72503196000148,False,INTERNET
3db382ba-c3e0-4d20-9059-2d756065812f,4224C023-956,2024-10-16,9410.45,COMPRA,59038742000159,False,POS
6eff4166-9886-400a-ae90-51136f3ea4b0,EDB0A109-7B3,2023-08-21,11547.3,ESTORNO,96874152000192,False,INTERNET
9e27fb96-94f5-4d09-bc26-7f97e061f471,654D0B25-1AD,2023-10-27,7391.95,PIX,57192064000159,False,AGENCIA
34e3800c-98db-402f-a5d5-405dc5c140b4,02DBF1CF-E2B,2024-03-08,19292.89,PIX,67429035000111,False,APP
63a33633-e4ad-4bee-958b-8f216c42dc8a,C27E9724-474,2024-03-28,8953.54,COMPRA,64215903000172,True,INTERNET
6660f586-4d20-475e-8555-aea60729525f,D92FA23B-86A,2024-05-27,1530.06,PIX,21045839000116,False,ATM
df1a6239-0a0f-47cb-8a29-fb1cf46e83ee,044FA7EF-F52,2024-10-29,20138.02,PIX,89526104000148,False,INTERNET
f831e8cc-f2da-4cdd-9f0c-8fa9c103045d,7DBFC6AA-4C2,2023-03-04,12029.64,SAQUE,32145780000154,False,AGENCIA
751d0116-94b6-41fb-8e3f-9f552b79057c,85B71083-1D3,2023-08-22,7673.43,PAGAMENTO_BOLETO,42705938000157,True,INTERNET
46609f2f-f1db-408c-a29d-fb06456ee2e6,E2E0B69C-F24,2023-10-31,22216.85,COMPRA,04613978000180,False,POS
b3e2c98a-dc29-4ea5-95d4-1ee10635f2c0,D7EA0CA0-D6E,2024-12-23,21167.13,PIX,56749380000116,False,ATM
e2f98b46-0265-4760-9faa-2138d98138e8,2A61E4B2-58E,2024-07-30,1246.69,SAQUE,32657804000154,False,ATM
24ff71ff-a73a-4077-b421-bcfaf967f4f1,FFA5968B-59D,2024-02-17,17131.75,SAQUE,87469250000153,False,INTERNET
514a0ea4-f292-4f28-8f93-2328eafcbadb,B068409A-84E,2023-11-04,13875.68,COMPRA,49152807000139,False,ATM
5e8d9041-00fd-41fa-8419-37986bb7784b,2136DA02-713,2023-01-11,6267.92,PIX,08637951000188,False,ATM
ff15f426-fc6e-4323-910c-017c476b3d74,B9051391-3D6,2023-05-28,17080.29,PIX,14896075000107,False,INTERNET
962b2912-4767-47bc-bc02-c3b42c533b22,03ABFAE9-F89,2023-08-02,23577.06,ESTORNO,64238017000164,False,ATM
87196e1b-604b-4643-ade9-92c05bd88c7d,B2EFF35A-14A,2024-12-09,11897.99,SAQUE,12034987000144,False,INTERNET
fa7d5618-69bb-451b-80c5-99a51af7e19c,E2E0B69C-F24,2024-06-25,5448.38,PIX,07631289000196,False,ATM
535a21d9-b351-46fa-b34b-870334f5e473,228E3569-252,2024-02-21,15185.13,ESTORNO,36248791000110,False,AGENCIA
19c90891-46a8-40ba-84ae-f834615bb618,39B1332F-765,2024-06-19,12926.04,PIX,50472163000145,False,INTERNET
ed20ec96-39f2-4489-81b7-4ff3776f7348,25142CE3-420,2024-12-11,4410.36,TED,69807543000111,False,INTERNET
6bfa5c06-d0aa-429a-bc99-896e7d7e3971,ED431952-B97,2023-12-22,6493.82,COMPRA,73259064000185,False,POS
77ea622b-4fb0-46e0-8161-1a2e119a6c8e,327F6DB6-ACE,2024-04-30,19300.41,SAQUE,39142578000118,False,APP
857e6db8-6aed-4ec3-8521-36873fec358f,50046259-F79,2023-12-02,23924.89,PAGAMENTO_BOLETO,64702938000136,False,ATM
58766e08-cb72-4a35-bdab-6e5d09d978ca,E2E0B69C-F24,2023-01-10,23788.69,TED,30924875000140,False,AGENCIA
00db2f21-9df3-4c71-be57-3939b566532e,039CE822-578,2023-03-01,10288.23,ESTORNO,14078326000146,False,POS
0852f4e1-bc2e-4469-9fc5-180c61eaaa7c,EA9BFF77-087,2024-05-26,22046.07,ESTORNO,15042839000160,False,AGENCIA
f68fd5c6-66ac-45f3-a06f-a0d63e9b7c07,35C82E95-FE0,2023-03-20,3970.89,PAGAMENTO_BOLETO,89035174000101,False,APP
c9e3f022-baed-43e2-af95-4097fb199f44,A5C3940B-1F6,2024-06-23,6032.14,TED,68915743000125,False,INTERNET
f759d148-5abb-4fef-9860-6368ddda96ed,8C79BCD7-7EF,2024-02-17,11922.21,ESTORNO,70264598000101,False,ATM
e652fd29-6f57-488e-a1f3-3a07345f2076,84BE2048-B44,2023-07-04,18216.47,COMPRA,72364108000174,False,INTERNET
d3e45c42-3987-4155-af8e-7d26fce630c9,2EDCB255-931,2023-05-31,23592.41,PIX,62308714000119,False,APP
6b0aa0e0-51eb-4361-b688-f149c40c70b3,31136EB7-2C0,2024-01-15,20898.16,ESTORNO,85640397000139,False,ATM
38a60d42-2a45-4217-a06c-c6909bc66ba4,1A43BEF3-AE4,2024-05-18,15169.27,COMPRA,59826413000172,False,APP
de7047f0-2290-47fb-baee-e270b2331a17,6EF3F89B-758,2023-06-11,19486.28,PAGAMENTO_BOLETO,86305172000199,False,AGENCIA
ddb0f802-0701-425b-bd66-45122ef11c1f,A0CC3429-FF9,2023-10-02,2851.83,PAGAMENTO_BOLETO,82604397000195,False,POS
8f4b7c08-a5d4-4fc9-b92a-33d36410ebbb,82C3ACE2-645,2024-01-19,5818.37,SAQUE,32781604000109,False,ATM
227d802a-c5ad-4773-b3a8-a6b9357d7bda,2C85EC10-ABD,2023-01-09,23883.91,SAQUE,05769412000104,False,INTERNET
37b3db24-e004-495e-a233-a03f7c002df2,0416F750-CE5,2023-07-04,4680.73,ESTORNO,,False,POS
18d053ec-178b-43b2-aef7-a62cc234f795,ED54B1F5-7A3,2023-01-15,19868.14,COMPRA,57280693000130,False,AGENCIA
f3bae2cd-258a-4ed6-894a-0eed8cc5ddf8,4E3638D1-748,2024-02-12,4610.84,TED,38617540000191,False,APP
911e0a3b-fc1a-4cd0-ad3b-6c69dc4732c3,D227E376-216,2024-07-13,1515.16,COMPRA,30714689000187,False,ATM
e25cdfbe-8a70-4b1e-b254-ded226e04868,EE142379-B1C,2023-01-20,11614.63,SAQUE,26571894000163,False,APP
f820b941-11f5-4b62-8a6d-89910ad7e742,C35E30C6-DA2,2023-07-18,10002.45,PIX,58976230000170,False,APP
5e2872d4-ffe5-4e62-8a08-26098552e9b7,6A697530-BE2,2024-12-02,22204.47,COMPRA,30719854000193,False,AGENCIA
fe7288d2-ef47-4e17-829d-5f40999d27ab,A5175A7C-D41,2023-08-02,14583.19,SAQUE,94765380000107,False,ATM
7770d56f-0bf1-451d-9f71-3820979ad9e8,DA546F7D-A83,2023-10-14,4589.72,PIX,21793645000107,False,APP
8e9f8544-80dc-459a-b70e-8e16fbc38885,7DF9B2D8-FF5,2024-03-27,21575.84,SAQUE,54738092000130,False,ATM
fe68a752-63ab-42be-87ef-b2c7e5d22aed,3DCBB7BC-90D,2023-09-05,10831.63,PAGAMENTO_BOLETO,58371042000119,True,INTERNET
59a348a2-571b-4185-b286-fe1f3323d7bd,08CEE419-9B7,2023-02-03,23947.63,ESTORNO,57309681000191,False,AGENCIA
2960a4f0-6d66-45d6-b7e8-a5b3847746c8,F3B3F1B7-94D,2023-06-10,6503.85,TED,28346109000102,False,POS
f9d7b692-5a60-41a0-a8f6-c8172051301b,5AF92A1E-13D,2024-07-17,20440.87,TED,71395406000169,False,POS
7ed9b5ca-b6bd-4ab5-a968-c9c3c53f11cc,80A68E8C-74F,2024-09-11,5475.77,SAQUE,69704831000140,False,INTERNET
e8bd728b-edee-47a9-8785-6f892a3f3390,B1AB99C0-C11,2024-05-20,24782.68,SAQUE,53890276000159,False,APP
6a5d18f2-d1d9-4f89-b3e0-1eaa2f4eec6d,34D64BD6-272,2024-08-09,4002.89,COMPRA,32409176000198,False,INTERNET
6804a77e-931c-4886-97f0-d0f7930faabe,5155FC3C-DEB,2023-02-18,8702.52,TED,16207945000119,False,POS
8cfea7e1-4ce8-4ba2-8e65-2333c02a7efc,BEF34331-0F2,2023-03-02,20427.88,SAQUE,79831265000191,False,ATM
9817e1a2-732c-4c2f-9095-0fc8a31c0990,F3977E14-8D8,2024-10-23,11314.88,TED,78924635000172,False,ATM
d6ffa7a2-216b-4df7-829d-663cda6d093a,7A66EA00-90B,2024-07-20,21575.52,ESTORNO,87069425000135,False,INTERNET
e9db1fd4-b240-4cdf-9d7e-03a1fa2265ee,2729B304-B17,2023-09-29,14703.42,PAGAMENTO_BOLETO,,False,POS
6cb7dbc8-318b-4e16-b52d-47c910f20d41,1A30D958-94C,2024-04-08,9341.81,ESTORNO,30124897000126,True,POS
7aaad6da-004e-40de-98a1-9dc8f7fb785c,7816D6AD-A99,2023-01-03,10872.07,PIX,12783065000130,False,AGENCIA
442d087f-9c56-41e9-b2ff-da3ae36952a6,77C98292-F52,2023-01-23,18838.8,SAQUE,32697048000197,False,APP
293707a4-3b42-4df8-9996-824034354563,A9E1AAAA-400,2023-04-16,16628.19,PAGAMENTO_BOLETO,81052497000193,False,INTERNET
6dc92a5f-bce1-435b-a7bd-010b4a91572a,05E91CA8-798,2023-06-19,14876.15,SAQUE,15974802000170,False,AGENCIA
0a2b2242-9602-4a82-ac87-41abffc1335f,CB6D3B29-9B2,2023-11-03,19416.07,SAQUE,,False,AGENCIA
1721ce30-2f67-408a-bbe7-2d6dae2ff243,85B71083-1D3,2024-08-09,6477.31,COMPRA,,False,INTERNET
244d6210-4538-48fa-9023-1050942688fa,1AF91BF9-7FB,2023-12-23,22468.96,SAQUE,84391506000169,False,INTERNET
5af4e02b-b763-443b-8cba-0336f7c99775,37D64FEA-CAA,2023-06-21,165.5,SAQUE,75831429000120,False,APP
5384d1f8-2348-489d-a819-36989f1de74c,16400795-2FA,2024-01-19,3850.37,ESTORNO,09854263000132,False,AGENCIA
609cce58-66e5-412f-81c3-9e66b2f30896,763834C8-DE3,2023-03-02,21337.9,COMPRA,84516270000140,False,INTERNET
7f552a8c-7e3c-4b96-8950-89187636762e,81336B22-F77,2023-10-18,24732.78,TED,52743918000124,False,APP
8805d834-1be0-4106-926b-8f84a26b7d91,86B0D8B7-B87,2024-02-19,5652.07,PAGAMENTO_BOLETO,69430528000105,False,POS
b59993e2-c451-407a-b15e-314c5c6b8387,D92FA23B-86A,2023-10-19,20213.69,ESTORNO,03215476000138,False,POS
56b95963-544d-425c-ade0-25a02650caea,B68845FF-1E5,2023-09-09,4842.24,SAQUE,,False,AGENCIA
b97b4750-dc3e-4478-bea3-a6562e55ea02,5760769F-E71,2024-02-08,21245.27,SAQUE,49620753000199,False,INTERNET
24e645c7-6265-4689-a5c2-b6be3068ee40,0BF06CC5-EF0,2024-07-04,182.55,COMPRA,73419586000105,False,POS
ebe8e1aa-6a81-4afb-8dff-44bca1b875ee,2842385F-B40,2023-08-25,24995.53,COMPRA,73586402000193,False,AGENCIA
77ed899e-b9c6-4bc4-9dd1-4f11784be767,4E084081-B87,2023-04-03,18816.84,SAQUE,46827930000114,False,APP
ea0cb44d-f98a-4a1c-aaa3-6ce0d6617bc8,5903461F-628,2023-12-08,11109.11,PAGAMENTO_BOLETO,81647352000135,False,POS
73abe2a5-0302-4e83-b1a0-a72b31713bc4,81336B22-F77,2023-05-18,15029.19,COMPRA,65193402000103,False,INTERNET
8726d2d2-aed7-4763-b363-de131430c3dd,738BB1F8-F75,2024-02-16,24174.57,SAQUE,32704985000122,False,ATM
a6de62ef-21f3-496e-be8f-ffbe98f730e0,3C931862-439,2024-01-16,7725.79,TED,38176924000116,False,APP
20ac121e-c5ff-4e2c-8c0b-a6d48a0b1a8e,650405CC-B5A,2024-09-01,9599.19,TED,52103879000109,False,POS
4f7d7e4d-b1c5-495e-855b-bac1bab2e3f4,CD3EF84C-5A0,2024-04-03,5079.93,TED,50746291000130,False,APP
c88407d7-5e60-49d4-9ec9-8c259e12cc6c,4C1F7B4A-B5B,2023-07-05,14649.54,PIX,51403967000155,False,INTERNET
b8535f60-dcab-498f-8388-a540a8260251,10AEB891-6B8,2024-01-17,2498.21,SAQUE,59823714000142,False,INTERNET
4170d99e-de61-4769-8c7c-f915f67c5080,C8C19B20-2A6,2023-10-08,23603.94,PIX,45370289000179,False,POS
a0373395-9221-4123-a67b-86da31b31d54,173DFEDB-CBF,2024-02-13,15739.44,TED,39815762000181,False,INTERNET
d75605b7-b36f-4b10-8b07-9a199ddf70ed,ADC4DA55-D38,2024-09-27,17530.94,PIX,19074583000123,False,INTERNET
c65bf773-c7e1-4b6b-9e63-316318efaafe,D7D1106B-FD0,2024-08-07,662.7,PAGAMENTO_BOLETO,23407589000142,False,POS
068338e3-3c62-4f05-9dc7-58b6e6d0f92c,A975ED9E-EE4,2023-11-19,22559.79,SAQUE,67459308000170,False,INTERNET
d7503398-6a2b-4002-8d73-71483240f80f,09BB85B7-1ED,2023-04-19,4156.63,COMPRA,63594021000100,False,INTERNET
664c1a99-80ef-49fd-ba8b-09cde5c3f6b1,2FCBCC69-CF4,2023-12-30,21501.71,COMPRA,71830549000151,False,AGENCIA
222d177e-0bb8-4c61-8975-b8dbed1d66f3,ED3E1058-716,2023-05-23,5248.28,COMPRA,31096875000162,False,APP
a0d4a44f-7a27-45b2-a363-974144e588b4,7DAB133D-E7C,2024-11-13,7488.87,COMPRA,30645781000132,False,ATM
38ddb8dd-ffd4-48bc-a609-204e75c97cad,08A4AF0E-B9C,2024-08-28,12128.63,PIX,65731049000160,False,AGENCIA
62c553c1-2e2a-4ef9-b58a-2c4d530fb0b3,546C6C49-A4C,2023-05-10,11654.24,TED,58730492000150,False,AGENCIA
04ed56e9-d294-4203-8794-ff316d947bcb,3B631B68-042,2023-06-07,21499.45,COMPRA,54280931000110,False,INTERNET
f8a7d2e3-95e4-49af-b922-49be8391a4d1,F2A095CE-DA8,2023-09-18,17705.34,ESTORNO,91350284000100,False,AGENCIA
57c468af-ed1a-44f8-8007-c9a43309eec4,15AEB4CA-0D4,2024-07-06,17510.75,COMPRA,82465130000164,False,APP
a0b78d12-d097-4a51-b0db-06139308105d,94090016-306,2024-07-09,7563.82,PIX,09641873000158,False,ATM
0f31b0d4-88af-4ea4-9900-234bbfecb556,E5193D6C-56B,2024-01-27,12318.49,PAGAMENTO_BOLETO,68407195000122,False,INTERNET
698dce47-002e-4802-8e00-013ba1c775a5,7EF30C1E-3E2,2023-06-24,22015.87,PAGAMENTO_BOLETO,21834097000108,False,POS
7e34157f-5751-4292-a664-d54afa599d9a,4224C023-956,2023-04-08,10750.81,TED,76821045000199,False,APP
223ffbec-71cf-43d5-b133-6becd515dc9c,77516C0F-46C,2024-04-23,4149.48,ESTORNO,63524781000133,False,AGENCIA
81e55515-d3ad-44b2-a2ad-3a8cd1628e58,327F6DB6-ACE,2023-10-09,24000.94,COMPRA,49382176000144,False,AGENCIA
c2004362-0e52-4ccf-a669-582a59ce76ef,7EAA65AF-AB1,2024-01-03,15914.04,ESTORNO,83056792000143,False,INTERNET
8ac35b08-9c33-403f-b4fa-4c715b475ca3,1A43BEF3-AE4,2024-07-08,20738.81,SAQUE,89057462000159,False,AGENCIA
a00222ea-6645-418d-8c34-55795779d795,6025AAB3-FEF,2024-12-28,17487.22,PIX,,False,INTERNET
70e4a428-fd2f-41f4-ab6c-d78f1668968e,CD3EF84C-5A0,2024-06-04,451.21,TED,78206419000191,False,INTERNET
5c7db6a5-47bc-41f3-8dbb-fd940c1534bf,08E6CF7F-C32,2023-06-22,16462.07,TED,74986135000104,False,INTERNET
620d0fe4-0c13-457a-b4e8-e72b99762b9d,73BF65C6-E44,2024-10-14,21556.8,TED,54769081000118,False,APP
a00c89fa-378d-4422-b584-67373cceee17,66CA4289-8FC,2024-02-06,19643.71,SAQUE,41897652000158,False,INTERNET
da16f77f-8268-47a0-965c-ea679221f841,BAB3723E-2CC,2023-12-25,4590.4,COMPRA,40758623000142,False,POS
c626a365-a286-4b71-ac58-b6a1b36efa00,1A30D958-94C,2024-11-10,4585.0,ESTORNO,18692035000102,False,AGENCIA
39895887-2726-46fd-ac31-5e902226869a,944E631F-2D1,2024-07-19,11181.38,PIX,94837061000151,False,AGENCIA
c8035bf4-9ab9-4dbd-bad8-0d93655f9ed4,83F94C20-E3E,2024-10-23,22020.48,COMPRA,58320674000153,False,INTERNET
d1b2a997-af58-4f12-be10-2e55577b2784,A5A763A3-388,2023-09-09,19823.28,TED,34729086000100,False,POS
21f49e1f-9a4e-404e-b7be-307a685fb10f,55A09D16-E34,2024-08-31,14335.58,COMPRA,40652738000158,False,POS
6f6fca26-50cc-46c8-9eaa-fcd264c21a65,80604EF9-410,2024-03-03,17554.59,PIX,51439270000134,False,ATM
1b11ceb1-6e48-45db-a933-37e646847a03,86B0D8B7-B87,2024-02-24,995.38,PIX,90635172000124,True,AGENCIA
450f3793-8e44-45f5-a4e5-6ba10bccff17,BD911313-2AE,2023-02-23,20701.04,PAGAMENTO_BOLETO,36749825000150,False,INTERNET
d27d3ce5-6fc7-48c1-8231-9539431023f4,10A4E341-32F,2024-05-03,4629.01,TED,91487063000170,False,APP
38b8474d-72d1-46e2-9b83-60880b6d1837,9E986D76-B2B,2024-09-21,17929.84,COMPRA,90527618000105,False,APP
b33fba00-a649-40a7-9122-fa535d918ee0,C8E186EC-DBD,2023-09-09,14373.66,TED,51962340000134,False,POS
8967542a-1552-4059-a59d-dc63a38c005b,21DA41D2-2B6,2023-05-18,15480.25,SAQUE,48763091000143,False,ATM
ed4885ae-66a0-4ea0-be4d-217668c59d44,39B1332F-765,2024-08-29,2342.51,SAQUE,70426318000114,False,APP
79d29f8f-4ecd-4e42-a8c1-e98645cfa171,2B60D4B9-26E,2024-03-05,17371.15,COMPRA,21958043000154,False,INTERNET
282271af-d093-4a35-ac7a-bd6f17fcab8d,EB92AE65-7C0,2024-11-05,11535.9,COMPRA,92046537000100,False,AGENCIA
d43c8cf0-f4e2-4a0c-a168-25effa61b574,B68845FF-1E5,2024-12-02,10006.73,ESTORNO,10793268000181,False,APP
939ccc7b-e57d-40d4-b1d4-deb50bf3b16f,342C6AE3-5C5,2024-03-22,11850.83,SAQUE,18706953000135,False,INTERNET
80a39b18-c2ee-481c-8a1f-989bb2291b66,F4533B10-2DD,2024-12-31,17718.23,TED,97132548000127,True,POS
1ae2fc13-aa32-4578-b78e-34aa17aa3521,8C0DBA81-09A,2024-04-19,8140.12,SAQUE,14378692000110,False,ATM
95375ebb-3493-42ad-9422-c5eb018a2aa0,0176BD48-34F,2024-03-11,2254.66,ESTORNO,59730684000120,False,INTERNET
3562d6a7-46ec-4d64-93b0-48ce4e150c1c,EDB0A109-7B3,2023-07-30,16832.91,SAQUE,87415093000101,False,APP
98cd3853-8f20-42e5-bbb8-148232ff9cba,5CC73E0E-E35,2024-09-24,312.25,TED,64317298000140,False,APP
9f7baf1f-fc89-44bf-8c16-8a9c5edab50f,ADC4DA55-D38,2023-11-03,24124.99,SAQUE,16029758000192,False,APP
fa6973db-bf43-4fbd-a6d6-3daac4617bcd,0FBD1AA6-DE6,2023-10-10,9728.15,TED,63014987000113,False,INTERNET
408628f0-b387-41b7-bb39-051c4c7b48f4,EB92AE65-7C0,2024-04-20,11494.98,PIX,49562018000176,False,ATM
4a89d534-4d9d-4dbc-861e-a7bde46a2c51,5E30F0A5-F88,2024-05-03,13084.69,PIX,46305129000109,False,APP
e036d989-ab6a-437c-87b2-1b635d799316,BBA27FFE-0E9,2024-12-10,10550.61,SAQUE,48095612000131,False,POS
1a839e45-fae4-4cf8-80a7-d0bf3b174f05,4A0B647D-626,2024-09-30,7309.0,COMPRA,92376185000151,False,ATM
29c8a09d-eace-4cfd-9786-23fa9489450d,85B71083-1D3,2024-04-29,20221.59,TED,35468201000100,False,APP
f13c30c9-db37-4407-a13c-5280f36ea9ba,A375C4CE-4B4,2024-03-27,12790.66,COMPRA,45032187000143,False,ATM
da458238-3dd7-4f43-b7d7-775e299c9157,E4E9CA3C-E10,2024-08-01,15493.63,SAQUE,27039485000183,False,INTERNET
7bb5bc7b-6667-44df-b549-97eb1398b311,73942EFD-05F,2023-06-22,1030.85,TED,19853470000126,False,ATM
6c2a444d-021e-4fed-a2d9-8ca9f92a0a19,C3F82ED4-196,2023-10-01,7692.35,COMPRA,54961287000145,False,INTERNET
98f5673e-6df4-4f9b-bb64-cf4db2d3ec0f,BEAA4765-A3A,2023-12-20,5476.78,PIX,21473509000121,False,INTERNET
0e9b189c-6528-44f2-9a65-f71573db4b08,E3CED293-917,2024-02-03,12525.33,PAGAMENTO_BOLETO,06187543000146,False,POS
b52889e4-5266-4cd9-83d9-1fe95e3d4b19,CB58356F-997,2023-01-12,19021.75,SAQUE,90762548000161,False,AGENCIA
416819cf-8afa-4c75-9da5-8d9051e535d2,EB92AE65-7C0,2024-01-14,19318.11,ESTORNO,67419025000103,False,INTERNET
0424a11c-ccd1-4943-9677-e07199231d08,058B0BD6-B39,2024-08-04,10451.41,COMPRA,79340568000101,False,ATM
a564771a-0506-475e-9db3-267d3d7d1900,5971DF51-8BD,2024-06-12,4325.16,PIX,79503164000191,False,AGENCIA
2fb8e404-0d89-457e-8ea3-3d7bc32d4481,70FAF110-401,2023-01-13,1581.89,COMPRA,14578032000183,False,INTERNET
6097ba28-4498-4991-9425-8eddad65246d,8EBE0AB7-888,2023-12-12,12522.24,ESTORNO,53082649000165,False,ATM
2c622dd9-c670-49c8-9009-30fb7d4f6b25,03ABFAE9-F89,2023-10-02,18548.35,SAQUE,50913768000124,False,AGENCIA
6ce29ab7-9855-4091-b183-90856fd87c95,D92FA23B-86A,2024-08-27,5862.54,PAGAMENTO_BOLETO,94231876000192,True,APP
e7c8d95c-48d1-4e4a-a411-15e15f79b5f5,57F1ED13-92E,2023-08-14,14539.4,PIX,45706921000102,False,AGENCIA
819c0c7f-b291-489d-be39-d702013089ff,AC067E59-F7A,2023-02-21,16799.53,TED,05896427000133,False,ATM
9a171444-6b7e-47df-a3f4-ce89d02864b3,F3F29466-41C,2023-10-28,18426.37,SAQUE,47053162000151,False,POS
2dd9550d-7f96-47b4-bb94-65f15d523681,A3461EB0-337,2023-08-06,6549.21,PIX,91258473000149,False,ATM
a435814d-bfb7-4dbf-bc92-fd4814b8d10f,24DCC018-1D2,2024-04-07,2060.24,ESTORNO,76982354000140,False,AGENCIA
72561635-585d-41e3-8432-2958c4414a5f,968C0718-AF3,2023-09-20,21961.94,PIX,31427508000102,False,INTERNET
515d7867-8c76-4de6-9a12-61f3c6669f09,947420C4-5BC,2024-02-02,16986.4,SAQUE,71639582000107,False,APP
43a4d38a-24d2-4524-8a39-e403974e3dd9,6C29A863-E32,2023-11-01,9194.52,ESTORNO,03659271000141,False,AGENCIA
acb0440a-4b23-41b6-9eb8-7088317a9c9a,F794734A-1B6,2024-09-15,20412.19,PAGAMENTO_BOLETO,83517249000104,True,APP
829b55a4-d266-4d7d-ada2-6a34230f2ba7,D354533C-49F,2024-05-01,3730.09,ESTORNO,18503967000151,False,APP
df47b0c3-6db5-445e-8535-d7b484af7e5f,2568D908-EF7,2024-06-13,278.81,TED,10973654000155,False,ATM
e689b287-fd0d-457b-9df2-2a7b7abc2bde,D5C2BE1B-FCB,2024-07-29,16245.83,PIX,17690324000100,True,INTERNET
44509a28-fa5c-473d-ae54-d82181f9102c,7E7EA367-117,2024-03-14,9084.48,COMPRA,86432951000155,False,APP
e7296906-5de5-4b95-8653-16695a3a3dcd,1E955005-BFF,2023-09-11,5698.5,PIX,97830145000151,False,ATM
6c8280bf-c565-467f-94e0-658ddfb218eb,40BB945A-235,2023-09-09,14804.12,SAQUE,78043219000165,True,ATM
4583e24d-8807-42e1-95ee-24a6f014febb,2B60D4B9-26E,2024-11-12,16115.84,SAQUE,37581046000151,True,ATM
d786e686-e532-408e-bfe6-51504a609f0e,7339923F-AE6,2023-05-04,11775.87,PAGAMENTO_BOLETO,52671908000120,False,INTERNET
bb3e000b-e795-43f3-a6e8-150f1b88dfa0,A5A763A3-388,2024-03-06,18372.79,PIX,15823960000129,False,ATM
47ef2adf-2797-4e9d-a60f-4974c875f1f1,D5C2BE1B-FCB,2024-10-19,22780.75,TED,80164379000104,False,POS
afbc1b6a-9034-47bc-aee3-ffb30b708d93,B8E731A6-FA3,2024-06-08,405.09,PIX,,False,POS
e97e5742-add8-491f-a29b-c1bd36844469,39E68EA9-450,2023-08-12,10773.55,PAGAMENTO_BOLETO,16430985000125,False,POS
daf7fc88-af20-44bc-a143-7d90fe78da7e,929FD3F7-A7D,2023-02-17,20208.74,PIX,06319457000140,False,INTERNET
43e5dcca-0dcf-49dd-9695-9d50364c924d,45D09B3E-2D2,2023-07-29,14316.67,TED,62851974000136,False,INTERNET
d6ca9827-a378-4bc5-9296-6d50b046c6d5,5155FC3C-DEB,2024-12-11,17409.84,PAGAMENTO_BOLETO,09386127000165,False,POS
aae7d3a6-b0b0-4609-a9fe-8517c401e92d,0CBC6065-D0F,2024-02-14,18898.84,COMPRA,58639471000124,False,AGENCIA
dc9cc1a8-b336-479c-810f-4c11ae67be06,4F6A2E29-302,2024-10-14,19970.8,TED,23871904000198,False,AGENCIA
f5a001d5-7ea3-4e49-9d38-d024db4d111f,7EAA65AF-AB1,2023-05-23,14275.69,COMPRA,92640715000127,False,APP
a1e977ee-4efb-4f7f-a4c2-38578da5ce06,BBA27FFE-0E9,2024-07-28,6560.15,PIX,91374082000190,False,APP
1a39e816-8c07-4152-8735-2752ecd8faa6,7639FA4E-AC0,2024-02-16,13627.31,ESTORNO,70569318000173,False,APP
cdc86705-f2a3-477c-a109-56f8f49dc37d,B47A0697-1BD,2023-07-30,10179.26,SAQUE,89346217000161,False,APP
5506c1fa-7741-45b1-8aa0-e88a962318d6,ADC4DA55-D38,2023-06-16,10056.38,PAGAMENTO_BOLETO,,False,APP
9043bf6e-b63c-4fe1-b401-2dd2c05dffc4,B2EFF35A-14A,2024-08-17,11864.95,PAGAMENTO_BOLETO,45690372000125,False,POS
f5a8a4d3-37fc-4589-9f0c-5b09bcb16187,6EF3F89B-758,2023-03-24,20982.88,ESTORNO,70492518000175,False,POS
453e9b35-c76e-40b2-b3f1-09c8a8a30b41,2EDCB255-931,2024-05-17,23262.32,COMPRA,23897615000168,False,ATM
56e4d08e-0392-47c8-8419-af1f10d7f5ec,044FA7EF-F52,2023-07-28,17561.14,SAQUE,47923106000120,False,ATM
c9479f06-74f2-475e-b987-380ad035ecbc,C5BD6B07-89E,2023-01-07,18438.84,PAGAMENTO_BOLETO,85179423000173,False,AGENCIA
a153951a-da97-424e-a3ef-051a91e12d1d,B7C9E77C-C18,2023-06-25,15269.23,PIX,,False,INTERNET
6728dfd3-e67d-439b-ab84-3a8ccc99eb6f,353AF3D9-DF8,2024-12-13,756.63,PAGAMENTO_BOLETO,86905142000113,False,INTERNET
ffb8b8ba-97ef-4ccc-8439-09f81e80df79,8772E6FA-CB9,2023-03-31,24311.94,ESTORNO,91582073000194,False,AGENCIA
4d75df1d-e65b-41c8-80cc-f4bec50edcca,D96E502C-96E,2024-10-17,7563.22,PAGAMENTO_BOLETO,15806472000103,False,APP
131fc6a5-3eaa-4f88-9436-cacc5011091d,2C0F4FF3-E1B,2024-08-02,7058.0,PAGAMENTO_BOLETO,05129786000165,False,ATM
29e207d7-0a3f-4e5c-8a43-41c97be055eb,CCD7C8A3-52C,2024-01-25,671.06,PAGAMENTO_BOLETO,91364582000140,False,POS
dd0eecda-e898-4d2a-bf00-3533b44691d7,D7D1106B-FD0,2024-07-05,8500.45,PIX,18204936000108,False,AGENCIA
1419abb1-02a7-4d8a-8913-247fda9937a9,8B64957B-8E8,2024-09-13,6462.7,PAGAMENTO_BOLETO,09845231000170,False,AGENCIA
7984dc7b-defb-4a22-80f7-777a355fc50c,28698B0D-BBF,2024-06-08,5801.16,ESTORNO,94517063000163,False,INTERNET
a305e6b6-ee22-4c7c-a439-cf89a484e313,2842385F-B40,2024-12-15,20293.36,SAQUE,92354076000133,False,APP
fb414502-c74b-49c3-88ce-ed87833a2b03,04219A17-343,2024-07-05,11648.51,COMPRA,,False,POS
29fad08c-7790-4505-b662-badb2ec85c09,014D8288-A6C,2023-01-06,21501.02,PIX,87425901000103,False,AGENCIA
5a669274-c8de-4877-9e53-41acdfee2c1d,18751B58-061,2024-11-25,16583.6,COMPRA,98026745000124,False,POS
732b6e54-2130-4ba4-b0bb-e6a7f7c2a6bd,1AE6B0EE-82D,2023-02-23,14498.09,COMPRA,12367895000186,False,AGENCIA
b55900ce-4466-4254-acc4-3d1fc0e01ce7,F3977E14-8D8,2024-08-17,22062.28,ESTORNO,51274098000106,False,POS
241d038f-5cb2-4bea-842b-f8f6f5a4160d,A49D84DF-75C,2023-01-02,2330.2,SAQUE,12450876000119,False,APP
39600bf2-9d79-48dc-980c-679de35dfe9a,98CE3120-308,2023-02-25,2862.27,PAGAMENTO_BOLETO,76451380000142,False,ATM
f5b1fce7-535f-470b-88b8-7dcb8fe33ade,8F5206C1-DA7,2023-02-13,15770.82,PIX,01692457000177,False,INTERNET
7c0115e1-93af-4ae7-a107-917f61e6b722,C249FDF0-34A,2024-10-06,778.65,PAGAMENTO_BOLETO,40329157000180,True,APP
4d2d4e42-1605-4142-a60f-1645bca5c63c,7639FA4E-AC0,2024-02-16,11357.36,SAQUE,05476912000158,False,POS
6cdb8f82-3be2-4946-a6cb-55e9a7f1d6d8,8EBE0AB7-888,2024-07-17,23646.81,SAQUE,94570368000139,False,AGENCIA
bf612601-95ce-4547-b40b-a9f2f1c05f58,273D2AC9-74D,2024-06-23,20823.34,TED,83914507000188,False,APP
ccf67692-8f56-4a83-8f99-dca10c26782b,7EAA65AF-AB1,2023-01-20,16513.34,PIX,93214056000120,False,POS
294ce68a-938c-4a6b-be3a-87df948fca79,654D0B25-1AD,2023-12-14,16494.79,PAGAMENTO_BOLETO,25684397000109,False,ATM
c38af5d2-c902-4667-93fc-3af3b1b42402,2508FF97-0F2,2023-04-01,15784.2,COMPRA,32078916000150,False,APP
b06177c2-e6ee-42eb-a2d0-4879b27d7f6d,61756E69-9EF,2024-08-29,10575.42,ESTORNO,05412386000162,False,POS
ce891f5d-018d-4bdc-8324-a170a1e5635b,77516C0F-46C,2024-01-30,22114.13,COMPRA,81940356000107,False,ATM
4832a901-81e5-43bd-afda-14c47acc5c94,81EDE082-098,2023-05-16,10154.5,COMPRA,58263419000116,False,POS
b968974f-e48b-47d5-8efb-10904892be0a,47AF576C-3B0,2023-01-18,3338.02,SAQUE,47036915000110,False,ATM
9a1cbedd-c50b-4ab3-9f96-52eef85e1b10,4AC01687-299,2023-06-29,1421.88,PIX,49576108000116,False,AGENCIA
e476e807-c300-42cc-a8df-112826e99a95,144B0E2F-BCE,2023-08-12,7016.35,TED,80741692000168,False,ATM
ad6a09a7-0696-43cf-87c4-c6a193776cac,BD4C8EFB-123,2023-07-08,15755.91,ESTORNO,89726013000156,False,POS
da430a55-6b6c-43e3-9f80-c24ed99c8b41,18751B58-061,2024-05-11,17012.15,COMPRA,51294076000108,False,APP
d95cacd7-9058-44e9-a26e-156e2a1a9efb,75AC01D9-491,2023-10-30,18395.01,ESTORNO,69235704000140,False,INTERNET
008bb97d-2eb2-4485-b984-9ea823905b15,73BF65C6-E44,2024-11-04,7457.47,TED,70815964000173,False,POS
c111b1fc-e32d-48b2-a02a-71697ddc20a0,0A671FF0-F9D,2023-04-03,465.66,SAQUE,94102673000104,False,ATM
13b1af84-a35b-426d-8ac7-bbd254b384e4,CF00422D-8B0,2023-01-10,9106.75,SAQUE,23840517000194,False,AGENCIA
21e710a1-fe73-481a-9732-77ea8deb35cf,613A73A8-A4B,2024-02-19,14247.55,ESTORNO,24518309000136,False,POS
a278012f-9593-47f3-bbe4-43c87e6b8a47,7BD46AE5-E87,2024-04-04,9419.0,COMPRA,58367209000178,False,AGENCIA
4ef32c29-0fc8-4238-912b-c3fb6ad03362,109A4E7A-4FD,2023-11-22,6058.21,SAQUE,85703624000128,False,AGENCIA
c4d2d0f5-fdd8-4197-ac71-b402ef86c0bc,948F4524-21A,2023-12-30,1052.15,SAQUE,07619532000150,False,ATM
0b9f5a80-2abe-4afd-9ee0-7176c639f29e,654D0B25-1AD,2023-03-23,6397.17,ESTORNO,89315620000123,False,ATM
fef88562-f81f-491b-b6ea-efa1c40936f3,7DAB133D-E7C,2023-10-13,19744.64,ESTORNO,81047269000125,True,INTERNET
69675931-615e-4111-ac01-9cc7263e5312,C5BD6B07-89E,2024-12-19,21842.79,TED,07128965000103,False,POS
69379cff-8216-442c-82b2-2016d196befa,A68A3725-39A,2023-05-02,13670.29,TED,20459361000108,False,POS
9dd30e34-e207-4212-b22b-38b66a717824,3C02566C-101,2024-05-25,11295.06,SAQUE,40382619000122,False,AGENCIA
7c62a5e6-28ce-4f1a-bef6-8e7f6f29ea4a,2386635F-FFA,2024-02-14,23476.85,PIX,07694835000138,False,INTERNET
b939f107-9f32-47ea-af1b-fa666bb7f89c,E662F78E-F5A,2023-08-25,24018.31,PIX,63942051000152,True,ATM
b12525e7-e36b-4ef0-9110-300f12828cfa,0CBFAB04-3D2,2024-09-10,20170.22,PAGAMENTO_BOLETO,54790618000121,False,ATM
a1aa16a5-4a1d-4c0b-85e2-b2e1710a2f76,2080AE94-157,2023-03-17,7093.67,SAQUE,17345890000176,False,AGENCIA
563e5114-814a-4790-9a80-28562adc5a70,5760769F-E71,2024-05-11,14174.34,ESTORNO,19320846000137,False,INTERNET
ca44fffa-431d-4634-a3a0-52c032096562,BAB3723E-2CC,2023-09-20,18712.75,SAQUE,07129548000185,False,ATM
86bd9a00-a52c-4aa8-be43-688d4ee6cde7,810123B4-A21,2024-02-25,4614.2,PAGAMENTO_BOLETO,37852914000190,False,APP
5094c36b-d5ba-45f7-b4a8-b3c7df9625ed,2BD381DA-572,2024-02-12,9596.72,COMPRA,61379542000101,False,POS
f895ec3d-83c0-482b-8d8e-27538490bc63,613A73A8-A4B,2023-07-01,14585.8,SAQUE,48930516000161,False,ATM
a351819e-cabb-4061-81fe-c6f920fa54d0,D7EA0CA0-D6E,2024-08-27,15257.41,PAGAMENTO_BOLETO,02597346000144,False,INTERNET
1f55a241-42f4-4087-b393-db49171828ae,84BE2048-B44,2024-09-09,14700.31,ESTORNO,70384912000190,False,INTERNET
c948bca8-93c5-428e-b33e-0c22b1204d71,A5175A7C-D41,2024-07-20,8016.43,ESTORNO,90143652000178,False,ATM
9cad078c-39ed-4a60-b1da-838b30635094,D150228C-8D2,2024-04-20,13900.11,ESTORNO,45027931000111,False,POS
0aa45651-d55d-4007-b1ae-40277d88ba2b,A3BAC5EF-01B,2024-03-20,4683.5,COMPRA,38024659000150,False,INTERNET
fc8b81bf-9791-4a4f-9e9f-fd4e21cd41af,4D1BC5D0-B49,2023-06-26,6371.29,COMPRA,24190356000101,False,AGENCIA
bad18c53-7a8e-48fd-a097-4f07628b5c40,1A43BEF3-AE4,2023-09-10,22380.48,COMPRA,05168329000180,False,POS
7e45886c-e334-4d1b-9d2d-884b7fda948c,C63450B8-AA6,2023-07-14,13197.71,PAGAMENTO_BOLETO,19260574000127,False,INTERNET
1e98a4e7-71ee-4737-8eb9-00578f23447c,D96E502C-96E,2023-01-31,10062.17,COMPRA,79450316000135,False,AGENCIA
b86f2234-46af-49b3-a058-ce09e21fe7ae,AC067E59-F7A,2024-10-30,7438.32,ESTORNO,74925108000121,False,ATM
3d5cc0e9-b1db-43ff-8c47-d765afc3c8be,0C9B366A-276,2024-09-23,3671.13,ESTORNO,21648530000110,False,APP
1f6b64e2-46ed-46e3-8993-2e5c719f90b8,947420C4-5BC,2023-11-09,23914.67,ESTORNO,64859172000106,False,INTERNET
157eb0e5-604c-4823-ac36-1a004e19f4d0,24DCC018-1D2,2023-10-19,21322.9,ESTORNO,78634120000138,False,APP
f2539836-09d6-4561-8d75-c7174e81fd73,EFAAF9B1-F44,2023-05-02,5444.35,COMPRA,05248619000133,False,POS
0e8158c6-a36a-406b-9e4d-f326b3a16c22,589CC97B-0AC,2023-06-05,12393.41,ESTORNO,95206184000157,False,ATM
0e90f390-ce0d-40c6-8184-2b2211b693b9,B7C9E77C-C18,2024-08-28,3311.18,PAGAMENTO_BOLETO,05349861000101,False,AGENCIA
b3ffb0b6-2e54-4434-a237-39291fd0b8eb,6401991F-F75,2024-01-28,20820.83,TED,51476029000185,False,INTERNET
f98fe96a-9dc8-4900-b050-f3a56e7adb65,044FA7EF-F52,2023-01-12,7422.34,TED,83192540000141,False,INTERNET
88a455dc-6d19-4260-b738-16b2f2933132,468EE996-A0E,2023-07-07,1391.7,SAQUE,81523694000143,False,INTERNET
07b16cff-0946-428e-892e-95acb864fdc8,C5BD6B07-89E,2024-05-11,775.96,PIX,04589126000102,False,APP
84cfd61f-efaf-451e-9565-e3f76e25dd73,C88E3586-E2F,2023-09-25,15560.2,PAGAMENTO_BOLETO,95034178000160,False,ATM
93ff33bd-cdd1-4699-beb5-e4b9a48bcee1,54806BE5-C68,2024-08-05,3128.87,PAGAMENTO_BOLETO,96208514000106,False,APP
a2bd5260-ae05-4a6c-8564-b661b2230721,BC36250C-B97,2024-01-14,16226.4,PIX,46381520000192,False,APP
3401aa82-326b-4b60-a472-f17783e5114e,5E78FBCD-353,2024-11-05,2130.75,TED,20694785000157,False,APP
834ca7c9-8c50-4ef9-bc09-ddf551b90895,C5706DAE-322,2024-02-23,11215.07,PIX,04691783000158,False,POS
e00ef5c4-9d66-42b7-9ba7-8b9418c54861,347A3AEE-93F,2023-12-08,10766.19,PIX,93076582000170,False,AGENCIA
7b211f92-2539-41ec-bcce-d08a169bbaf8,9B8DF503-7F2,2023-01-07,21239.58,TED,28963057000105,False,AGENCIA
c2fd9605-742a-4176-82de-c0cd80fdf458,FD9A1E32-477,2023-05-04,12269.58,ESTORNO,61235980000104,False,INTERNET
2085f7cb-2caf-4d81-a192-74e13ac685f4,8C969DCD-FC0,2024-11-03,24109.18,SAQUE,59017462000164,False,POS
02aa923c-1378-4f21-81c7-840022ad8246,349553E6-8BF,2024-02-19,7894.74,COMPRA,84509261000121,True,ATM
9b733e82-b1a7-4190-97e8-ca0b407bed6c,4572932B-346,2023-07-21,12255.56,ESTORNO,,False,ATM
a115b212-1990-483e-a83a-357f10a015c5,ED54B1F5-7A3,2023-12-25,24764.5,COMPRA,15427039000167,False,APP
e14c4641-3305-4be0-b4e5-dc470a36655c,31136EB7-2C0,2024-11-10,18939.6,SAQUE,82953417000133,False,INTERNET
94450546-586e-4fe6-9a5b-faa6e051218c,7639FA4E-AC0,2024-09-28,17375.7,ESTORNO,71532806000179,False,POS
7fdd14b4-1b6e-43dc-bc68-75d83addf00f,E5E9CD09-A57,2024-08-27,18056.25,SAQUE,87256490000170,False,INTERNET
1dcc580d-f744-43d4-867e-536e81294b5f,AE382915-D6B,2023-02-11,5250.37,SAQUE,56127983000186,False,INTERNET
9afd4bdb-3a57-4f00-a442-d4d4c62b8518,1A30D958-94C,2023-11-14,20259.41,TED,78403261000140,False,AGENCIA
5b3c5179-4494-4a70-aa1a-abd99bb037ff,C4A7D330-41F,2023-01-01,13749.43,TED,,False,APP
18483c18-bfe4-4a5f-99e5-592ba620e6a2,EB92AE65-7C0,2024-07-01,11099.12,PIX,,False,INTERNET
f84935ce-9177-44fa-a289-b7189cd1055e,FDE1F175-647,2023-03-09,7881.36,COMPRA,90687541000122,False,ATM
d334230c-4b52-41cc-a004-c01730ab0839,E31DFBA2-920,2023-03-20,10339.35,PAGAMENTO_BOLETO,28305641000173,False,ATM
d3074fd6-2701-4b22-82e9-4156083655dc,A9E1AAAA-400,2024-12-05,15747.43,PAGAMENTO_BOLETO,40192683000140,False,AGENCIA
67f5a408-80b7-4a18-9ee9-4c213010269f,CEC58645-72D,2024-12-12,2247.08,SAQUE,21049865000112,False,INTERNET
d4e517c8-4813-44e3-b19f-350dcca65d52,19A6BA77-888,2024-08-30,21597.15,TED,31029745000107,False,AGENCIA
06c5c4ea-d61f-4d84-9ddc-022e22083eb1,7EAA65AF-AB1,2023-09-19,9589.09,COMPRA,09318524000108,False,APP
cc14aff4-e9fc-43e3-abf7-1ff9537df05e,453757ED-AAD,2023-12-29,13959.27,PAGAMENTO_BOLETO,21840653000159,True,AGENCIA
41c5b874-84a4-4f51-afb7-05795f60794a,F4A0F967-432,2023-03-22,13615.91,ESTORNO,96038714000168,False,APP
bc6e352d-dd94-4e26-a362-787ab41df65e,580E32F6-0D2,2024-04-07,8025.04,TED,70283561000120,False,POS
1213c8c0-0988-4c7d-a2ea-14a0ea0dec2e,0BF06CC5-EF0,2024-01-10,9810.93,SAQUE,63809754000107,False,APP
92166298-f768-4c0b-9e72-cc8814d7e900,A68A3725-39A,2023-02-18,23045.75,ESTORNO,37821590000123,False,ATM
a8612f7f-79fa-4bf7-849c-8cc9dbcdcfa3,4A53FC47-1FD,2023-10-19,68.82,COMPRA,60742318000170,False,APP
08f5b5ae-a29a-45a2-9da1-c6620a7abbce,A5C3940B-1F6,2023-11-23,17921.04,TED,15642780000140,False,AGENCIA
6314926e-b7a5-4d24-ac26-49a93f95b911,A0CC3429-FF9,2023-09-12,24617.82,PAGAMENTO_BOLETO,62385719000145,False,POS
2c529101-e7b8-4c10-9c97-4907f459454b,2C0F4FF3-E1B,2023-03-25,3741.56,PAGAMENTO_BOLETO,69583107000106,True,INTERNET
49bffa20-3d7a-44a7-9b30-873ca568de95,A4BCE2C0-28C,2024-02-08,14714.78,SAQUE,76023859000188,False,APP
0a4cfe68-9a7c-44de-942a-30f131c6cbae,C35E30C6-DA2,2024-01-16,5964.83,PAGAMENTO_BOLETO,81079452000102,False,AGENCIA
0102e66c-d9f6-4be0-a005-bf22e25f0b52,31136EB7-2C0,2024-12-11,15709.11,ESTORNO,59127643000143,True,ATM
b8df4496-17a9-406d-aba4-f31918768255,AA6CEEAB-73E,2023-01-13,13355.15,SAQUE,80921453000190,False,INTERNET
fbd286d5-68cc-4baa-9920-9475c4f37fe1,44B3AF71-B17,2023-12-13,15202.6,COMPRA,41690573000171,False,ATM
eb969ba6-a8d5-4259-9bbf-77808e17f749,E662F78E-F5A,2024-03-23,7063.19,ESTORNO,98015637000156,False,INTERNET
a68fdb97-1a6f-494d-b8b6-01bffa376876,7639FA4E-AC0,2023-12-17,18059.79,ESTORNO,10536249000170,False,INTERNET
845f7d09-c425-4ff8-9d50-648f4737137a,16400795-2FA,2023-07-14,1388.76,PAGAMENTO_BOLETO,06843715000192,False,AGENCIA
d2c1ff92-3506-4553-95e3-21459db142f6,74B02BC8-DCD,2023-01-22,6592.28,PAGAMENTO_BOLETO,84637291000113,False,APP
b75f5f7d-4296-4c6c-b24c-200e49fbc138,99CABE86-ED6,2024-03-18,19052.53,PIX,64357280000172,False,POS
875b18df-955b-4d2b-9635-150d18fdcf28,FD9A1E32-477,2023-02-13,13960.39,PAGAMENTO_BOLETO,80547192000190,False,APP
7ea728d5-b93c-40f7-9169-9b5a1331438d,FFF6364E-7EC,2024-09-21,14987.73,COMPRA,23154678000124,False,AGENCIA
137bfb73-056b-4bfc-88db-4a4b74ec22c5,1A30D958-94C,2023-03-22,21641.52,COMPRA,92645381000184,False,INTERNET
3e217778-ebbd-4c1a-ad1f-64dd68133ee0,4A0B647D-626,2024-01-23,20269.21,COMPRA,62531784000131,False,POS
e8f739a1-ffb5-4e6b-9e5a-2156ad6e1f6f,38F3F705-976,2023-12-13,6893.01,PAGAMENTO_BOLETO,57231840000182,False,INTERNET
e188e9b0-2ea4-40e0-8b3a-d8a6a18eeca3,B6ED174C-688,2023-09-04,20008.86,SAQUE,69271035000161,False,APP
15c83846-4c41-45ee-9d9b-de960a345b65,E31DFBA2-920,2024-02-17,14850.6,COMPRA,13584692000104,False,ATM
36740a96-34d7-49d7-86ca-eb68d2b8982b,7BD46AE5-E87,2024-11-19,19968.31,SAQUE,30476912000103,False,AGENCIA
fb8562b3-21ff-4d3a-ae47-e0d8c5d1c693,EF45BFF5-C97,2024-04-26,5648.42,ESTORNO,75168439000127,True,ATM
90175deb-d132-4811-88d3-033db71a584e,636B4BA8-11C,2024-01-08,23799.4,ESTORNO,84765213000102,False,ATM
c89308ef-b8ee-44af-8c65-4ee65539b3a5,0FBD1AA6-DE6,2023-02-28,18160.65,PAGAMENTO_BOLETO,80563972000123,False,INTERNET
c116dfda-d0b2-4292-bcc1-6543415047c3,35A02896-7AE,2023-07-21,22963.47,COMPRA,32179685000171,False,APP
ea2cd5f1-ac41-4be4-86f5-28df881b1bcc,A058926C-83A,2023-03-17,7232.95,PAGAMENTO_BOLETO,19506437000120,False,INTERNET
3b440de4-c619-4fde-8aee-3ea7d8b764d9,3B631B68-042,2024-03-07,14415.11,PIX,73518240000156,False,ATM
736f15e7-0d39-4d80-9b8c-aea1110f9f5b,5D91DA9C-862,2024-02-22,3308.06,SAQUE,06219578000110,False,POS
0b89c186-7a75-4638-a8e7-29f1bc88fdea,EEDCF728-FC1,2023-01-03,9399.11,TED,07236194000178,False,APP
c856617e-6a8a-435f-91bd-5b5802634649,4E66CE6C-035,2024-01-29,3447.99,COMPRA,34617582000171,False,AGENCIA
23f18989-690d-4a4e-a8af-c4a5f1a791c8,80A68E8C-74F,2024-01-18,412.57,PIX,13086947000109,False,ATM
686a1bd9-2da1-411e-af9a-be4b9e1f8b52,8AA370BF-9E1,2024-02-02,149.93,PAGAMENTO_BOLETO,92817643000140,False,AGENCIA
664a9b8b-793f-439f-9718-6ed832bc8eee,25057469-993,2023-02-23,23203.27,PIX,58361947000108,False,ATM
d4396d61-b512-4295-9e47-0c7bfd59b5c9,3FFFE298-DDE,2024-03-20,9896.15,COMPRA,60281459000132,False,INTERNET
c986a94c-7be7-491e-a283-3a729417bb13,5AF92A1E-13D,2024-10-18,18273.75,COMPRA,07648329000102,False,ATM
771e3785-cb80-4ca6-92df-14e91c7419f9,81EDE082-098,2023-01-09,6650.65,PAGAMENTO_BOLETO,10894725000124,False,APP
fdc41265-57b3-4a5b-a892-0ea7c82ae555,EDBD6C29-E45,2023-08-10,275.21,PAGAMENTO_BOLETO,95736128000124,False,APP
b37a57e5-0a2a-4d94-bef7-d081e48ad50a,10AEB891-6B8,2023-03-02,24710.93,ESTORNO,47162095000103,False,APP
99842c66-2a86-4408-8e3d-f9d528b0af0f,09BB85B7-1ED,2023-05-19,3580.35,COMPRA,58269730000172,False,AGENCIA
daad6d4b-435e-4411-9836-d8fa008f2031,948F4524-21A,2023-07-24,3953.25,PIX,70546913000193,False,POS
05ee366b-24cf-400b-8464-56fb05635e40,22BD1C4C-212,2024-09-03,11688.07,TED,24178693000175,False,APP
12b6aae1-ab81-4d94-ab62-01e5c4c1b23d,251CCE99-C88,2023-07-11,14362.59,PIX,32816574000129,False,POS
10bef423-49f4-4eca-8591-1a71edb68e57,77AC2E40-FE1,2024-03-16,17915.62,COMPRA,87012459000193,False,ATM
c1604c4f-c10a-4f76-a3d3-37e58bd84aaf,7AC1E55C-105,2024-05-19,8721.4,TED,24710369000156,False,AGENCIA
40625d57-7b8f-4278-9699-4b0165a20772,A8518252-638,2024-10-07,20283.29,PAGAMENTO_BOLETO,32945168000166,False,APP
c7df52b5-cbdd-40b8-8868-89dfef4a1901,5AF92A1E-13D,2024-07-24,7976.59,PAGAMENTO_BOLETO,70193456000109,False,AGENCIA
d224083b-6c56-42bc-a0e4-1a0bd4397024,B6336EE8-4B5,2023-08-19,23143.33,PAGAMENTO_BOLETO,,False,POS
24e26d95-5e5f-4d2d-8444-f2a29b20931e,C9880E55-A88,2024-07-28,408.73,COMPRA,71892436000180,False,POS
01259563-8d5a-4697-974f-59b0d515d689,EE578FE7-A6B,2024-10-06,9733.16,TED,37456920000129,False,AGENCIA
f36a188d-c314-4da3-b824-1893986fdb5d,74A565D8-F98,2023-10-17,22158.05,TED,47390165000180,False,ATM
54ff9457-28f9-412c-a64e-c76c0270b414,0CBFAB04-3D2,2023-06-21,3923.77,PAGAMENTO_BOLETO,20395478000175,False,AGENCIA
c170c426-0d1a-46a6-9765-c922f0f6adfd,86F5C4E8-CF7,2024-05-20,3736.48,PAGAMENTO_BOLETO,43720519000157,False,AGENCIA
92179ea9-f5ae-4ca0-8dd3-50501445fb46,F5FD719B-AA6,2024-01-25,17485.73,COMPRA,18362497000153,False,ATM
bc9f01e3-0c34-45e4-8479-c809b8911156,E12DEF15-767,2024-03-06,2565.07,SAQUE,80792314000103,False,ATM
fa1b876b-e081-49eb-b112-f4887530c11e,4E084081-B87,2023-01-11,763.54,TED,18429637000163,False,INTERNET
8193c303-7a50-4976-8efa-a71f295ecc95,B8E731A6-FA3,2024-02-20,18944.6,COMPRA,53720186000110,False,AGENCIA
514d37b8-2523-4ab7-9142-e6ed9c36a053,0BF06CC5-EF0,2023-03-06,19994.73,TED,61594820000143,False,APP
8db946c7-cb01-498f-a863-2bbd972c9279,7DAB133D-E7C,2023-07-23,1776.55,ESTORNO,,True,ATM
13e28c22-fb9e-4c93-aa60-f58ed3b6b49f,2C2156AE-5AC,2024-10-12,5761.14,COMPRA,62493587000175,False,APP
c5a92050-5bb9-46d2-8a31-3f6c9a1d0072,323A70E8-338,2023-02-25,7901.86,TED,67398415000136,False,POS
f1e5fc36-8f59-452e-88f5-7ebb4cce39a4,2D9B3D11-E14,2023-05-13,1547.37,SAQUE,89023645000153,False,APP
7871a253-984c-44d0-8a07-de1485c5330a,C772899A-708,2024-08-27,5230.91,TED,97341582000101,False,POS
acb3767e-bc83-4b9a-a11b-2469e77b41d3,98CE3120-308,2024-12-27,6634.81,PIX,43215798000100,False,AGENCIA
42b692d9-eb8c-4019-993a-9f354c1cb294,0C9B366A-276,2024-11-27,5346.03,TED,70341285000100,False,ATM
042edec6-bf19-4001-84cd-4dedac5ea461,7A0F5DCD-FFF,2023-11-23,14588.74,ESTORNO,49236510000151,False,POS
1f42d0df-3f42-4a6d-95c9-5f625453e20d,C5BD6B07-89E,2023-03-23,23339.5,ESTORNO,07891453000102,False,POS
301beb53-3192-4d4c-a4f5-d3849a1d2b07,5E78FBCD-353,2024-03-21,13288.63,ESTORNO,89506432000182,False,ATM
0f71718d-19dd-4007-a6c1-c0e252e326f7,1A4987AA-33B,2024-03-15,14519.04,TED,41026975000176,False,APP
8a11e81b-aac3-4337-baff-641b2deb3cd1,D24A4FC9-DA1,2023-07-19,13843.89,TED,81739264000163,False,ATM
8d824e6f-1071-4657-8575-7b5b93ff4cee,0E118CFC-032,2024-11-17,6597.18,PAGAMENTO_BOLETO,63981042000170,False,POS
6f086412-a9f5-4465-91c4-df121896eb5b,69A6713C-E7B,2024-01-19,23871.21,ESTORNO,,False,INTERNET
a2b5d45e-6e61-4067-be2d-b88a3677c10e,7EAA65AF-AB1,2024-12-11,24264.27,PIX,49501367000188,False,APP
9302c8f2-548c-42a0-b624-62037e7d1a2a,77516C0F-46C,2023-09-08,13552.21,COMPRA,38510247000120,False,APP
bdcf14b7-90da-4a8e-854f-0d4c49b02a4d,078E27EE-34F,2023-06-17,14092.2,COMPRA,25179630000104,False,ATM
ca21595f-0984-4fd7-9016-c1bc0eb2c947,886B842D-77A,2023-08-11,12222.49,SAQUE,70561938000166,False,INTERNET
b7f12b43-32e4-450a-b050-440700f7a76b,64EDC8FD-525,2024-09-10,17255.55,ESTORNO,90471325000145,False,INTERNET
e63f6f53-cda5-409f-ad33-c9353bcd60e3,03E66F3C-2F2,2024-02-19,5259.52,TED,,False,INTERNET
5e23cdd3-87a5-42ff-abb1-166a544fe125,7084F376-2CA,2023-05-17,21714.63,TED,49056378000104,False,INTERNET
e3039701-49cb-4296-aacd-e28ea4810bd2,45402DF0-9E0,2024-04-16,20387.21,PIX,57960234000106,False,POS
2a97b77b-0426-4e18-acf4-f94b234918cd,80A68E8C-74F,2023-09-22,16319.04,SAQUE,87590432000188,False,INTERNET
0f3ddcb0-4504-47fa-ad75-c299a514d2e8,C30DE8C7-AD2,2024-12-27,15549.3,SAQUE,17648390000103,False,POS
db6c9e15-7fa1-4818-8a46-5aa7a148e246,7DF9B2D8-FF5,2024-10-29,21686.85,SAQUE,91873402000156,False,INTERNET
f88ebca7-055f-4313-b71f-1796ff4afc31,4A36D91F-957,2023-01-23,17150.73,PAGAMENTO_BOLETO,62913047000101,False,APP
72d889b3-d8d0-417c-ad32-5360d5a873bb,F5FD719B-AA6,2024-09-23,1632.87,SAQUE,,False,INTERNET
3bb18f9e-4ec1-463e-91fb-7ebbe1f80cd8,2A61E4B2-58E,2023-10-28,12907.37,SAQUE,92135607000105,False,AGENCIA
7a870a6a-20de-423f-a6a3-954de946e28a,886B842D-77A,2023-03-14,12366.86,PAGAMENTO_BOLETO,53986041000165,False,INTERNET
a2022354-804b-4969-8678-601be5ef1840,91EA60A3-3ED,2023-01-10,22236.62,ESTORNO,49371528000166,False,AGENCIA
ea74f492-a866-4e37-bbe5-fa37167e19e2,046E835E-7AD,2023-12-03,21550.65,TED,50261897000185,False,INTERNET
66c450c6-c1ce-43b8-b40a-0b7bbc6cd901,C8C19B20-2A6,2023-02-28,22417.63,PIX,31975064000131,False,POS
8afc69b1-1029-4d79-a6c9-48569b64a715,38F3F705-976,2024-09-29,17243.62,COMPRA,34251689000149,False,INTERNET
bf86c132-977e-4615-b260-4063c2416950,7FAF7E9F-C9A,2023-01-04,3109.24,ESTORNO,86519432000129,False,AGENCIA
70d16041-5229-48cf-84c8-f88a27ae0254,1AF91BF9-7FB,2023-08-07,24617.06,ESTORNO,08193475000153,False,ATM
b84bef35-93f2-479b-9432-d3a101a474a2,9F74F1FC-7A4,2023-06-04,24822.39,SAQUE,18675203000143,False,ATM
93a7da8d-d5aa-4586-9b84-550ecccd8861,C8E186EC-DBD,2023-07-28,11672.35,COMPRA,85369217000126,False,POS
7bf1d28a-f3e0-43ac-b0d8-acc58528dd09,173DFEDB-CBF,2023-02-04,17496.54,PIX,39615820000123,False,AGENCIA
84c52586-fb60-4ada-abeb-cac8d6c4e433,56CA976E-B3A,2023-01-29,18253.24,PIX,06729341000189,True,POS
99860f9a-e5d5-4f17-ba53-7b1380eeb3d6,661B3DD1-56E,2023-09-01,9038.61,PIX,98516074000180,False,AGENCIA
20c20685-2db7-41e2-8473-831e47bd650a,A01C2FB8-D51,2023-06-23,15359.65,PAGAMENTO_BOLETO,53864290000188,False,AGENCIA
f93d9f0c-f895-4edf-ba0e-d82c49fbf5db,468EE996-A0E,2023-10-22,3383.1,COMPRA,48635179000180,False,APP
ce0e2747-88b9-4ac2-9670-cd28c48a369f,FD73F00B-4B6,2024-12-26,16008.37,TED,83217049000128,False,INTERNET
b84d7ed5-badc-4540-94b4-9cc4b67cb8b1,EE578FE7-A6B,2023-10-04,22445.32,COMPRA,76980451000102,False,ATM
b327afac-2ca1-42c8-8aad-7562e26e6b65,5E78FBCD-353,2024-01-11,11831.86,PAGAMENTO_BOLETO,,False,ATM
834be5e7-9eb3-44ef-893f-821578effb23,EBF50D9D-B5B,2024-01-16,10507.07,PAGAMENTO_BOLETO,32714860000183,False,ATM
f246c1d4-8cb1-4952-a021-70f28d36d3a8,7816D6AD-A99,2023-01-15,20760.42,COMPRA,17893406000143,False,ATM
fbca7608-bf43-45c2-a839-20de36e6034c,F4533B10-2DD,2024-06-04,4773.97,ESTORNO,,False,ATM
4341a0d2-ae4c-49a9-b179-b02182eef6fb,A375C4CE-4B4,2023-09-26,22076.13,PIX,47658219000146,False,AGENCIA
007b1f04-fbfd-42ad-9b2a-fcabd2ec9035,F3B3F1B7-94D,2023-10-01,14342.55,TED,42831956000185,False,POS
1d85c114-f111-4674-8f9d-cd6cdaa96506,0324B275-D9A,2024-06-19,5222.83,SAQUE,73591846000117,False,POS
23b31838-0c5d-4f3d-b3ec-e3a839e3349f,C295C13B-ADE,2024-08-11,16985.26,PAGAMENTO_BOLETO,52083469000135,False,POS
341aab5a-fc38-4064-ad3a-a32aea0c49ae,16400795-2FA,2023-09-21,19740.15,PAGAMENTO_BOLETO,24309815000115,False,POS
61a08671-bccd-4b6e-81db-bba324b40e16,7CFA2BE1-670,2024-08-26,10682.09,ESTORNO,52639180000150,False,AGENCIA
47fd80b9-1684-4522-a967-6ab4386a6e52,046E835E-7AD,2023-01-15,20346.97,TED,84056293000119,False,INTERNET
03fbe1bb-9f3a-4e83-9ba4-e127ffe3428a,ADA03EA4-F03,2024-03-02,3574.35,PIX,56431897000162,False,INTERNET
5c547cdc-e336-4c52-a4c7-e46af215e78f,E8E0C8B9-2F4,2023-08-16,3296.0,PAGAMENTO_BOLETO,57816392000189,False,ATM
a538bf11-8fdb-4165-828c-031400ec19fd,144B0E2F-BCE,2023-04-14,2537.08,SAQUE,,False,POS
0b15b583-9bcb-427f-9de1-5b177538a49f,5CC73E0E-E35,2024-06-30,17597.66,ESTORNO,95647328000100,False,APP
ee18b358-1080-47b0-9743-0c4316ae5272,ADA03EA4-F03,2023-10-23,8239.61,PAGAMENTO_BOLETO,18279506000147,False,INTERNET
a0074e58-b86b-4700-a270-b49d1739befd,A9E1AAAA-400,2023-01-05,6288.07,ESTORNO,89102367000120,False,ATM
f1d7a049-36e2-4eb2-8b1d-bc7f4320dd8a,BAB3723E-2CC,2024-12-16,10924.28,SAQUE,,False,INTERNET
2c8350f4-ec43-45e1-88c5-4bc3372b180a,EEDCF728-FC1,2024-06-27,20415.79,ESTORNO,52964387000108,False,ATM
8b79deec-3e38-481d-b70b-86698d46810d,86B0D8B7-B87,2024-10-14,7505.33,SAQUE,30184569000115,False,ATM
0549f964-e635-4b67-8de5-776270d824ef,84BE2048-B44,2024-12-13,18663.46,PIX,03714965000134,False,POS
d4968d0e-0e2f-4df7-8a1e-59337ddb791f,D92FA23B-86A,2024-06-22,19359.12,SAQUE,54896017000106,False,INTERNET
34fb8dcd-dee5-418f-a501-5447d9d33097,77AC2E40-FE1,2024-06-22,5126.93,ESTORNO,10682459000176,False,ATM
519c54ab-d4c4-4e90-b9d0-42ba7100cba8,AC067E59-F7A,2024-11-04,1446.63,PAGAMENTO_BOLETO,18592437000127,False,AGENCIA
ce5cdd64-da03-4600-8bf3-ee42f56f3f80,B9051391-3D6,2024-06-18,1686.21,COMPRA,47018523000129,False,APP
e9283651-986a-43af-a189-8a4d9a582a39,C740ABC6-A5F,2023-07-24,24686.26,ESTORNO,30489715000110,False,POS
10943949-be76-4e7c-b434-abd73be5a42f,7FAF7E9F-C9A,2024-02-15,16061.38,TED,46571293000168,False,POS
e6dc21ae-9de1-41d1-9253-4a5b64c77adc,91EA60A3-3ED,2023-10-05,14987.06,PIX,49801763000120,True,AGENCIA
d1409fb7-6969-4ec1-ab92-e3129ded7161,EEDCF728-FC1,2024-12-04,12883.57,PIX,28701694000103,False,POS
715377be-9d20-4895-aa1e-d6076dae9b94,03E66F3C-2F2,2024-02-01,19376.45,SAQUE,98132506000159,False,POS
7262304e-bc86-4fe5-8bbc-a1c1ed36d0f3,0614C514-D4D,2023-01-04,6037.18,PAGAMENTO_BOLETO,82605174000142,False,ATM
28521023-b0dc-41ac-9837-7d6a7ddaca6e,24DCC018-1D2,2024-02-09,3855.4,COMPRA,18526439000118,False,POS
e0076a80-03d7-4c6a-81c4-f748a896e1d6,C114BDE8-C44,2023-05-25,1485.26,PIX,23596740000138,False,ATM
7f3899dc-e03f-43c1-95ac-176741a608e1,C9880E55-A88,2023-04-12,3311.51,PIX,94850716000121,False,AGENCIA
688eb63a-c1aa-4966-82cb-0e4edb1064fa,44C330D3-871,2024-12-01,18311.77,PAGAMENTO_BOLETO,10476352000171,False,AGENCIA
9a0a6419-b87d-4c37-8402-a51b7cf1c480,D227E376-216,2024-11-12,8264.6,PAGAMENTO_BOLETO,69435027000103,False,AGENCIA
efd95246-92b3-47a9-bd27-a06930992727,A375C4CE-4B4,2024-01-03,8195.47,PIX,42093715000186,False,INTERNET
0b92e482-92d6-4b41-a26a-becc26dc6904,F794734A-1B6,2024-03-17,6370.26,TED,60931428000180,True,APP
8672b619-fd13-4697-870f-cf78d9aa024b,0FBD1AA6-DE6,2024-04-02,9661.29,TED,98715342000192,False,ATM
4d460533-55c0-4ff2-b0ce-67dc713a2954,EE142379-B1C,2023-05-16,20209.2,TED,80924371000107,False,AGENCIA
0c9690dd-cb32-495c-8f79-c895b2fccc9b,7816D6AD-A99,2024-01-27,1783.67,TED,72068341000100,False,APP
d4c9ec35-0385-4795-b30b-1dd34903901c,654D0B25-1AD,2023-09-20,3848.93,TED,27680195000114,False,POS
91d753f1-f9d2-463b-9a81-e1669cf3a28c,4CF63C33-8B4,2024-04-28,14718.83,TED,45980671000102,True,INTERNET
ee454e8a-d90a-4af7-aedd-d6e880a1ec08,721C6DFC-E9A,2024-02-21,5040.97,PAGAMENTO_BOLETO,13925064000145,False,APP
0cba4ae9-779b-4357-94ed-da23e0cac634,E259B9A7-52D,2023-08-27,12814.7,TED,12806537000122,False,APP
a525b92a-2d3e-4ea4-8494-db53c8e50ee5,FD59E15D-028,2024-04-08,18255.15,COMPRA,40137259000101,False,ATM
2bb11dfc-7990-45e1-bc7f-2ec1fc5d4187,CC36533E-CCF,2024-09-29,4850.86,TED,83704612000192,False,AGENCIA
996a2167-5bf4-4e42-922e-7455352d069a,D150228C-8D2,2023-08-06,3848.34,PAGAMENTO_BOLETO,29058376000139,False,APP
8776eb10-a7ce-433e-9d83-24a521c7a6ff,A4BCE2C0-28C,2024-12-11,4335.2,TED,08951723000188,False,POS
0959ddc0-50b9-40cd-b1c4-e4f8b6fab300,35CA54D5-CC7,2024-07-01,15287.17,SAQUE,09362475000100,True,POS
243379c8-90e5-43c3-89f3-97a4999ffd78,28698B0D-BBF,2023-10-12,19421.81,ESTORNO,82693074000115,False,AGENCIA
0c0477f7-8c22-4b56-98bf-7acd08e26e01,F50D406B-1E1,2023-01-13,16699.83,PAGAMENTO_BOLETO,08712654000150,False,APP
36987e34-8d3a-4d1e-8ac4-4b62436f5ef2,4FFE1A1B-0BD,2024-05-02,20592.08,PAGAMENTO_BOLETO,,False,POS
cb2e574d-0807-4dd7-a764-09a4492b9ed3,6A697530-BE2,2023-05-19,21941.18,TED,26415307000147,False,INTERNET
a95b906e-1c04-4419-96a0-6af84054cbda,654D0B25-1AD,2023-04-23,13881.63,SAQUE,85740623000153,False,POS
bd3e498d-5e76-43bf-9e1a-0a58e6f3fe7e,FD59E15D-028,2023-01-14,6758.64,TED,64850392000160,False,APP
9839df39-2e58-4140-b8e9-bec86d195833,661B3DD1-56E,2023-12-29,11601.77,PIX,32580146000140,False,ATM
644cd744-6453-489d-bbd8-3f50598bbdfe,468EE996-A0E,2024-06-05,7479.93,COMPRA,,False,ATM
60c251aa-47d0-481e-8f6e-efc578e0f191,44C330D3-871,2023-08-17,16006.03,PAGAMENTO_BOLETO,07193584000108,False,APP
72bb1a4c-4f72-4a65-b881-346f0f63c90e,F3B3F1B7-94D,2024-08-21,22206.95,ESTORNO,78541026000134,False,APP
6d4c2d76-5d14-46ca-8c8c-62e41c76ff24,5C54E11A-357,2024-03-18,3510.19,COMPRA,56201934000146,False,POS
d898fa5f-be30-4074-9fc5-2c1a1ebecf1e,C9880E55-A88,2023-05-31,6275.49,ESTORNO,48520691000180,False,APP
2b8dea4b-80e2-44b9-abb7-bacf00497d73,1A30D958-94C,2023-04-03,20036.07,TED,23751406000101,False,POS
4a0eb9eb-2828-44ac-828c-dd99edee79c6,C35E30C6-DA2,2023-05-24,24373.97,TED,76514380000144,False,POS
b794c614-f6ac-49a7-a2f2-b41a2f9854e4,8B64957B-8E8,2023-01-18,21038.53,PIX,26805947000163,False,AGENCIA
6b3fd6c8-7d3b-4c0c-9da3-dbfd43c2b953,C5706DAE-322,2023-08-21,3840.39,COMPRA,43268710000100,False,ATM
d5635f28-580b-43a0-a6b8-f92e272bee0e,10A1A630-BD3,2024-04-27,16625.2,TED,,False,ATM
022afa56-dee8-4e5f-85df-60516d076628,A5A763A3-388,2024-01-10,9065.31,COMPRA,01654283000158,False,APP
ef9d3aa0-2644-4564-aa9c-11ef7de25c56,5DD1048D-E91,2024-03-11,12837.86,ESTORNO,80479512000111,False,POS
81c6dbf0-ce14-4171-ae1c-3b9c9a6f4c33,0F57FE56-6BC,2023-07-26,18041.28,COMPRA,12748036000137,False,INTERNET
052eea03-084d-41cd-a561-4cc0832e82f3,ADC4DA55-D38,2023-11-24,20977.72,ESTORNO,39027641000175,False,ATM
f78a8b87-355e-4a9c-9452-e7c09c8211db,C63450B8-AA6,2023-10-11,17408.74,COMPRA,97205683000155,False,INTERNET
810c832d-d3a8-49fa-a6a2-6d0f43630806,C5BD6B07-89E,2023-08-14,6118.45,SAQUE,57402318000116,False,ATM
b8dd1308-c53b-4064-9935-e4b8503a3501,54806BE5-C68,2024-10-20,779.65,TED,13627584000171,False,ATM
6f0cf0b5-5df9-4e91-9975-10e541169b6a,A9E1AAAA-400,2023-10-14,17911.21,SAQUE,07134968000150,False,ATM
21d90959-ae0b-487e-903a-250ef1ade244,DD97DE70-32A,2024-06-12,7314.45,SAQUE,46750832000126,False,ATM
d09b3c54-03e6-46b2-816b-14046a416084,A68A3725-39A,2023-01-03,4812.96,PIX,43215769000130,False,POS
83bf4a97-c3ed-46ce-a62c-ca0085ebe6c2,6A697530-BE2,2024-10-19,5342.09,ESTORNO,38021974000124,False,APP
7abf3a72-56df-4615-8b08-eacfc6e3112e,81DC05A8-F89,2024-06-26,24543.18,COMPRA,84361729000183,False,POS
f0df48bd-ece4-4969-aaf7-1526e63dde7e,4897640C-8B6,2023-05-31,3740.81,PIX,95301768000101,False,AGENCIA
9ba49e3c-9759-4117-9c9e-337e6b295e79,0B8F7D40-3AA,2024-02-29,14078.82,PAGAMENTO_BOLETO,04192578000148,False,APP
a98c5e61-ccfb-416c-9339-221077a0c9b1,039CE822-578,2023-06-06,23339.2,SAQUE,82456193000154,False,INTERNET
7f09298c-2afb-4485-9760-f40552ab06fb,2711E010-E9E,2024-04-30,5502.76,COMPRA,45198672000191,False,POS
f42bc8ee-9bb1-44ab-a14a-008b1da8da33,2C169E65-15D,2023-01-28,23646.08,SAQUE,10452796000177,False,INTERNET
5a83dc33-01ee-4158-a6b1-074e6a6f2543,83F94C20-E3E,2024-08-09,11788.95,COMPRA,,True,ATM
d1590c13-b203-4f71-a224-39fd21f1bad2,EB92AE65-7C0,2023-10-07,7909.99,ESTORNO,,False,ATM
6ddaaa7e-7b8b-4101-ac20-7340450f7bd3,3FFFE298-DDE,2024-07-19,1392.14,TED,37452860000176,False,ATM
4814cad5-ddf1-42a7-a509-c66f92e820c6,2FBD2ECF-0B4,2024-12-21,14523.75,TED,54098167000166,False,ATM
be4bab3d-c96a-472b-8a8c-a3a930a77888,21DA41D2-2B6,2023-11-18,10518.85,TED,45932708000119,False,POS
bf98478f-0c92-464e-8a42-b514ddd30617,28E5B965-1F7,2024-07-11,1936.23,PAGAMENTO_BOLETO,86734295000145,False,APP
f19f7984-0563-4f97-9d6c-fe7ffbf2311f,ED431952-B97,2023-08-04,21075.06,PIX,04267138000102,False,AGENCIA
a4f8ae6c-7f57-45d4-98a6-14b36791d316,661B3DD1-56E,2023-11-25,14580.26,PIX,61784325000105,False,POS
70c14514-02b8-4690-a222-548345c54576,2DB54680-1DA,2024-01-14,14526.4,PAGAMENTO_BOLETO,57196402000120,False,ATM
bfb28b72-6742-4ee5-90f4-e6ebaac94305,0614C514-D4D,2024-07-17,4192.46,SAQUE,26378950000148,False,POS
2dac7adf-697a-4e69-a296-9c0305766488,57023B92-B02,2024-02-25,12793.89,SAQUE,51947836000139,False,INTERNET
d2586da5-be37-41b8-bed5-867df79a31ca,08A4AF0E-B9C,2024-12-02,23987.18,PIX,31852064000144,False,INTERNET
8b3f403e-9436-4ecb-aa91-560fca4bc26d,912676CF-EE1,2024-02-13,5946.03,ESTORNO,17850963000187,False,APP
a672eac4-bc2c-4092-be39-13f0da77f73b,92A4D4BC-26C,2024-11-14,23391.45,PAGAMENTO_BOLETO,41265839000139,True,AGENCIA
fadc597f-0ef1-4cbd-8b93-3d6cdb07a780,BED680F9-6E9,2024-07-14,18456.09,PAGAMENTO_BOLETO,47139628000136,False,POS
c0fa75ae-303f-4678-bf95-2273fcd1597e,7816D6AD-A99,2024-07-06,16176.55,PAGAMENTO_BOLETO,41730896000141,False,APP
5d82b058-d0d7-4c18-b241-33338d1deeea,86669F50-F78,2023-05-18,12769.32,COMPRA,84630175000172,False,ATM
af95bf65-06c2-44a9-9c9c-45100493ee56,8D6EC28D-FB0,2024-02-16,177.56,PIX,23594108000155,False,POS
99f30a3f-67ce-436d-bb76-db3d857302c6,C30DE8C7-AD2,2023-05-02,917.64,COMPRA,14852903000105,False,INTERNET
1c583fce-b7de-46ef-82ba-91e903eba46c,349553E6-8BF,2023-05-31,5487.32,PAGAMENTO_BOLETO,50391286000151,False,ATM
02e112f7-fb9d-4281-9374-ded296f3c65d,B47A0697-1BD,2023-08-25,13832.65,SAQUE,98726410000119,False,POS
2a0319b5-90fa-4d48-b31a-762ab441a1d2,5DD1048D-E91,2024-03-23,16569.35,ESTORNO,10392746000141,False,ATM
c82adb6b-5737-4bcb-ab6b-dae991574515,BED680F9-6E9,2023-09-06,23033.12,ESTORNO,76894035000183,False,ATM
f9c34004-2c4b-4e17-8b7a-3e370f39657c,18751B58-061,2024-04-16,12271.51,PAGAMENTO_BOLETO,56819732000162,False,POS
4cb16a75-736b-496d-ab20-f3ddcbb1400e,A7DDF143-31A,2023-08-19,19573.84,SAQUE,62874350000134,False,ATM
0fe9a2d5-ca6d-4515-9d5b-eae4b44de4ab,A058926C-83A,2024-05-13,333.22,PIX,40698317000168,False,APP
e8b327be-1d05-482e-a85a-2d009d32c806,FE644003-AEF,2024-11-04,19148.91,SAQUE,69172304000132,False,AGENCIA
58e6295d-4d81-4001-847c-2992cdd0a67c,5FBA8E9F-F70,2023-02-13,8507.58,ESTORNO,39718045000131,False,AGENCIA
65c60018-8829-49c4-bcd7-1e49b33e8223,2CAC4900-07D,2023-02-03,11000.3,TED,78613245000181,False,APP
dc51efbe-2d00-4f57-9368-5d18f3057bea,0324B275-D9A,2024-09-24,13120.65,PAGAMENTO_BOLETO,79035281000178,False,INTERNET
e5df05f8-4199-4df6-b36c-5c35c911a43a,522BF1FE-E7B,2024-12-28,12915.18,TED,04897562000130,False,AGENCIA
a84ae53c-62f7-4a50-9e50-b52284bc5a10,3FFFE298-DDE,2024-06-05,9192.06,PAGAMENTO_BOLETO,41325780000127,False,APP
fad17db2-a395-4c68-938d-15e389bd473c,BD4C8EFB-123,2023-11-12,7785.12,PIX,94578362000108,False,APP
6553f01d-751c-4443-b5d0-ba3597596661,BCAAC3C5-495,2023-08-21,18813.94,ESTORNO,38052416000126,False,APP
08a9cc14-a340-4784-837c-8bd8ba16568e,4B76322B-DD8,2024-07-02,4962.5,PIX,32985407000101,False,ATM
0dfb0766-282e-4fb8-add0-59b2b5ab92f7,D1F73E4C-828,2024-06-30,20478.66,PAGAMENTO_BOLETO,41073826000168,False,APP
bdd14761-c4ef-47ed-be81-0a86b5aed166,25057469-993,2024-03-24,14570.11,PIX,16783250000185,False,POS
0a88f588-9ece-4836-8f24-f2b23fc1c5ba,ABD174D3-4B9,2023-05-26,1337.34,SAQUE,49312687000190,False,AGENCIA
2b3cedfc-966e-475d-9bef-76ab9ccf56cb,A01C2FB8-D51,2024-10-04,20107.71,TED,60481327000154,False,POS
2d52cc3e-778c-4d76-8f10-09c3b8c7c2bb,5CC73E0E-E35,2024-02-26,7299.13,PIX,27854093000178,False,AGENCIA
6fc93cac-0a44-4590-8548-f187456ad203,C249FDF0-34A,2023-08-26,619.96,PIX,93567142000116,False,ATM
2f3dbcec-6dc0-4c57-b665-57178d3c0d25,F794734A-1B6,2023-01-23,23844.54,COMPRA,30562478000176,False,INTERNET
4880370c-abd8-4e3b-962d-d61d71dedc57,ADA03EA4-F03,2024-05-06,15329.48,SAQUE,46372805000167,False,POS
609f63e4-8235-40cf-b274-789de8dc50b8,2B35A339-697,2023-05-02,16548.14,TED,84203975000107,False,ATM
c213b3e3-dea1-46be-82e3-13846861856c,7580BFE4-443,2024-12-24,9152.24,SAQUE,94708165000166,False,INTERNET
472ceff7-5c55-4c81-b95e-dbfe5ee99a0f,8457D42B-D59,2023-08-28,16564.17,COMPRA,,False,POS
b83d1c26-0e72-46ad-9f9e-ac7ed817ed74,546C6C49-A4C,2023-08-02,19350.92,ESTORNO,86719540000145,True,POS
3674ea6e-364d-4481-b30a-8450fb79c8cd,2DB54680-1DA,2023-12-06,20746.91,PAGAMENTO_BOLETO,83512794000108,False,AGENCIA
d912064c-28c6-4fc0-9a26-376a37fd4698,2729B304-B17,2023-08-21,16063.86,SAQUE,45306128000116,False,APP
8db4ede0-af83-4c78-85e6-451080a2db38,4B76322B-DD8,2024-01-17,9398.82,COMPRA,40729658000153,False,AGENCIA
1c2a349d-22c7-4a9b-bbe9-4f3be17dabce,96F22DE4-FEB,2024-08-20,13439.3,PIX,12675394000167,False,APP
4c7579a2-8988-4b13-a0c2-a6ecc784ad1c,EA9BFF77-087,2023-08-01,23668.44,TED,32584160000111,False,ATM
7844d8d6-94f3-4d70-ac3e-f08bbfdbed48,1A30D958-94C,2024-12-27,21164.21,TED,13276950000195,False,APP
8c9235a4-2f4a-47b2-82cd-5fbddcd20467,BF3369AC-DB8,2024-10-09,8635.4,PAGAMENTO_BOLETO,01582763000150,False,AGENCIA
c288dd63-0302-490a-a72c-6ad105c8a9da,353AF3D9-DF8,2024-10-04,16258.07,PIX,27491368000156,False,POS
0a6ea6db-bb97-47c0-92e3-e443aaf9f1b1,C740ABC6-A5F,2023-03-07,2873.94,PIX,74215906000160,True,APP
d008ecf0-2e45-4c4a-af72-b5be9c1cbd8b,CB58356F-997,2023-06-19,23707.69,COMPRA,48613207000168,False,APP
21dbed08-6be0-4591-9dad-8126fbec1568,0416F750-CE5,2024-07-19,10113.13,COMPRA,46389017000183,False,AGENCIA
77b44ca8-7b0a-4621-99fc-4ff626bc6437,92A4D4BC-26C,2023-04-12,22281.17,SAQUE,,False,AGENCIA
e891c17b-987f-4da4-8374-49d1183e0320,9851E641-9B9,2024-11-14,20944.67,PIX,71069583000155,False,APP
ce2efc85-8ab5-490e-8142-91f90e826c65,2B60D4B9-26E,2023-09-19,17631.28,PAGAMENTO_BOLETO,34782510000180,False,ATM
4f4801d5-a202-4d34-835f-3fb247c91bbc,A3F2C949-942,2023-10-22,20271.82,COMPRA,87304912000135,False,INTERNET
402ce4bf-c9c5-487b-9aa2-3d9817b99159,E31DFBA2-920,2023-05-09,14787.9,PAGAMENTO_BOLETO,,False,INTERNET
e5f96e7f-d828-44b7-804e-9e89837cffbf,058B0BD6-B39,2023-01-30,24277.38,SAQUE,47812390000168,False,AGENCIA
0ee2b8e2-95a4-4e55-8d86-81071b8b9c6d,F5FD719B-AA6,2023-01-31,24231.16,PAGAMENTO_BOLETO,85094612000143,False,POS
6c173ad2-247b-4696-8b63-fbea6fc36fce,7AC1E55C-105,2023-07-11,9612.69,COMPRA,53968170000120,False,INTERNET
c240c094-30b8-4517-84d4-fa00aaf71420,C740ABC6-A5F,2024-04-08,10391.28,PIX,84750912000170,False,ATM
9c5742c9-9a55-4f48-baac-18b586e6d07f,991A5D21-DB1,2024-02-28,24748.71,PIX,29015687000110,False,APP
62d8271d-6aac-4bc6-8159-f02d2faef39e,C44D682D-F16,2023-11-17,3490.04,ESTORNO,94605782000136,False,INTERNET
e7c2f8ff-581e-4ebb-a771-504626df679f,4F6A2E29-302,2023-02-02,6948.2,SAQUE,47386952000159,False,INTERNET
0fca71e8-b9c1-4694-a074-33fdcc26807c,4D1BC5D0-B49,2024-12-16,3342.29,SAQUE,69248073000101,False,POS
986eb442-098d-4ec1-90d4-5384f43fb812,4E084081-B87,2023-03-16,13606.13,SAQUE,86701543000151,False,ATM
8e6b45d6-962e-4de6-96c7-d1b7e7b017df,8457D42B-D59,2024-03-07,13843.84,PIX,41627095000155,False,APP
0c928663-60fe-4446-a941-21e2d3819904,5971DF51-8BD,2024-04-08,2346.04,PAGAMENTO_BOLETO,52138047000110,False,INTERNET
a80d7604-2f37-4911-8dd7-ef464a823256,FD59E15D-028,2023-10-10,15892.16,PIX,63428175000114,False,AGENCIA
f28a7efe-d3f1-46c7-94f8-e96961461c45,5E488BA7-196,2023-06-18,674.0,SAQUE,79608513000130,False,AGENCIA
dfe86a72-a64c-4104-9ef0-c8ae67f39c9c,413F0122-F95,2023-11-08,1568.08,PIX,53102896000186,False,ATM
64b09056-dbe9-4b05-bd27-6fc2661ae88b,D24A4FC9-DA1,2023-05-24,22042.23,PIX,18079634000147,False,APP
c4ad2615-cba8-4c8a-b6ae-b969a0a2e95e,CF53050A-B5E,2023-09-10,13740.31,PIX,69281057000102,False,ATM
786ac8ae-e715-4dbb-8e82-1d2e52666c0b,A6FF8450-CCF,2024-08-04,5455.8,PAGAMENTO_BOLETO,67421890000186,False,AGENCIA
ef32535b-a11c-4f44-88b3-b16b3d55a13f,327F6DB6-ACE,2024-10-20,18377.0,PIX,53867490000194,False,AGENCIA
9d5c2b70-932e-4d6b-9685-cee6d572be66,7816D6AD-A99,2023-06-11,8901.34,ESTORNO,63592804000147,False,ATM
f5c3ddd8-0962-4d6a-86b3-aa4375c02795,810123B4-A21,2023-09-27,9391.66,COMPRA,20843675000100,False,APP
074217b3-5c28-45db-99fb-6ba3640e564f,929FD3F7-A7D,2024-07-14,659.61,TED,12589604000102,True,INTERNET
3b890556-27e8-429b-90c6-19b617724b57,D24A4FC9-DA1,2023-12-09,18574.16,TED,06578123000190,False,INTERNET
a0fca4ba-e246-458b-be98-608c5bce367d,468EE996-A0E,2023-10-05,20793.84,TED,41605739000104,False,AGENCIA
bdc8885c-af71-4781-912c-29d62ccad65f,8C79BCD7-7EF,2024-02-13,21875.31,PIX,37064981000140,False,POS
0d26e2f1-4329-455e-9837-f82d9cfac114,468EE996-A0E,2023-08-23,22765.26,PAGAMENTO_BOLETO,12576830000140,True,ATM
fd1a4c11-3f45-45f2-8c9e-2253c240bc45,5DD1048D-E91,2023-08-28,18876.07,COMPRA,87961540000110,False,AGENCIA
7524fd2f-d87e-4edd-88c4-88172415ea58,109A4E7A-4FD,2024-12-13,6900.92,COMPRA,71653082000111,False,ATM
c930a3a5-cc43-493d-b2bd-b49e717975b7,044FA7EF-F52,2023-07-22,7311.33,SAQUE,59286307000143,False,APP
a34bb7a3-bf13-4e81-884f-9fdf19ccacdd,AB6563DA-6A8,2024-08-25,6518.97,PIX,69045173000122,False,ATM
e99ac797-ef44-4317-b72f-95c2427fd45c,0F8DC42A-25D,2023-11-21,14741.75,SAQUE,09476183000190,False,APP
57c3d60a-2245-434f-b417-cff930cc4e6f,2CAC4900-07D,2024-08-20,7238.9,TED,12795846000144,False,ATM
8daa8e96-4ecc-41a5-99a6-58ea448c7397,2B60D4B9-26E,2024-03-21,12389.43,PIX,57190324000157,False,INTERNET
00f56af3-c789-4b3d-9905-99518014dfc6,E4E9CA3C-E10,2024-06-25,1295.61,TED,95278304000121,False,APP
2321428f-8b73-4d66-ae21-2314cbaa717c,1E955005-BFF,2024-12-14,2498.98,PAGAMENTO_BOLETO,61284359000122,False,INTERNET
3fb86580-1728-4642-bfaf-d9e951990dc5,03E66F3C-2F2,2023-07-31,2145.72,PAGAMENTO_BOLETO,90364582000188,False,APP
dd8ce75b-406d-4adb-8ef4-e2fa64da9110,AE382915-D6B,2023-09-14,23458.06,SAQUE,38654217000198,False,POS
98141c3d-2458-4e40-b6d9-a598cac522b1,49B5579D-DD1,2024-10-08,10314.7,COMPRA,17203465000142,False,APP
58107ad5-874b-4d15-a520-4562502915b9,FD73F00B-4B6,2024-07-15,12147.9,COMPRA,94872036000109,False,APP
ef958415-9f26-4d10-b4f2-5a54b18529b3,FC6A6BD1-6AD,2024-11-18,1134.86,PIX,07956831000180,False,AGENCIA
604bdc8d-75f5-49a2-b1b8-dee674e384a6,AC067E59-F7A,2023-05-12,10581.98,TED,94725061000160,False,APP
ab5de00d-c209-4878-8fee-0fd562e26a95,273D2AC9-74D,2024-07-15,10164.54,ESTORNO,79620831000116,False,INTERNET
f9bde090-1850-490c-835f-bc5b0b4fe106,A4BCE2C0-28C,2024-08-15,21593.33,ESTORNO,28791450000169,False,APP
7a84ec87-aacf-4673-8fe3-b12c864256e3,3C931862-439,2023-09-27,9308.13,SAQUE,81470532000194,False,INTERNET
8532a80e-9997-4b3f-8747-b46fc087f65a,97A09BEB-8A7,2023-02-04,307.42,COMPRA,35801642000174,False,APP
38f8190f-7eac-4ebe-b6a2-78bae7bfe275,09BB85B7-1ED,2024-05-29,4626.71,PIX,25193608000100,False,AGENCIA
5d837347-08bb-4515-97ca-e26e9f7897f3,929FD3F7-A7D,2023-01-20,22748.98,ESTORNO,02891476000195,False,INTERNET
0a90aa08-0f1f-4731-a9ca-709a0685ba77,2D9B3D11-E14,2023-04-08,4206.24,COMPRA,31984567000173,False,INTERNET
0be41f63-7782-4b38-82f5-82f72751890d,B6336EE8-4B5,2024-02-23,684.17,PIX,81945032000161,True,AGENCIA
05069107-17b1-4480-85b0-9fd1634c5675,E5193D6C-56B,2023-11-24,1886.08,ESTORNO,21397865000103,False,INTERNET
38917938-b8a0-46bc-be1b-0260855be5a2,8C0DBA81-09A,2024-02-16,478.8,PIX,61704953000125,False,INTERNET
70a29d17-06d6-4035-9386-e83934af445b,75AC01D9-491,2024-06-15,21220.34,SAQUE,53674890000183,False,INTERNET
88d6e316-2f1f-47db-8280-dbce12bbcb23,7DBFC6AA-4C2,2023-02-02,6947.97,TED,57860912000150,False,POS
fdaf8fba-64a8-4461-b769-915b05c98fb2,0176BD48-34F,2024-11-11,3263.6,SAQUE,51732469000156,False,ATM
1b5ba399-e331-4b08-8893-f3c45c17484d,0E118CFC-032,2023-01-29,3497.24,COMPRA,34291705000127,False,POS
ccb3d003-916f-4653-aaf9-56d98de83d55,327F6DB6-ACE,2023-03-19,18938.07,COMPRA,25097381000108,False,AGENCIA
6c5d6f2e-4b6c-450d-b1b1-bcef6e782713,73BF65C6-E44,2023-08-03,13355.33,SAQUE,20591867000176,False,INTERNET
42b93dac-eb3d-4291-bde4-5d2680ced79a,0107AE02-450,2023-06-28,5696.78,TED,05947862000140,False,ATM
0bd3a4d3-0198-4fb7-8e4a-f4623a270830,2D9B3D11-E14,2023-04-30,23883.99,SAQUE,81046253000106,False,POS
806b5c1f-3391-477b-8d18-c97ae9f439de,413F0122-F95,2024-02-26,6355.19,ESTORNO,26591403000146,False,INTERNET
9cfafb06-e2c7-40b7-a52e-4fa83c2b61b7,EF45BFF5-C97,2023-07-10,5415.63,PAGAMENTO_BOLETO,63490581000107,False,AGENCIA
43f28911-e179-4aa2-bace-93555c580281,0324B275-D9A,2024-03-14,15235.88,COMPRA,26941850000188,False,POS
2e0e9dde-4cc1-429b-ae23-7da89c35bf47,98CE3120-308,2024-03-15,12800.7,SAQUE,32451906000119,False,APP
4e58ba7b-123c-4aa0-818f-eee0893b2284,689DD5BE-828,2024-08-20,18242.47,TED,80367942000141,False,ATM
c5a8974a-24e4-41d2-8b26-e1544be204eb,FF349B78-3CC,2024-04-29,15916.98,ESTORNO,14035286000155,False,INTERNET
34397253-99c7-47c8-bd08-b81ca8ec83c6,CEA6CF1B-E86,2024-08-09,6919.28,PAGAMENTO_BOLETO,40936571000157,False,AGENCIA
fa18e2d0-d900-4db5-8189-fc1639102002,49B5579D-DD1,2024-04-28,4434.91,SAQUE,85497630000176,False,APP
35e20323-40b2-471e-bce5-2bbc4258b9ba,E8E0C8B9-2F4,2023-07-01,8366.21,PIX,13524607000112,False,ATM
7f3b9993-6343-4fec-bba5-198f89bc173e,273D2AC9-74D,2023-12-07,9274.1,PAGAMENTO_BOLETO,51362049000125,False,AGENCIA
19657267-da82-4fce-a7de-135d456e1687,AA6CEEAB-73E,2024-02-04,12198.9,SAQUE,,False,INTERNET
6f628cf9-d748-442a-aad4-e57eb16b70f6,5240756B-441,2024-06-07,21808.63,COMPRA,65490123000101,False,ATM
36e2de4a-a140-4d41-9aca-4187830721ec,865C9704-62A,2023-04-18,10413.1,TED,31526078000178,False,AGENCIA
3374fb96-f38e-4ce5-9dc4-2f42e164d255,F2A095CE-DA8,2024-02-19,5480.56,PAGAMENTO_BOLETO,84175906000137,False,INTERNET
bbc21496-da99-4425-b950-ef806fcbd5a5,14679473-AD7,2024-03-28,7214.66,TED,53760198000178,False,ATM
3a421f26-1858-4fca-bd99-296e3b1b5fad,09BB85B7-1ED,2023-11-22,10858.4,ESTORNO,90683475000112,False,INTERNET
42d0804e-f62e-43ce-b8c0-728984013664,BC2C7433-3A8,2024-12-16,14030.48,ESTORNO,21604538000185,False,ATM
b146aca8-4c37-4214-aeb8-92825b8eed16,E3CED293-917,2024-10-11,3183.35,PAGAMENTO_BOLETO,,False,AGENCIA
acce26d2-7a5e-410d-aa9e-11ccb22ed121,C993848E-3C0,2023-06-07,18698.82,TED,67498103000102,False,ATM
8002023a-a191-4397-bfda-828c8c417b36,09799B2B-9A9,2024-08-29,12347.11,SAQUE,43869072000182,False,AGENCIA
5a24b1ed-b655-4bbd-9156-492b095d5ca2,9160A6A3-483,2023-06-10,11871.31,ESTORNO,28496705000160,False,ATM
724be5f8-9e93-4d0d-b81f-4396e27f925c,115FB762-6F5,2024-10-02,23772.63,PAGAMENTO_BOLETO,,False,AGENCIA
863fd50b-3cad-407d-92eb-a09a8db948bd,306FDC2D-E8B,2024-11-06,6787.43,TED,36150827000129,False,AGENCIA
f031f402-448f-4d63-8de1-04b98f1bcb41,69A6713C-E7B,2024-03-15,12506.03,SAQUE,14726395000119,False,APP
f89d55b2-b6cd-4766-8307-636d0b1ae5ee,6A697530-BE2,2023-04-14,10324.85,PIX,19243708000100,False,INTERNET
3ce29595-5328-4231-8a38-c88fd5bef683,09BB85B7-1ED,2024-04-26,7401.93,PAGAMENTO_BOLETO,72380195000153,False,POS
716ca0ad-a9ac-4cba-9dc7-cbcb5f235d33,F91ABBD1-703,2024-07-13,15211.05,ESTORNO,04271935000163,False,APP
ffd42278-4cbf-4479-9eb2-dc3186dffadb,7DF9B2D8-FF5,2023-08-18,8863.08,ESTORNO,85629147000106,False,APP
11d6ee47-4b50-4e9a-aeb3-f43d11f60896,0C9B366A-276,2024-06-11,2539.0,ESTORNO,72516043000135,False,ATM
f2850746-c36b-4b93-8e6f-ee44d8712ee7,1CD46E52-C53,2023-09-08,2210.98,COMPRA,14970385000124,False,INTERNET
4142eb94-719d-472d-bd09-6360949ea965,8F5206C1-DA7,2024-01-24,11850.38,COMPRA,52739846000141,False,INTERNET
966067f3-e8fc-4906-ad58-28995f0168f5,C35E30C6-DA2,2023-01-05,19375.73,COMPRA,91453620000131,False,POS
ec1f1499-233b-4ad9-87d9-6ade99cac179,B2EFF35A-14A,2024-05-08,10591.17,PAGAMENTO_BOLETO,61083492000110,False,APP
3291ae77-6be8-42e5-9885-8541131bdd5b,306FDC2D-E8B,2023-05-24,13898.96,PIX,17206435000190,False,POS
fddf8bee-c5ad-418e-88b7-1a33455b63ca,5B6A1714-AD9,2023-05-15,5201.35,COMPRA,,False,ATM
d8bdcc84-708e-421e-9f93-5f17e62dbccd,C63450B8-AA6,2024-08-29,19594.18,TED,61489523000138,False,ATM
820401b1-e7bb-4c2a-8c82-e4721863e0bd,886B842D-77A,2023-11-28,9922.42,ESTORNO,79640835000166,False,INTERNET
27ccb276-e071-4235-861d-cb0d8d9ad739,4C1F7B4A-B5B,2024-10-10,18717.01,SAQUE,26387945000100,False,AGENCIA
2849bf0f-e4cf-4932-8287-cb1435e8a5da,FD9A1E32-477,2024-02-20,8612.8,SAQUE,71453269000171,False,INTERNET
a704beaf-a382-425b-8d97-a21ef9727c30,C114BDE8-C44,2024-04-16,14946.8,SAQUE,13574082000120,False,POS
1bc90fa1-772b-41ae-a309-e7d43c612ed9,6DB4C648-BEB,2024-08-25,21514.57,ESTORNO,,False,APP
eada4c00-877b-4006-ab14-d0ae2d52abce,866EE7CF-8C8,2024-08-09,5381.97,TED,12758469000173,False,APP
47e80663-77a1-4898-86cf-6d697e033cb0,08CEE419-9B7,2023-04-23,24836.91,SAQUE,26078413000182,False,ATM
67eac629-25b7-4655-a3dc-de6e0b13d3bf,76B25783-839,2024-08-03,17965.55,PIX,35149627000193,False,ATM
186b7090-6c13-40d6-a463-dbb51f529776,14E1B123-5B6,2024-11-19,11288.27,COMPRA,87631492000100,False,POS
afe3e211-db11-4159-9922-2e58d2982150,A01C2FB8-D51,2023-12-03,5606.07,SAQUE,50627134000105,False,APP
62829032-5c26-4ed8-b1eb-3cc17b5e03c2,7A66EA00-90B,2024-02-03,2623.32,COMPRA,,False,POS
07348dd3-02ea-4bb9-b048-1211f70b5733,99CABE86-ED6,2024-02-15,689.96,ESTORNO,19783605000124,False,POS
21a4b0e4-be69-461e-8eb6-128f1b330354,18751B58-061,2024-08-22,6803.81,COMPRA,15283064000114,False,APP
b7adf957-6d4b-449e-a466-ab6d3bbcfb4f,F3B3F1B7-94D,2023-08-26,4868.39,TED,27491086000159,False,INTERNET
092e7c09-2d8a-4e7f-89d5-3dddaeb26b1f,22BD1C4C-212,2024-11-12,11906.74,PIX,39741082000160,False,INTERNET
7a5ad7fc-5505-485c-a474-a13585725482,44C330D3-871,2023-10-08,23925.0,PAGAMENTO_BOLETO,09143278000192,False,AGENCIA
6ed55841-c095-49d5-a352-83987dd0de07,0D37C3D3-D96,2024-07-30,1141.19,PAGAMENTO_BOLETO,80352971000130,False,AGENCIA
d0f8cc25-7bf2-468e-9ce7-5863b13cdbf5,436D7E4D-B9C,2023-03-05,2216.64,COMPRA,67589241000199,False,ATM
570d2af3-f957-4fd8-aaa5-f1e613dd1da3,10A4E341-32F,2023-02-08,15012.98,COMPRA,59624871000129,False,POS
fbe01203-d613-4e81-8b38-b93a88309cdc,347A3AEE-93F,2024-02-15,2279.89,COMPRA,68273904000124,False,POS
435b633b-4e8c-4468-abce-7c3712c412ca,944E631F-2D1,2024-08-27,16361.84,ESTORNO,28035479000110,False,APP
02745e18-8077-4aa2-b3c5-1d4f9f7c71f3,014D8288-A6C,2023-11-16,1190.44,ESTORNO,14325098000161,False,INTERNET
a878573f-f9c7-48b7-90f1-99ba50a77dd0,589CC97B-0AC,2023-02-09,22340.96,SAQUE,69718352000183,False,ATM
3430ed32-14ec-4be1-a962-dfabd1e85f91,991A5D21-DB1,2023-05-02,21330.62,PIX,27193406000194,False,APP
551d13f3-5db6-4d28-86ee-3f58f2614cce,D227E376-216,2023-03-16,18700.12,PAGAMENTO_BOLETO,67419835000151,False,INTERNET
e30aa5be-e5fe-49dd-a867-accd9dfc1e29,54806BE5-C68,2023-05-05,7300.51,SAQUE,32758609000110,False,AGENCIA
9973d23e-a8e5-40f7-a374-f749f0dc3495,5E488BA7-196,2023-09-25,7560.13,SAQUE,51406289000184,False,INTERNET
72101cbf-f541-46c1-974d-511cfdbddfaa,0C7C3C64-67D,2023-03-18,7982.31,PIX,57209648000190,False,ATM
a4f47d4b-1d50-453c-b471-224d9589be6f,4440E697-750,2024-11-18,14137.51,COMPRA,,False,POS
d395629c-b744-459a-8356-89966393e206,1A43BEF3-AE4,2024-07-10,2493.58,PIX,26104573000159,False,AGENCIA
7ba5f6ff-fca2-4a87-b86d-906e63efa00b,E4E9CA3C-E10,2023-04-12,19680.43,ESTORNO,94658102000142,False,ATM
9040f3b0-7722-4941-bfb8-1bc3b4441cad,B7E52FE0-AA0,2023-05-19,2901.48,ESTORNO,53984210000128,False,AGENCIA
6a7d9ec5-e839-4043-97dc-ff735d12a4c7,19A6BA77-888,2023-01-17,23155.68,SAQUE,78435106000105,False,ATM
f2029e91-48cd-4a87-9d7a-03cc92ea5895,5C54E11A-357,2023-01-05,16725.67,SAQUE,02965137000106,False,POS
60344098-ef60-47c3-a57c-7a85f3122e2b,4B76322B-DD8,2024-11-01,13891.8,COMPRA,63859120000169,False,APP
1ca0dcea-2401-4766-b12c-a009cd94343b,ED431952-B97,2024-06-30,3314.3,PIX,16740392000165,False,AGENCIA
52bcf167-3966-46a3-9a0b-659faed3181c,69A6713C-E7B,2024-05-11,7928.87,ESTORNO,58609137000128,False,POS
c28937a1-0d38-4597-af93-0cc7ba4a7e87,5760769F-E71,2024-03-22,5329.35,PIX,70864215000136,False,AGENCIA
02a7d917-6e4f-4a95-bf42-cf0df0cf21ad,E259B9A7-52D,2023-10-29,12272.25,PIX,89145706000155,False,APP
b6ebf4ee-81ff-4dac-a868-0d2ebfa7508f,F327EAAE-516,2023-03-23,5972.19,COMPRA,67190548000112,False,ATM
35984d4b-9e6c-49df-9a84-d9094f0bfb5d,0BE073DA-FA4,2023-04-24,7542.68,ESTORNO,32794860000130,False,APP
b4a16bee-a03a-4514-ac43-f3f51b01af71,AFBC2AF8-504,2023-10-21,19561.76,SAQUE,45190327000101,False,INTERNET
09152b32-3bef-4978-87f3-c3740aad578c,CB6D3B29-9B2,2023-10-18,2975.58,COMPRA,48317056000109,False,INTERNET
d5a352cc-8b98-4884-b172-68939aee65f8,A68A3725-39A,2023-12-10,2061.41,SAQUE,68542790000170,False,ATM
7033f00c-b014-4775-a7ad-5842754607ea,15AEB4CA-0D4,2024-03-19,14920.9,ESTORNO,48751092000178,False,APP
678ea59c-e2e2-492f-840a-5040d6c38091,046E835E-7AD,2023-09-17,10163.89,TED,82634197000185,False,AGENCIA
64b9c1c1-4ae6-4b0b-805a-f725d5194cc4,C993848E-3C0,2024-11-02,4388.75,PIX,,False,APP
0b203efe-788a-4173-bdcb-30d7a2367c9e,20E0155F-099,2024-10-10,51.91,TED,08576394000132,False,APP
f81e25db-f0ee-4f92-95e9-b2c4e7a8e1a5,8B64957B-8E8,2024-04-22,23356.03,PAGAMENTO_BOLETO,78291046000102,False,POS
562feedd-7d4e-4852-806e-110789c7be82,ABD174D3-4B9,2024-06-22,6899.02,TED,93568140000141,False,POS
dc574212-78e6-4774-91ac-1b20206c49d5,08A4AF0E-B9C,2024-08-06,7059.24,PAGAMENTO_BOLETO,57642198000124,False,APP
71e7daf4-0551-4079-b252-eab1b485e351,2DB54680-1DA,2023-04-19,767.09,PAGAMENTO_BOLETO,12789654000125,False,AGENCIA
5116295b-71ca-4951-87c0-80c2cdec1d7b,A7DDF143-31A,2023-12-23,10818.0,ESTORNO,40189637000192,False,INTERNET
e97dbd0f-765d-410e-9a5f-6ae6ef988abc,25142CE3-420,2024-05-31,9141.46,TED,61275894000117,False,INTERNET
8a2da46a-e95d-45d0-be8f-260abb4882b2,AFBC2AF8-504,2023-03-30,11207.2,PIX,28304975000122,False,ATM
5340b19b-09c7-4d5e-ba16-a029b5fd4a9d,CC36533E-CCF,2024-10-31,3333.03,TED,54310876000163,False,APP
04e09d43-a904-433a-a934-639ed069d480,EE142379-B1C,2023-01-09,6475.88,PIX,,True,APP
b93c4976-cb6c-4e89-bd97-d31140e5acdd,A375C4CE-4B4,2024-10-31,2076.45,TED,63975814000161,False,INTERNET
0bb11d56-5b50-46cd-8b9f-901d603e9fde,54806BE5-C68,2024-01-23,128.83,PAGAMENTO_BOLETO,76542389000169,False,ATM
40d31a1f-0acb-4f73-9cbd-5619ef288bfb,08A4AF0E-B9C,2023-09-24,21528.86,COMPRA,87364905000129,False,POS
57032699-273f-4d5d-a5b2-ea712b2f8031,AE382915-D6B,2023-04-16,11127.83,COMPRA,51940863000180,True,ATM
89461c5c-0397-4185-aa68-1033d84c1c49,9659880D-34D,2024-09-05,10230.34,COMPRA,93517624000161,False,APP
90ce7910-e065-4d5b-8b22-1b5dad63539c,08E6CF7F-C32,2024-07-03,12147.31,SAQUE,85370624000153,True,ATM
4a1464de-f684-42c4-a784-e2717642606e,D743D9D4-B49,2024-05-28,4213.76,ESTORNO,50687314000182,False,AGENCIA
1e8be3f3-3808-47cd-acac-138b219f4a1a,5903461F-628,2024-11-06,21754.74,SAQUE,58209713000140,False,INTERNET
64c7460f-39c7-4cf5-a8e4-538b3c593ac6,1AE6B0EE-82D,2023-07-05,13806.03,SAQUE,13250846000121,False,AGENCIA
c063af55-a772-4315-aeed-28d17fdce9e0,661B3DD1-56E,2023-10-12,330.75,PIX,86419523000192,False,INTERNET
28507914-2316-4301-baf0-e1df27867527,109A4E7A-4FD,2024-01-02,13150.93,PAGAMENTO_BOLETO,04516983000174,False,AGENCIA
908320ba-6002-41af-af6e-25fdc3863741,2D9B3D11-E14,2023-10-07,800.2,COMPRA,83962740000136,True,POS
e39688e2-5a6e-4812-9a31-cb7616f0bace,353AF3D9-DF8,2024-09-11,6700.51,COMPRA,04275891000140,False,APP
dbbc059f-da98-4bef-b5f5-e87e61e00359,C35E30C6-DA2,2023-09-10,17613.72,TED,23079541000152,False,AGENCIA
6ea13bde-4fea-4aac-8652-57fbcc0604ec,347A3AEE-93F,2024-03-29,4857.21,SAQUE,06348271000119,False,POS
1e6e4e66-2892-48db-9a16-1f784e7b7bde,EE142379-B1C,2023-01-08,14801.83,PIX,29475016000132,False,AGENCIA
e3b06066-988f-42d4-8381-8b494ede3b6a,251CCE99-C88,2024-07-23,23912.63,COMPRA,31952084000197,False,ATM
ee831ef2-11fc-4c18-8c5f-a6bbba7028d4,8772E6FA-CB9,2023-01-30,13105.49,SAQUE,75392641000138,False,APP
04992e1f-628c-4921-87ed-2985914e43a6,9851E641-9B9,2023-01-25,21287.41,TED,42751609000142,False,AGENCIA
5e2d7dab-972d-448c-af7e-1df9f7b40a03,F7FCA913-C68,2024-12-30,22750.97,TED,49865203000130,False,APP
61739c2c-603a-4888-8d89-747b9597c875,D227E376-216,2023-05-10,15332.19,PAGAMENTO_BOLETO,85749630000116,False,APP
8a7c146b-df79-4958-b79f-48e47e9e3984,55A09D16-E34,2023-09-26,23245.98,TED,03148976000102,False,ATM
0e33c4a3-88fb-4bfd-9a3b-5ddcc4b97909,89AD6253-EC9,2023-10-22,19996.99,ESTORNO,25309781000121,False,INTERNET
4e73f366-5cc4-4259-9d72-88af9c9e9298,24DCC018-1D2,2023-06-29,13765.74,COMPRA,21687953000140,False,POS
6759f78c-bad7-4b45-928d-43785fc87c7f,7DBFC6AA-4C2,2023-08-17,23158.57,COMPRA,30294651000100,False,AGENCIA
eb788aca-0ff8-4eaa-aefd-b1879da52c89,7EAA65AF-AB1,2024-07-26,12443.8,ESTORNO,51306782000122,False,APP
4173c921-a9bd-4d48-aa3b-846464ee2382,B19C3294-817,2023-08-21,16842.7,PIX,06372541000127,False,APP
1a48b1e3-c4a7-45f5-9339-5c9d9005b558,F327EAAE-516,2023-04-10,16691.36,SAQUE,67349805000116,False,POS
b1295feb-b821-40a9-8d90-20837178d519,4FFE1A1B-0BD,2024-03-31,18135.05,TED,76593401000164,False,INTERNET
14baf5f1-b71d-49f3-9e1b-d2a726590bad,5D91DA9C-862,2024-02-17,20550.75,PAGAMENTO_BOLETO,64715829000153,False,AGENCIA
aa557465-fbad-46b5-bdd4-5ca69cd071b8,99CABE86-ED6,2024-07-19,20358.31,TED,49568172000155,False,ATM
a4d04938-d2e9-4daa-ab24-92fcd2c932e4,14679473-AD7,2024-08-29,19606.52,PAGAMENTO_BOLETO,,False,APP
2a1d36d0-486f-4748-a934-2c4580903884,22BD1C4C-212,2023-10-12,13618.96,SAQUE,96837204000150,False,APP
1e610586-ef39-4010-bd6c-04968517ad9f,7CFA2BE1-670,2024-09-09,20853.14,PIX,26195073000170,False,APP
8d627b3f-ca74-4309-b7a7-ead09b1483dc,17956872-25B,2024-01-03,17237.23,SAQUE,64718923000166,False,POS
3228327a-a294-449d-8479-a05d61b9cf97,6E97A20A-0C4,2024-01-22,10729.63,COMPRA,23647019000120,False,ATM
5496d547-0923-4c55-a8f1-bd9b3ae7a72b,2CAC4900-07D,2024-04-15,8289.99,SAQUE,46890715000168,False,AGENCIA
9c21f4f5-5942-43cb-95eb-6dda17f0b73a,F2A68DB9-8A7,2023-02-14,9282.31,COMPRA,69035741000104,False,INTERNET
178c2256-1b6b-429b-96fc-51c278229e5c,F123A68A-3E7,2023-04-06,11104.82,SAQUE,29814356000140,False,POS
eb9da451-b696-44cf-a8cb-16908cd22abb,A8518252-638,2024-08-24,1729.2,PAGAMENTO_BOLETO,89603542000162,False,AGENCIA
d757553a-3def-449d-bd16-5e12f1e2477c,1CD46E52-C53,2023-01-21,5499.97,PAGAMENTO_BOLETO,92315608000123,False,ATM
1105882f-8038-4931-b760-afc0edda05c2,6B0A1315-B58,2024-09-22,18072.56,PAGAMENTO_BOLETO,42506198000120,False,POS
a3aa6bfa-df83-496a-9fb2-0de70d0c716f,109A4E7A-4FD,2023-10-30,21222.21,TED,49327856000165,False,ATM
a235a6bd-af0d-4d4a-845d-25ec457f6ae6,2DBC6B24-AD0,2023-07-04,21492.24,TED,,False,APP
a83490b6-bec7-48d9-b354-4461226d6b7a,A0CC3429-FF9,2024-11-22,13288.3,SAQUE,,False,INTERNET
709b325c-0124-43e4-970f-dc69c7b60a70,F58B03CA-C3D,2023-06-28,22524.0,SAQUE,32078961000105,False,APP
01cf4b73-b96c-4133-aed9-4bd0093c8a48,A0C82E54-B74,2023-10-08,19170.16,COMPRA,01493786000199,False,INTERNET
def3c074-9a60-4e5a-bb61-f79e9f60a47b,10A4E341-32F,2023-12-05,7696.39,TED,02645897000136,False,ATM
1fa86ab5-c16c-43d1-b2d0-e160589e1d61,9E986D76-B2B,2023-12-02,15009.41,PAGAMENTO_BOLETO,,False,ATM
b9fcd503-45e4-464f-9166-bf9a8103dc6a,046E835E-7AD,2024-08-21,7045.79,COMPRA,28659034000101,False,ATM
30d178a0-0f83-4a3b-8f45-7acad43bd064,A4BCE2C0-28C,2024-01-23,14078.15,COMPRA,06354728000106,False,INTERNET
8b94dd15-55d4-417c-8cfb-d7a59c5403a3,1E221E6B-295,2023-03-04,9224.01,SAQUE,98420137000108,False,INTERNET
96f9cea1-cff7-4fa0-8fc9-5e4f43272ccf,7A0F5DCD-FFF,2023-05-28,5541.75,PAGAMENTO_BOLETO,98013245000158,False,POS
4b8c983d-9207-4420-a22b-389856671722,CD3EF84C-5A0,2023-07-05,7278.98,SAQUE,54061932000173,False,AGENCIA
6f851fe7-8cb7-49c8-9e9a-a577e1eb0a90,AA6CEEAB-73E,2023-05-23,16001.44,PAGAMENTO_BOLETO,90271386000169,False,APP
ecc9c987-b22c-4164-aa88-0ab6fd632ad6,865C9704-62A,2023-05-24,6989.43,PAGAMENTO_BOLETO,61520987000160,False,INTERNET
e4e97521-7d56-4f5a-a9a4-2eabb39b1cfe,76B25783-839,2024-12-07,22620.67,PAGAMENTO_BOLETO,89654370000156,False,ATM
534eb9c6-5e8d-4912-93aa-13413234c198,B7E52FE0-AA0,2024-05-12,3949.55,TED,95873064000103,False,POS
6aff5b83-1abc-4bbd-a64c-5eadc1967c5c,8457D42B-D59,2023-05-15,3472.16,COMPRA,64593170000100,False,ATM
78b99cf5-4267-4b06-95b3-e0441ba05906,5240756B-441,2023-07-01,11601.07,COMPRA,72439651000193,False,INTERNET
946a8443-100b-4288-bc0c-58787b83b0d0,3E0C6F26-5CB,2024-02-20,14759.12,PIX,81593726000187,False,ATM
1b9f0725-520f-4781-af20-8b4ef446e5bc,3C02566C-101,2023-01-06,21461.16,PIX,78063951000105,False,INTERNET
9b2954c6-640d-4bcd-8772-a217bee4e519,17956872-25B,2023-02-03,20485.44,SAQUE,79064213000137,False,INTERNET
50774340-9099-428d-ab8a-f44a634de816,6025AAB3-FEF,2024-05-27,14659.86,COMPRA,71543089000180,False,AGENCIA
b305a928-0038-4536-9d32-53085dfb23b7,8D6EC28D-FB0,2023-06-04,191.24,COMPRA,21569348000174,False,POS
0c666ba7-67cb-4074-ae88-e6f4b43856b6,F36572E4-336,2024-08-13,1220.15,SAQUE,90264851000134,False,INTERNET
0401f119-461e-4091-999d-1db3a118835f,2711E010-E9E,2023-08-20,9342.73,PIX,97513624000144,False,APP
fd8d394b-853b-4d2a-b919-a1eed5e788d7,A68A3725-39A,2023-01-03,15093.16,COMPRA,85146730000158,False,INTERNET
8de050df-1b52-4adf-a844-1e11d69f34cb,37D64FEA-CAA,2024-10-25,17718.77,TED,,False,ATM
d4b57a05-2b5d-4a99-a72f-68e3001574f4,04219A17-343,2023-12-15,3656.9,PIX,51942806000130,False,AGENCIA
71cb1009-0be4-44cd-901e-2ed1d666eee0,FF349B78-3CC,2023-03-07,17500.8,PAGAMENTO_BOLETO,65420789000185,False,AGENCIA
d16b10c5-6a78-4c66-995b-db79912b7419,5240756B-441,2023-11-13,24245.73,COMPRA,30219854000124,False,POS
4f904e9a-2a8a-4836-b9ac-dcdc3659c9a6,0CBFAB04-3D2,2023-05-27,24937.53,SAQUE,69215384000166,True,AGENCIA
cb7de6cb-259d-4727-be05-eed45681b8c2,0BE073DA-FA4,2023-08-11,18174.32,SAQUE,35041698000178,False,APP
d1c0e02e-12be-4596-965c-ba6dd4450bbb,49836785-5BB,2024-10-28,24059.39,ESTORNO,57046312000153,False,POS
9d97b122-1307-4e4a-89d3-11a5dc1a97e2,AB6563DA-6A8,2023-10-19,19209.84,TED,24361095000137,False,ATM
be3a916d-b009-40c3-8903-aa70606785e8,443F79A6-95D,2023-09-08,18348.32,PIX,84523167000127,True,APP
5f5fc110-7635-4218-af4c-3c0951657ac8,436D7E4D-B9C,2023-12-28,15374.05,SAQUE,24057913000102,False,APP
42e915fc-a857-4ec1-9720-a58a49c521e1,0645D146-3D2,2024-11-17,23000.04,PIX,90173586000189,False,ATM
607a78fd-5336-4dc7-9b80-8c9d277f6107,F58B03CA-C3D,2024-12-29,24229.96,PIX,20978346000176,False,AGENCIA
9913bfa6-5906-4323-8535-9703e2740797,8C79BCD7-7EF,2024-04-27,4421.11,ESTORNO,21634985000187,False,ATM
51ac35e8-5227-48ac-a547-cbf080086610,80604EF9-410,2023-01-28,1673.81,PAGAMENTO_BOLETO,59620347000180,False,APP
358a1a5c-39de-4c12-ba8f-45b1a666e175,EE4A48BE-E10,2024-10-25,20534.44,TED,51049823000142,False,APP
65547273-9ed6-4792-8e96-203a4185da31,45D09B3E-2D2,2023-03-17,10170.38,ESTORNO,93158427000101,False,INTERNET
32b07c0d-eb36-4392-8f54-b10f0ba1d080,D24A4FC9-DA1,2023-03-12,3302.44,ESTORNO,72654819000183,False,ATM
c8a6a52b-bfd6-4c73-be01-373e222ed256,0BE073DA-FA4,2024-11-27,15652.15,PIX,62035718000170,True,ATM
fc887fd4-fab2-4c30-8e58-372d2b577451,947420C4-5BC,2023-07-29,15815.83,TED,,False,INTERNET
30c9a1ef-a32d-4964-baaf-ef52a923564d,21DA41D2-2B6,2024-05-12,4961.76,COMPRA,81024796000114,False,POS
4c2a8bee-3fcf-46ff-bc82-51566699541c,3F3B3967-4E7,2023-05-22,3884.08,PIX,60729341000124,False,POS
39d412bd-2c17-4e6f-990c-d03cda19052e,2F2BDBCA-169,2024-10-24,18011.96,PAGAMENTO_BOLETO,70915382000169,False,INTERNET
13319e64-c257-46b7-8553-8c143e6bacf6,B068409A-84E,2023-03-27,22790.5,COMPRA,93045817000167,False,INTERNET
7b3a6dc6-fe17-48eb-93ad-b5ca346b6f3d,B6336EE8-4B5,2023-07-17,15157.44,COMPRA,10235864000146,False,INTERNET
7f5ac0ef-b211-4992-9930-632d0d1a5558,8D6EC28D-FB0,2023-12-11,11339.72,SAQUE,07921846000103,False,POS
c44bfe20-f3a7-4782-82be-d3a625361f64,2C2156AE-5AC,2024-12-14,14115.64,SAQUE,04312769000104,False,APP
96a2bf8c-e1fc-4008-a8cb-08dd71ca3bbc,CCD7C8A3-52C,2023-09-23,5180.67,PIX,23951870000141,False,POS
23e8062a-53f8-4500-9450-f01f679ed384,C32E78CB-C4B,2024-01-25,21286.64,PAGAMENTO_BOLETO,21973048000156,False,ATM
b704366b-6812-4f7d-b19c-ac727deb7f56,FF349B78-3CC,2024-07-02,18874.51,ESTORNO,16982350000130,False,ATM
c614fd02-63ff-4b4d-9739-915372b46285,C8C19B20-2A6,2023-07-26,16478.28,ESTORNO,45102786000196,False,AGENCIA
b5c77e3d-bbbb-4d14-b56e-b593e077deb7,F4A0F967-432,2023-12-16,14253.76,SAQUE,96348752000117,False,INTERNET
7c322332-8e4a-4268-96ba-7b0c15e54076,2F2BDBCA-169,2023-04-11,1032.54,TED,27386149000107,False,APP
5a90b2d6-376f-47e9-8a12-77d8f2d3d05e,BF3369AC-DB8,2023-12-28,20363.41,SAQUE,31976058000107,False,ATM
1fcd0e02-ff28-47db-aab0-55fa0763bf64,D354533C-49F,2024-03-17,7321.99,PIX,38914672000185,False,INTERNET
58b224da-6dc3-4899-9e12-2f9a59ccee62,7EF09202-957,2024-01-13,21787.81,COMPRA,36208975000157,False,ATM
542aeb19-324e-4ba0-a822-797ef87936a4,8772E6FA-CB9,2023-10-14,4578.19,TED,65182079000164,False,INTERNET
722c6d0d-e040-4dae-8016-f9ad53f434da,4897640C-8B6,2023-09-12,24055.96,PIX,27096514000149,False,AGENCIA
d6dd17dc-cdda-4c61-a34f-3d6037bb38f0,F948DD66-CB5,2023-11-18,16816.52,PIX,21705394000153,False,ATM
78190769-661b-4c45-b668-739701b78245,B05F0B09-218,2024-03-27,6505.55,PAGAMENTO_BOLETO,52948306000178,False,ATM
ec95770d-d505-4ec3-80ae-dfaf12562f48,5760769F-E71,2023-10-13,3994.83,PAGAMENTO_BOLETO,89173054000162,False,AGENCIA
6de6c987-5bae-4cfd-8b7e-337449bc7878,583C40B4-827,2023-01-23,20761.78,TED,83274106000100,False,INTERNET
3c2be759-6dff-462a-aa05-d93c5ae1d79f,C5BD6B07-89E,2024-02-28,7873.56,PAGAMENTO_BOLETO,20683795000197,False,POS
31887c3b-c868-42ca-9b2c-4877bcd8338f,1AE6B0EE-82D,2024-01-28,10471.04,PAGAMENTO_BOLETO,90715386000100,False,APP
8d42ced9-b4f7-49be-b0f3-b54cc0949b8e,AFBC2AF8-504,2024-11-19,3576.15,COMPRA,31684725000170,False,INTERNET
9bb428dd-c153-468a-8e17-a753579e83d4,E5E9CD09-A57,2024-03-03,18767.72,ESTORNO,36159024000135,False,POS
4f261689-5e06-462d-8590-7ca104c98378,078E27EE-34F,2023-11-24,23616.53,ESTORNO,47269503000120,True,ATM
f26ec1d9-541f-4684-af2d-39adebfd9d8a,4E3638D1-748,2023-08-09,14608.29,TED,12653970000175,False,AGENCIA
2c67c42a-2c90-49b7-a14a-c5be8f210fff,ECDCD749-E6C,2023-03-16,21662.02,SAQUE,36870951000169,False,AGENCIA
240b3c05-85cc-4f5f-aca1-f6f5dd66e82c,BC36250C-B97,2024-11-03,10928.0,TED,83149752000146,False,INTERNET
cf726445-8c70-4549-a7fe-8e3b69bfe8d1,BD911313-2AE,2023-07-20,3684.89,TED,,False,ATM
0da8c5d5-c3c1-41c0-863a-ff4990d404e1,35C82E95-FE0,2024-12-07,13753.27,ESTORNO,26915783000127,False,APP
50e3701c-e793-434d-ad85-bc4e676eb5ff,A49D84DF-75C,2023-12-20,7172.93,PIX,37624851000115,False,ATM
90b91671-453f-4054-9a59-4534cf5c681c,C3F82ED4-196,2023-05-21,21449.45,TED,,False,POS
86e69e56-394b-417e-bc59-c600ac1255a8,16400795-2FA,2024-11-02,7283.73,COMPRA,09751382000160,False,INTERNET
7177efd3-a36b-4adb-936f-55b9a88bce8a,02E33821-378,2024-09-17,5755.61,PAGAMENTO_BOLETO,62380574000190,False,AGENCIA
65bc4e11-9b29-49e7-81fe-f629e4637e7e,03E66F3C-2F2,2024-11-27,11320.41,SAQUE,19783652000178,False,INTERNET
8fd59198-0bc0-490c-a387-53d3029c92a0,1B5E46BE-91E,2023-06-09,11118.52,ESTORNO,21904386000136,False,POS
f8c115d8-3134-4068-b1bc-7766d74f0b15,7339923F-AE6,2023-10-04,17468.37,TED,92106875000190,False,ATM
7f9714e8-d9c3-4791-b673-925b1e43ddfc,0F8DC42A-25D,2024-03-31,12206.71,COMPRA,61290734000147,False,ATM
a10f3ddd-0ea9-4d46-a741-fc4cda7823b2,BF3369AC-DB8,2024-11-18,15754.06,SAQUE,51427096000100,False,POS
72ee9a5a-d1c5-45c5-8f30-1852198d0957,1F08781A-D00,2023-01-05,10659.32,COMPRA,14389625000100,False,INTERNET
86694db5-ee48-4a06-b30d-e40056fc0991,4E3638D1-748,2023-06-05,22082.2,COMPRA,73956804000132,False,APP
bf5e9e65-49ea-499b-9033-a973cc286fa5,66171BE7-0C6,2024-11-23,22283.7,PAGAMENTO_BOLETO,78230651000165,False,AGENCIA
d4a23cc2-4d71-497f-bf0b-1957eb556b70,C993848E-3C0,2023-09-17,3163.81,PAGAMENTO_BOLETO,21856497000114,False,INTERNET
7c9b0859-a9e9-463b-baf0-56fc33e0d26e,5971DF51-8BD,2024-04-07,10572.36,ESTORNO,76492380000190,False,APP
01c71ba5-2ced-415d-9dc3-1a541e923cc4,F91ABBD1-703,2024-06-05,23675.0,SAQUE,19456807000161,False,POS
c5b05d41-bbf0-4b6b-abbd-177ba40bdd87,2BD381DA-572,2024-05-25,15131.89,ESTORNO,95216748000132,False,APP
351c5347-8c67-4449-a37d-674d0423b1d0,342C6AE3-5C5,2024-01-26,17433.25,COMPRA,53280761000100,False,AGENCIA
864a7220-2dd4-4e51-81e5-a3c121511dd8,BBA27FFE-0E9,2023-10-20,15165.33,PIX,01825734000172,False,POS
c9d1a275-d426-44ec-8e9a-ce69072b52fa,6025AAB3-FEF,2024-07-29,3328.32,TED,,False,AGENCIA
f83c8d75-051c-4a15-9d18-018c2a5c7bc7,FD9A1E32-477,2023-02-23,14207.13,COMPRA,83954612000140,False,INTERNET
153a418e-2ea5-4aab-8e46-4f3acd6e4b26,EA9BFF77-087,2024-01-14,6539.88,COMPRA,62390845000198,False,INTERNET
27c5cfaa-750e-4772-b997-d559e715ca4d,7E7EA367-117,2024-10-30,9355.95,COMPRA,60394258000141,False,AGENCIA
559bbcac-a103-4469-987f-c0afc529cdb1,4E084081-B87,2023-04-23,7295.4,PIX,52867349000129,False,POS
a55fe6d4-abf6-43bb-8767-0e242c77010f,6A697530-BE2,2024-12-26,17885.31,ESTORNO,20416758000112,False,APP
7abf4a2e-3084-48e8-8a10-80c52bc90966,4A36D91F-957,2024-06-20,5419.6,ESTORNO,,False,APP
b889031f-bce4-4757-b71f-ed942796e28e,2136DA02-713,2024-10-15,7147.1,COMPRA,09261783000131,False,APP
9dc41e7a-92c3-4d28-b216-f74c14fb970c,109A4E7A-4FD,2023-03-07,6799.57,TED,34796258000168,False,POS
b7a3fb5c-b58c-4aab-a76a-b93a7633dc75,039CE822-578,2024-12-04,8499.25,SAQUE,32197058000163,False,INTERNET
0645e0e9-a6ff-4111-93c4-6d72cd36fa4e,BED680F9-6E9,2024-11-01,13061.73,COMPRA,16538240000184,False,INTERNET
fb0decdf-5a0a-41e6-a110-82b93af48b57,08A4AF0E-B9C,2024-04-14,11933.58,TED,82356149000172,False,APP
7885604d-8db1-47a0-b91f-50e66284c1fc,D5C2BE1B-FCB,2024-10-01,4928.33,ESTORNO,39752064000184,True,ATM
7407fa7b-54cd-4790-89a2-0f656e710976,929FD3F7-A7D,2023-11-22,12908.72,PIX,49380512000110,False,APP
f5131b56-e786-47ac-a006-c4d9739fda05,C993848E-3C0,2024-04-06,12177.23,PAGAMENTO_BOLETO,20617895000115,False,APP
3ade0469-ba22-4137-a887-ff3a3f3da437,B19C3294-817,2024-09-14,24051.72,COMPRA,40589367000107,False,ATM
acc4b9db-7f81-463b-85e6-a857b9c6c51b,92A4D4BC-26C,2024-11-03,19758.06,COMPRA,98427560000121,False,POS
f50e7edf-02e1-42a1-9abb-200e8c56afd1,F3977E14-8D8,2024-07-26,13178.59,ESTORNO,83076291000129,False,ATM
5bef457d-2d4d-463f-832d-9dd01fcde8d0,2508FF97-0F2,2024-03-22,17543.62,COMPRA,30612548000153,False,POS
cef47054-6351-4d70-9e63-5e92ba138206,2729B304-B17,2024-03-10,23196.18,PAGAMENTO_BOLETO,47589120000130,False,APP
cb587bb2-abb0-42c9-b0b1-02bbca291f92,109A4E7A-4FD,2024-08-07,2131.06,PIX,91678420000187,False,ATM
95a63c7e-8079-468d-94c5-99f136ff3fbd,B9051391-3D6,2024-08-16,10964.36,ESTORNO,,False,INTERNET
9a49f853-2a9b-4964-a2d5-754b3cd9205c,16400795-2FA,2023-06-13,16600.39,PIX,72436905000110,False,APP
62347997-a7ed-4000-8054-90f05483b90d,2FCBCC69-CF4,2023-01-29,17985.85,TED,16952704000102,False,POS
898e73a4-0ade-4e8f-ad92-99b39e51a2c2,4F6A2E29-302,2023-07-14,5185.67,TED,,False,POS
7481f0b8-26e6-4148-a28f-1086a0f09a7c,7816D6AD-A99,2023-12-23,1675.75,PIX,14638957000172,False,INTERNET
e7e4e391-30d5-4b9b-82b9-5d463f96efc4,1AF91BF9-7FB,2023-09-10,13636.49,TED,03549126000108,False,INTERNET
0c6789c4-bb2a-496e-916f-aa1f3d21d19b,9E986D76-B2B,2024-08-30,14463.19,PAGAMENTO_BOLETO,21478056000126,False,INTERNET
13b866af-520c-4648-81c6-cd5dbd41e5ce,E31DFBA2-920,2024-11-06,9698.33,SAQUE,21058734000100,False,ATM
546d1a4e-376b-4977-bcb9-010863442c53,A0C82E54-B74,2023-02-14,8379.77,COMPRA,41083796000170,False,POS
e5f6701c-caa5-42ef-8dca-4de71bd7927d,C9880E55-A88,2024-03-11,20359.88,PIX,75084326000143,False,POS
f54432d6-a78a-4d86-92bb-c17af3a71641,F36572E4-336,2023-01-05,21725.37,SAQUE,09756123000121,True,POS
96f8e595-3256-4f0b-931b-63f8afe4b8cf,6401991F-F75,2023-06-11,8525.3,PIX,53074916000152,False,ATM
18d82ad7-477c-4ea1-b142-771f3ba82c20,C8E186EC-DBD,2024-07-27,10750.79,ESTORNO,13865094000103,False,AGENCIA
764e6896-7448-4e39-960a-2768a3d20fda,EF45BFF5-C97,2024-01-15,1742.2,ESTORNO,,False,INTERNET
e04ddebc-f0fa-4ae5-8987-5abd83bcb18d,A0C82E54-B74,2024-06-14,7999.4,TED,72651983000137,False,ATM
b268103c-a5e4-423d-b6ed-babbf7bd36fa,C5BD6B07-89E,2023-09-02,2663.72,COMPRA,69518734000163,False,ATM
80e1081a-792b-4d3a-9e40-5ee8d0a604a0,672E57C7-328,2023-01-08,20454.88,PAGAMENTO_BOLETO,78219365000107,False,ATM
f66f4a63-83d4-4aa1-90b2-231090cbb127,458338E8-6D1,2023-01-09,3127.85,ESTORNO,43702598000173,False,INTERNET
8b1cb084-3bae-43b9-818e-991e58fe6565,8D6EC28D-FB0,2023-06-20,13889.91,PIX,94782130000177,False,ATM
beff1a49-cbbf-47e1-ba6e-80849b2b1b88,1A30D958-94C,2023-04-29,11397.83,COMPRA,75308461000125,False,POS
06190944-4d02-48a9-8f4c-55048b2decf5,F2A68DB9-8A7,2023-11-23,7313.3,SAQUE,96204758000110,False,ATM
01d8d9d8-e409-4854-a7b9-c1c999969c8b,F50D406B-1E1,2024-02-04,16312.35,SAQUE,92530647000143,True,POS
5a568209-0692-4ecc-aa64-2ed3e64765bb,50046259-F79,2024-03-29,1538.37,COMPRA,89360412000146,False,APP
63ed4ed9-575c-4bb1-a6c7-031951d3d998,3E0C6F26-5CB,2023-10-13,20682.27,SAQUE,38709416000156,False,AGENCIA
a80a6ede-a89b-4daf-90c2-ca2b89f03245,66CA4289-8FC,2024-11-25,12222.26,COMPRA,42036781000114,False,ATM
c13d37ad-228b-41be-89b0-de5e95e4c488,044FA7EF-F52,2024-12-09,21219.38,ESTORNO,90413568000127,False,ATM
17d125fc-2977-4dbd-9861-078fedcfb686,ED3E1058-716,2024-09-25,2349.75,ESTORNO,57194263000104,False,APP
6338fca5-0864-48eb-b875-78e647c085d4,F4533B10-2DD,2024-08-19,16946.88,ESTORNO,50867142000129,False,ATM
d2c4eda6-9293-4c60-97cf-137c72add867,BCAAC3C5-495,2024-09-16,9120.07,PIX,87402593000109,False,ATM
c7730287-8072-4573-a39e-996636642111,14E1B123-5B6,2024-04-11,10066.79,PIX,20936481000159,False,POS
67e57133-b4b8-4823-b3d8-40b5799dbd44,9C8D427B-60F,2024-11-28,15235.59,PIX,89631740000130,False,INTERNET
fc182f36-5345-4f6d-9a22-9c9f7b4277fb,CC36533E-CCF,2023-09-30,4870.49,COMPRA,16820573000100,True,AGENCIA
bff6912f-8bb2-4436-ac60-36ffbad567f4,54C82DFE-42C,2023-10-16,3809.75,SAQUE,30984216000108,False,ATM
5fe5faa0-bf8a-4d1f-8170-4bc3a3a90e6c,636B4BA8-11C,2024-01-09,17054.25,SAQUE,13607854000182,False,POS
e42ec360-618a-4b41-bb38-a743f6cc2068,0EF068D1-064,2024-12-12,5008.47,SAQUE,23146987000152,False,APP
3e7e0703-b7ae-445b-af35-b77754d3254a,A49D84DF-75C,2023-09-22,14487.02,SAQUE,08431529000171,False,APP
87f09fe5-20cc-45cd-bc93-edb5b5c38ccb,453757ED-AAD,2024-01-06,11467.18,ESTORNO,47295631000149,False,INTERNET
faf987c5-d96b-4994-b7e6-928740e08848,7CFA2BE1-670,2023-04-27,10534.2,TED,76458931000108,False,POS
de418171-4401-4c84-9532-ab78dc85ddbb,E662F78E-F5A,2023-12-03,2858.56,COMPRA,61284735000189,False,APP
2f5eec20-8e0a-42bd-8f12-3e3b02d024a7,332D48C6-063,2024-02-11,1097.84,ESTORNO,71960854000168,False,INTERNET
be414489-d843-40c2-a63c-a142396f7131,E2EBEAFB-A8C,2023-02-01,10477.35,PAGAMENTO_BOLETO,85326174000100,True,ATM
8428baee-ace7-49fb-8c1c-20e223771abb,6E666FF2-233,2024-08-08,8717.2,ESTORNO,17043865000138,False,AGENCIA
5eb8e084-9dd4-4b1b-a334-d57588f17202,EDFB0E19-3E7,2023-12-11,21117.62,PAGAMENTO_BOLETO,30791264000171,False,POS
0838a60e-dc25-467e-a4d1-b678f661bcee,1AF91BF9-7FB,2023-07-28,22962.97,SAQUE,12560743000103,False,POS
70fd684d-9f04-4da1-8163-22c87364efc9,81EDE082-098,2023-07-31,12510.59,TED,09236857000180,False,APP
b9ddb186-d2e4-4fce-bad7-2d7966d76a57,E259B9A7-52D,2023-04-21,15003.67,TED,,False,ATM
ef2b3f4a-b210-46bd-8df8-79bf900933f2,0F57FE56-6BC,2023-09-16,14254.0,PIX,65018729000130,False,POS
164173d2-c82f-4413-b361-3c7bfeca643b,ACCEA82D-41B,2024-10-10,23103.29,PIX,15649278000161,False,INTERNET
a4285165-ebda-4470-8e70-52c069ebf75b,CF53050A-B5E,2023-01-24,20308.11,SAQUE,72134689000158,False,ATM
0c6bc935-eb56-4510-9d3b-6b890fa72e4c,CEA6CF1B-E86,2024-11-04,17317.29,PIX,32658791000138,False,INTERNET
d9a63d2f-152a-47d6-a51a-eed59b2249ed,8C79BCD7-7EF,2023-05-26,19467.34,TED,39687520000150,False,AGENCIA
9f3edf11-9fdd-44da-b589-8d162d5c4c40,AFBC2AF8-504,2024-08-29,6597.85,SAQUE,51728463000105,False,ATM
d7abdca8-f387-4b24-a9d6-e766f0a430ad,0D04F9DC-D38,2023-10-25,16745.76,COMPRA,61827590000115,True,APP
1db98db4-46ee-4cb8-ba4f-2d0120481617,ECDCD749-E6C,2024-11-22,17230.62,ESTORNO,42107658000147,False,POS
4412c8eb-ee57-4616-907b-e6467fbeec3b,25142CE3-420,2023-02-20,9778.99,COMPRA,13204786000100,False,ATM
7bcdbf13-f21a-4381-8adc-668fb79d8b9c,D92FA23B-86A,2023-11-24,19748.08,COMPRA,86304519000189,False,POS
6afdece0-ce98-469f-9326-b1706a4ea01b,D812E8A0-66F,2023-10-14,19142.61,SAQUE,72039461000189,False,ATM
a6318847-f3a7-4ad8-9a65-9afcb0118691,2C0F4FF3-E1B,2024-02-15,21935.47,ESTORNO,14726893000161,False,APP
21a3defd-18a2-400f-bc00-fbd2267539da,C8C19B20-2A6,2024-12-13,21977.89,ESTORNO,45027139000167,False,INTERNET
35e70f5a-8edc-4a13-b3ad-7c033dfe1314,87460BA3-138,2024-03-06,8007.73,ESTORNO,29178546000119,False,ATM
630c77dc-d021-40e7-891b-b6cd36fbb111,0D04F9DC-D38,2023-07-25,14957.42,COMPRA,20583791000137,False,APP
c3f745a4-a81a-4fee-8842-4a8796e8ba6f,4C1F7B4A-B5B,2023-02-08,1423.03,PAGAMENTO_BOLETO,80416375000176,False,POS
fb21cb6f-0532-4987-b079-94b6136b2c8a,FE644003-AEF,2023-03-09,14716.72,PAGAMENTO_BOLETO,16579048000136,False,APP
35a8c0e4-62e2-4261-b80d-46afcb574abd,4440E697-750,2023-11-14,18178.37,PAGAMENTO_BOLETO,18267905000198,False,INTERNET
610ad928-fa29-49cf-9dee-242133eaa0a2,F123A68A-3E7,2023-08-25,13168.89,TED,29057683000103,False,AGENCIA
4db4f1a1-b8cb-415e-b5ca-08c341427aed,2EDCB255-931,2024-07-10,1613.13,PAGAMENTO_BOLETO,51726493000182,False,POS
00a14b40-2591-4f11-9c4c-77104b035960,B2EFF35A-14A,2024-09-28,17074.05,ESTORNO,63294817000130,False,AGENCIA
5e0b63a2-f263-4e4d-8a6a-dc8d63080d16,57F1ED13-92E,2024-10-10,17657.37,PIX,62748931000120,False,APP
80fee571-f178-4f1e-a492-f80b42c83e22,E2E0B69C-F24,2024-03-03,6062.17,PIX,27604538000161,False,APP
42a6be83-dc46-4928-869e-1f81839f9c8c,7CFA2BE1-670,2023-03-26,12796.86,SAQUE,51483627000181,False,ATM
2b79fecb-fa12-4fe8-a6ab-8f58d949a9d8,C30DE8C7-AD2,2023-12-24,12998.54,PAGAMENTO_BOLETO,86701534000160,False,ATM
47672b4a-f286-47b8-86d9-f64841a7f366,4440E697-750,2023-09-20,22353.4,PIX,90524381000109,False,AGENCIA
acb89ad9-9b06-45bc-bbfa-dd49bcb461bd,81EDE082-098,2023-08-14,22784.15,COMPRA,46517093000127,False,APP
64e2ff4d-736a-4bc2-8afa-36b60c3bad6c,55A09D16-E34,2023-12-24,909.84,ESTORNO,21738950000198,False,INTERNET
eec3a4f6-8620-4e2a-abc5-c0605e43b412,A49D84DF-75C,2023-09-08,16859.07,COMPRA,25489163000100,False,ATM
d770675f-f5e8-4dcd-89e8-a40e30b3d17b,349553E6-8BF,2023-07-27,12430.62,PAGAMENTO_BOLETO,28706943000153,False,POS
6ce5bf90-51c3-4098-af1c-1beea829176c,05E91CA8-798,2023-05-23,7256.46,COMPRA,36270918000106,False,APP
d832a464-bec5-47b5-9616-2dc980276ca8,A8518252-638,2023-05-24,18675.28,ESTORNO,15276094000101,False,INTERNET
4e4e2b30-a561-4d6d-b3ae-de0674c3c56b,7EF09202-957,2024-02-22,11860.06,ESTORNO,64850137000118,False,APP
d7b4423d-b7ff-4b0b-85d5-b424bb9a0d7e,044FA7EF-F52,2023-04-17,18937.07,PIX,85043672000137,False,ATM
fd37a11a-2d85-4965-924c-16bd7a5f2dec,1B5E46BE-91E,2023-04-11,11974.19,PAGAMENTO_BOLETO,19207453000111,False,ATM
890d2bf3-4801-48ee-a9e5-36b31e51d6f8,77C6E5EF-897,2023-05-09,21743.52,ESTORNO,24095673000130,False,INTERNET
786aeab4-9f50-49f2-afec-a59da63dcc08,D57B2C8B-EED,2023-08-30,10230.06,PIX,50964123000110,False,AGENCIA
a8822610-6803-425c-ac5d-178ca27210cb,2DB54680-1DA,2024-11-01,615.83,PIX,75231864000113,False,INTERNET
5630806f-2595-4b3c-b1e6-27332766ec4d,7339923F-AE6,2024-02-16,11498.07,SAQUE,23710589000117,False,INTERNET
e8ad69b0-2fc7-442d-91f9-ed79bc37658a,4F6A2E29-302,2024-03-21,10628.72,PIX,83506947000104,False,POS
a2aa804c-0a4d-4d88-963f-df308a48973e,57F1ED13-92E,2024-12-17,281.31,ESTORNO,42906175000102,False,ATM
fe1530ad-96a7-4d27-a2e4-dc5011a86028,EA3A94CE-3A7,2024-02-09,2142.0,TED,82645701000142,False,POS
9fa61765-92ef-43e3-bced-fd2377002957,A33F2332-55E,2024-09-08,22919.54,ESTORNO,61438957000109,False,POS
5ef5c794-4f4a-4c43-b91c-6208f6888f89,C63450B8-AA6,2023-01-01,24186.45,PIX,12460598000180,False,POS
89cd29a7-487a-4e55-98dc-79575f025ea4,FD59E15D-028,2023-11-22,6047.07,PAGAMENTO_BOLETO,53186027000187,False,INTERNET
90865222-ee22-4171-9ae9-3bd25357e8d4,8F5206C1-DA7,2024-09-29,8087.49,PIX,05237186000110,False,INTERNET
6c27f6cf-b72e-464e-b8eb-92944208200c,C4A7D330-41F,2024-09-09,10846.7,PIX,51328604000100,False,APP
11ede11f-5af1-4416-9501-b30c989ddbd9,2136DA02-713,2023-07-12,13726.79,PAGAMENTO_BOLETO,21970685000179,False,POS
94617878-9c2c-4fdf-b8e9-b6af6229672c,BD4C8EFB-123,2023-01-31,617.38,COMPRA,32781950000197,False,AGENCIA
383925fc-5e01-4b3d-a5b5-ec61419ac5fa,EF45BFF5-C97,2024-03-27,3121.27,COMPRA,65972480000106,False,ATM
5f021dce-71a6-4f1e-b3bc-c8d6ef05f7a8,144B0E2F-BCE,2024-07-18,8242.54,PAGAMENTO_BOLETO,,False,APP
3ede9e3f-0f7c-4e93-9512-6c554a609c75,150B1177-D90,2023-05-23,23835.0,PAGAMENTO_BOLETO,75649802000126,False,AGENCIA
f3e44209-c0b9-426b-a619-297177b87df2,2386635F-FFA,2023-12-26,21685.26,COMPRA,84037529000170,False,ATM
676393bd-535c-478f-bd5d-9498289b31ff,B19C3294-817,2023-04-27,2008.35,TED,69087453000101,False,APP
be88b05f-f6dd-4c32-b196-d40cc8783a05,19A6BA77-888,2024-10-29,1403.48,TED,63194082000172,False,APP
3cef0980-615e-4067-a614-222b7ca05ef4,E5E9CD09-A57,2023-07-08,17960.41,TED,56719830000128,False,INTERNET
f41f7b6d-0df3-4900-aa75-399af4b48875,150B1177-D90,2024-04-02,13072.04,PAGAMENTO_BOLETO,69340258000133,False,ATM
2de54dae-2f4d-4c01-8fca-277380bbcef5,EDB0A109-7B3,2024-04-19,8740.49,COMPRA,96013457000100,False,APP
77353f9c-2f4a-4773-8783-3a6387f33df6,A3BAC5EF-01B,2024-08-26,19348.87,SAQUE,63590187000140,True,APP
2340ac56-56cf-43e4-890d-e7155e68c70f,2136DA02-713,2023-06-03,18277.56,TED,67209148000101,False,APP
25de2d21-21fe-4ba5-afb7-ff6c9da60f8c,C772899A-708,2024-02-05,16094.18,ESTORNO,81236940000186,True,AGENCIA
0126e941-0e1e-4530-a99f-c7f5f9381db6,92A4D4BC-26C,2023-01-24,4274.13,PIX,18903425000176,False,POS
b49d54f8-b34a-4956-a6d7-a640cf074972,40446A9E-97A,2023-07-05,8616.72,SAQUE,61378054000180,False,INTERNET
32c2c47d-387d-43e2-8fee-fac56e030489,C5BD6B07-89E,2023-08-04,10202.75,COMPRA,26784513000124,False,APP
78ef7622-c8e8-445c-8aa4-18cdc5598d9e,40446A9E-97A,2023-02-12,9611.97,COMPRA,91632758000106,False,ATM
95dd937f-813b-445b-99fe-c0a75517a31d,D518A999-188,2023-01-21,15974.01,SAQUE,94527168000101,False,INTERNET
a09c8d5b-0ffb-47ff-9f22-c168b5aa7639,2BD381DA-572,2024-10-28,22617.61,ESTORNO,16807243000176,False,AGENCIA
e3613fca-d5b1-49f8-96c5-339feeea60f7,A8CB6193-D49,2024-08-10,17544.17,PIX,58761423000104,False,ATM
2baeb905-3792-41fc-937f-a101a1cc3299,EE142379-B1C,2024-10-12,23629.85,TED,,False,AGENCIA
4d52e54a-2231-4464-82e6-26ef34caddfe,D655F517-8D3,2024-12-07,12371.21,COMPRA,83067541000164,False,AGENCIA
f9765ac7-6cd4-41a6-82e0-af89f1f62d88,D1F73E4C-828,2024-11-10,7627.93,PAGAMENTO_BOLETO,76908431000112,False,ATM
e86eae05-edf9-446c-a056-9bddf5bbf56d,342C6AE3-5C5,2024-05-22,16957.72,TED,40589167000154,False,ATM
c8088509-e319-4dc4-b151-cf50ad4e25d7,E0346F7D-321,2024-05-19,13569.44,SAQUE,58627109000133,False,AGENCIA
dffd8366-61af-4e8d-ae54-040def070a21,7C1C94A5-55B,2024-01-17,6329.92,SAQUE,97152834000154,False,APP
0b65a8e0-d10c-481b-93a3-9f04fa579463,31136EB7-2C0,2024-11-02,7018.26,PIX,21473698000132,False,POS
c316f4c4-dbd7-4af4-a2ce-9eca54ae2306,5FBA8E9F-F70,2024-03-04,16567.01,TED,34795280000193,False,POS
a213811d-710d-4620-b59f-f23ca0fd4269,ABD174D3-4B9,2023-10-02,4966.87,PAGAMENTO_BOLETO,31609724000160,False,AGENCIA
2e05ec3f-eed2-4afa-8276-eb1d3e7ec11e,96F22DE4-FEB,2023-08-23,14039.77,ESTORNO,92065718000184,False,AGENCIA
63a499cf-0ead-4a96-8354-e3ae801309d0,24DCC018-1D2,2024-03-15,16373.37,ESTORNO,21950638000163,False,ATM
3c64d244-b293-41bd-982b-51824ef4e24d,4897640C-8B6,2023-01-14,8099.99,ESTORNO,04563728000182,False,ATM
ca44fffa-431d-4634-a3a0-52c032096562,BAB3723E-2CC,2023-09-20,18712.75,SAQUE,07129548000185,False,ATM
a435814d-bfb7-4dbf-bc92-fd4814b8d10f,24DCC018-1D2,2024-04-07,2060.24,ESTORNO,76982354000140,False,AGENCIA
4150ba62-7e3d-48b1-9092-92236ebf9545,8457D42B-D59,2024-12-17,13375.15,PAGAMENTO_BOLETO,84173926000179,False,APP
101fe436-1a7a-4719-9c09-3048c7e51709,453757ED-AAD,2023-06-05,5460.33,PAGAMENTO_BOLETO,07129658000147,False,POS
d4262110-3258-49f7-8fe2-33ad2dd58f07,EA3A94CE-3A7,2023-05-04,10976.28,PIX,10652347000172,False,POS
50300c40-ae29-41e6-adcf-6d1d5731454e,A5C3940B-1F6,2023-11-20,10031.8,PAGAMENTO_BOLETO,57396412000100,False,APP
8f578058-2c74-4566-9d96-24c8e954ac51,044FA7EF-F52,2023-03-03,15985.99,COMPRA,42091356000128,False,POS
94e34cbb-4f08-43e8-91d5-d38f02e79c17,347A3AEE-93F,2023-06-01,17158.45,COMPRA,39421860000134,False,AGENCIA
f36a188d-c314-4da3-b824-1893986fdb5d,74A565D8-F98,2023-10-17,22158.05,TED,47390165000180,False,ATM
90865222-ee22-4171-9ae9-3bd25357e8d4,8F5206C1-DA7,2024-09-29,8087.49,PIX,05237186000110,False,INTERNET
21893124-357f-4458-b5cb-d6f8c63baf0c,86B0D8B7-B87,2024-06-07,23353.82,PIX,89320514000138,False,POS
e5df05f8-4199-4df6-b36c-5c35c911a43a,522BF1FE-E7B,2024-12-28,12915.18,TED,04897562000130,False,AGENCIA
1fcd0e02-ff28-47db-aab0-55fa0763bf64,D354533C-49F,2024-03-17,7321.99,PIX,38914672000185,False,INTERNET
ac6a1d64-7cc7-479b-bfed-77694f129c6c,98CE3120-308,2023-06-24,16380.74,SAQUE,31025796000160,False,POS
af95bf65-06c2-44a9-9c9c-45100493ee56,8D6EC28D-FB0,2024-02-16,177.56,PIX,23594108000155,False,POS
157eb0e5-604c-4823-ac36-1a004e19f4d0,24DCC018-1D2,2023-10-19,21322.9,ESTORNO,78634120000138,False,APP
7546c5ce-746f-4b3d-800a-5957620c1b12,D82BA106-0E6,2023-11-13,24101.03,PIX,94068153000114,False,AGENCIA
952ba975-018c-4f87-8e8b-784f2c23d61a,CEC58645-72D,2024-09-29,18383.93,PAGAMENTO_BOLETO,09513687000133,False,POS
1a839e45-fae4-4cf8-80a7-d0bf3b174f05,4A0B647D-626,2024-09-30,7309.0,COMPRA,92376185000151,False,ATM
3430ed32-14ec-4be1-a962-dfabd1e85f91,991A5D21-DB1,2023-05-02,21330.62,PIX,27193406000194,False,APP
bb3e000b-e795-43f3-a6e8-150f1b88dfa0,A5A763A3-388,2024-03-06,18372.79,PIX,15823960000129,False,ATM
b9fcd503-45e4-464f-9166-bf9a8103dc6a,046E835E-7AD,2024-08-21,7045.79,COMPRA,28659034000101,False,ATM
f4f2c558-75e4-4db8-99ca-b1d7d74f1d69,89AD6253-EC9,2023-12-24,22145.73,PAGAMENTO_BOLETO,98504172000105,False,POS
b97b4750-dc3e-4478-bea3-a6562e55ea02,5760769F-E71,2024-02-08,21245.27,SAQUE,49620753000199,False,INTERNET
4173c921-a9bd-4d48-aa3b-846464ee2382,B19C3294-817,2023-08-21,16842.7,PIX,06372541000127,False,APP
857e6db8-6aed-4ec3-8521-36873fec358f,50046259-F79,2023-12-02,23924.89,PAGAMENTO_BOLETO,64702938000136,False,ATM
241d038f-5cb2-4bea-842b-f8f6f5a4160d,A49D84DF-75C,2023-01-02,2330.2,SAQUE,12450876000119,False,APP
13e28c22-fb9e-4c93-aa60-f58ed3b6b49f,2C2156AE-5AC,2024-10-12,5761.14,COMPRA,62493587000175,False,APP
ae3f85c1-adad-4997-969b-d5d9b2e04832,C772899A-708,2024-03-16,19005.58,PIX,78259634000150,False,AGENCIA
