id_transacao,cd_cliente,dt_transacao,vl_transacao,tp_transacao,cd_estabelecimento,fl_suspeita,cd_canal
02007bbe-e875-43ed-a9cc-c05e3d2725ae,377C5395-E02,2024-09-14,15025.58,TED,,False,APP
f26b8c59-c283-4423-95d3-f1d00be584e4,7A96BC67-B9B,2024-11-05,21197.53,TED,79406358000179,False,POS
52adadc8-79b8-4aaf-8576-2ee38d1bd1e4,8D6257F2-0BC,2024-02-06,12738.8,TED,32059614000135,False,INTERNET
df563166-5013-46c5-9d82-2f998df7180f,A537C40F-9B5,2023-04-26,12372.95,SAQUE,07463912000149,False,POS
9ae2dbad-afee-4d6c-b9e6-b367fb955843,06B76CEE-1D6,2023-01-13,1776.69,TED,71486235000183,False,INTERNET
faa1be9b-c765-4b8d-b873-e8eab270a60f,10E2732C-E9F,2024-08-05,9671.88,PIX,56792830000153,False,INTERNET
4e9fab7d-e4e1-4c5d-ae51-e032794d79fa,48B2EBE6-D96,2023-03-16,19068.5,COMPRA,46907382000132,False,APP
3ab35bd1-0ad4-4c27-87b1-04e30821a4b7,976B6252-DC4,2023-02-10,6555.74,COMPRA,74239081000113,False,ATM
055f9077-9588-42ed-b21e-fcffd6875c91,1208ADB6-F71,2024-10-05,12666.01,ESTORNO,34916057000157,False,ATM
c1e8a7a5-d910-46f4-bc57-6f2f09b587df,C7EB1719-285,2024-02-16,10590.25,COMPRA,34210857000158,False,POS
480f24d4-bf87-4798-9055-28e37e86be1d,05B83F29-A94,2023-10-12,15401.75,COMPRA,51439027000116,False,POS
8cd85319-4973-47f6-bd68-d8e8eca090b0,B6B1F070-A8D,2023-06-09,23023.24,PAGAMENTO_BOLETO,04598321000190,False,POS
37000ac1-7ca0-4b6a-bbfe-4b6fd8ebfb23,8E476780-64B,2024-10-27,15857.9,ESTORNO,83175024000109,False,AGENCIA
45901ffa-ef63-4622-8231-ebd39a0faefc,3902F1F6-EBF,2023-09-02,17467.35,COMPRA,54261830000100,False,ATM
31566f18-a793-4530-82c4-6de301cb2e88,75EF2CEF-225,2024-09-18,2900.99,PAGAMENTO_BOLETO,23698510000180,False,INTERNET
f5e49a20-6f62-4209-bd98-aaf8421f369c,F88FDEB3-526,2024-12-25,2987.4,SAQUE,83197025000154,False,INTERNET
7a3c1ad7-d46e-4d8b-b119-510de72d8d1b,B15246BD-104,2023-12-22,12411.08,PAGAMENTO_BOLETO,24596378000168,False,AGENCIA
beecb3e2-7e65-4afb-8336-dd57e4dfa947,330D0315-9CF,2023-05-10,4175.32,ESTORNO,81340279000154,False,AGENCIA
83e0198d-07f8-4f43-81ca-f3102cefc207,FA97DD0B-390,2023-05-01,18323.8,COMPRA,45928376000107,False,ATM
be000652-91ee-4244-8feb-73005de8f5ad,3D6A8A02-684,2023-03-07,6800.61,TED,26508137000145,False,POS
62ab2292-2fc1-40cd-b42b-ab0718abb9d4,B2C8935E-159,2024-05-23,15688.88,PIX,84095123000143,False,APP
9af6b526-02d6-46a9-8ab5-47c4b0f5da1d,BBAEB98D-57E,2024-08-03,12491.0,SAQUE,56027489000140,False,AGENCIA
715f3709-48a9-4b69-93ae-901921999563,86AFF3D4-68D,2024-08-10,19333.56,ESTORNO,20761948000177,False,INTERNET
0b63e4a9-3b86-4329-8ea6-aab60ce5b3d9,A16D5C74-5C0,2023-01-03,18519.89,COMPRA,08734269000103,False,APP
8f2886f2-c8e3-4bc8-80fa-9dcfbbc81e28,28B623E7-B25,2024-04-28,6114.92,TED,24136907000140,False,INTERNET
16c8c2c0-96e7-4367-97d6-1bbc72e9c50d,542FDE83-A87,2023-02-06,4475.25,PAGAMENTO_BOLETO,59367024000126,False,ATM
b3a98018-fad9-4d17-ac35-590d2c9f0073,677F429C-354,2023-09-12,5614.05,PIX,56471980000165,False,AGENCIA
35dec408-3986-4d08-ba77-77907ed17454,E035A2E3-186,2023-03-21,6782.54,PAGAMENTO_BOLETO,35472916000129,False,POS
7513d715-042a-43e1-a998-ee1ff23bf998,E59DD6D4-E21,2023-02-23,16833.63,SAQUE,42091735000118,False,POS
ba4a5f11-e334-47e3-b8b5-b5ab34935fba,5C0F3CFD-4BA,2024-02-15,24535.37,COMPRA,67140352000113,False,AGENCIA
1bd8c80b-97dc-411f-91ec-f51ea254c9a0,9933E9A7-836,2023-11-15,19338.53,TED,,False,ATM
a9a6b10d-1c55-4918-9fdc-63569a919c01,9FD3F770-262,2023-07-25,200.72,TED,51742903000189,False,AGENCIA
f1fca85a-0a8e-4732-a226-50ebf7f123a9,78622155-B29,2023-09-06,18489.79,PIX,48207156000174,False,ATM
26be44de-b552-4dd0-80a2-543780ce7442,E28737AB-035,2023-07-20,24944.68,ESTORNO,,False,INTERNET
3015df1a-6353-4a82-8959-c499ebfb310a,CCC4E548-2B4,2024-02-24,3765.43,COMPRA,24819673000136,False,AGENCIA
4940fef7-a408-4db1-8a91-faf01da56f41,63C18B05-29B,2024-12-11,15899.09,COMPRA,26314950000184,False,APP
935ff7c4-1d74-4871-b9cd-b199568d40b8,D067620C-54C,2024-01-21,18973.59,ESTORNO,23159867000190,False,APP
8f0f7bc7-37c7-4d6d-a35b-0934d7b3eedd,52F07F56-04F,2023-09-01,5131.05,PIX,10457368000137,False,APP
3838f771-4d8b-4560-81ed-aca5482cedf9,D69AE3EB-E7A,2023-05-26,24314.02,ESTORNO,13625098000114,False,APP
e11f49a6-b636-446a-893b-5fa958457374,09093D1C-963,2024-06-16,23031.98,PIX,07542138000161,False,AGENCIA
578070b0-420c-4bc7-a74c-3bd815c09444,7DE3D174-99D,2023-03-28,11462.26,PAGAMENTO_BOLETO,27190586000150,False,INTERNET
f93a4b13-2807-4c6e-9b77-bc96647b95a3,56578C7E-3E7,2024-02-08,15930.94,COMPRA,64025381000146,False,APP
b12a499b-e8f7-412d-9de4-b3a0ee4fb8d2,67F91DD3-4E3,2023-05-14,10875.42,SAQUE,68491073000167,False,AGENCIA
c9cc7805-3352-4549-b9ee-189cd99d3950,3E835CE4-F6A,2024-02-07,23151.16,ESTORNO,05827169000133,False,AGENCIA
e2afef7d-5ba6-427c-bcb7-6d2770b2d869,CDFC9AF6-69D,2023-10-06,7952.47,SAQUE,82196354000118,False,INTERNET
f2234119-265b-4345-9d5d-0ebeaa3aff5f,9933E9A7-836,2024-08-21,3404.09,COMPRA,21647953000116,False,INTERNET
30bdc148-fbcd-4dbc-8d88-cd3d79c13637,930F7F60-FD1,2023-11-18,11239.99,PIX,92563178000169,False,AGENCIA
1c751a05-5746-4fc8-9d77-3a66bb94743a,A16D5C74-5C0,2023-08-01,24115.92,PIX,56349217000166,False,AGENCIA
8f7d203e-c5c1-4d24-987b-049a1610e5f2,8530D157-EDD,2023-04-03,21312.28,SAQUE,58236917000170,False,AGENCIA
7c89140d-60a7-4a7e-8750-83eefcb4b0ca,D3EECC52-E33,2024-12-14,20659.93,PAGAMENTO_BOLETO,20975461000197,False,AGENCIA
2fa0ac1b-8016-42d2-a65a-aa96468b7010,2EE17F81-447,2024-12-29,3709.37,SAQUE,18529637000135,False,ATM
a8c2fc0d-4958-497a-a3ec-4a4b0b12917e,1B34E4AF-C6B,2024-11-24,12837.22,TED,,False,INTERNET
d8638a75-defc-4d0d-86b8-ca46cb47a15b,24B74B31-A04,2024-02-19,778.51,PIX,34295807000110,False,POS
96aeae05-a81d-4752-9a72-5b728ec49c1e,3A57D145-7AE,2024-04-18,6247.44,COMPRA,72906385000161,False,INTERNET
c41e5d5b-8dc9-4f5c-a48e-6d56bc74616f,46EF8FCF-C38,2023-03-05,3037.65,SAQUE,34619257000148,False,ATM
28c57e10-85a0-413b-8864-b1a4f50dc85f,1CCA8889-E67,2024-10-07,9306.94,ESTORNO,84327691000122,False,POS
768b0dc0-492d-4130-bf77-b5d38d8be1dd,B49889C1-FBF,2023-03-18,6471.63,COMPRA,98520746000120,False,INTERNET
fe9ac801-c358-4210-be62-b84043d514f1,44F065AB-2EA,2024-03-30,22562.55,SAQUE,29574630000151,False,AGENCIA
4a8b2d95-3abe-4ade-a78b-b0f020f3fbef,7872734C-246,2024-04-17,3064.51,COMPRA,70458639000109,False,POS
e8173862-99ce-4bd0-b058-c900c18fe873,3230B053-3C0,2024-02-09,10829.76,PIX,21670548000119,True,ATM
5c8ae58e-9700-4b96-b3d5-15a9d7925ab3,164AE852-07F,2023-08-08,4321.42,SAQUE,63209581000196,False,ATM
5095512c-cf74-4e5a-afca-bd6af3c56a7e,B6B1F070-A8D,2023-02-05,22085.77,PAGAMENTO_BOLETO,64503129000103,False,INTERNET
515ab0e1-e68b-476d-9225-4476cc1a538f,4210A323-D6F,2024-05-25,16182.49,PIX,,False,ATM
29874bc3-6ef8-4db3-a41d-99a2024669d4,BF280803-18A,2023-10-14,1525.89,PIX,46813092000120,False,INTERNET
33a925bb-83f7-4f01-9402-5bc208b256fa,CD71151C-8D6,2024-06-22,16066.85,SAQUE,47503126000142,False,POS
e3088a25-2b76-4964-8933-1b6a0c5200bc,43C6A944-EC7,2024-01-27,19871.46,ESTORNO,,False,POS
83b7a289-c61b-4417-a96c-37e7fefdcafa,148F3E96-F1C,2023-12-19,19536.21,PAGAMENTO_BOLETO,46512903000152,False,ATM
dea48cac-fcb8-4c43-bb4b-cb228559cc86,0FBBED98-579,2023-01-27,6761.99,TED,37056124000107,False,APP
acbf044a-077e-46ab-992e-0f80fbcc47c3,44F065AB-2EA,2023-10-15,22394.28,COMPRA,67839450000143,False,ATM
bf95a2c1-3325-4f53-98c9-873cfa7fc7b2,53EFDB0B-6B0,2024-08-21,13236.51,SAQUE,03187924000137,False,APP
7e60f465-ac53-4649-9817-6b183bca7971,B31E2312-4C9,2023-09-04,6197.55,TED,45691378000117,False,APP
0ac4af4d-40c2-42b3-bc64-a864c160cde6,C89849F8-A37,2023-08-13,19101.6,PAGAMENTO_BOLETO,,False,ATM
f956d57c-9505-4624-83fc-b780ad70d0c3,9B934FBC-326,2023-06-27,8871.08,SAQUE,98374651000146,False,AGENCIA
8b844c42-5d25-429b-ba73-9ce52ba755b0,6F8080B9-3E0,2024-12-15,20155.55,TED,03946285000146,False,APP
6e461c09-2dc3-42fc-b553-6118b9f80280,BCEF6001-A27,2023-12-27,17586.77,PAGAMENTO_BOLETO,06253419000131,False,POS
f72e8f13-79b4-4ddd-9ac3-947d4077a146,AA120121-053,2024-05-19,23709.29,PAGAMENTO_BOLETO,59348107000178,False,ATM
47cca7d6-0f1d-4f24-b094-35ecd0d942a2,514D1FFF-609,2023-02-27,950.54,SAQUE,07852496000170,False,APP
532bf4de-5205-44ac-81a3-c25021192489,3F520D89-F16,2023-01-01,13161.92,TED,89247356000138,False,INTERNET
eef64c63-d38f-4871-9f9b-0d7951096cc0,6521CEC9-AA2,2023-12-15,20161.43,ESTORNO,,False,AGENCIA
4e146dc4-1252-488d-8110-eda6162c34ee,F7EE6A6D-65D,2023-06-01,1490.31,PAGAMENTO_BOLETO,97206548000124,False,INTERNET
1e144e7a-d9c5-418d-aabc-57feb3c9a096,150C75F7-04B,2024-06-22,19359.5,TED,06192735000140,False,AGENCIA
14e140a5-757c-4b9e-8fbc-00d3b4427fde,FA97DD0B-390,2024-11-09,17613.89,PIX,32058961000143,False,AGENCIA
ce4c2fa8-df9d-49b6-a0d9-54e4b087122d,65386D23-32A,2023-05-20,7545.18,SAQUE,,False,ATM
1a7b076a-1bed-4dd4-91ee-ba425f3d0efa,9BF6290C-56C,2024-05-13,19796.38,ESTORNO,87061294000140,False,POS
7a791312-4a2c-4486-adbb-a43c59757bfb,C7D00506-2FE,2024-09-20,17339.47,TED,75634912000114,False,POS
214d2d36-247d-40eb-ac5b-57cbad5cd5b6,6D42092A-ED5,2024-01-23,20361.63,TED,35297816000103,False,AGENCIA
a780a791-e5c9-41c1-b6ed-6b2d16125e0f,4210A323-D6F,2023-01-02,3185.02,ESTORNO,10935682000188,False,ATM
fabc6186-17bf-4823-b1c3-534c90e4c3d3,B6F46681-0D4,2024-08-04,21269.15,COMPRA,65491372000103,False,AGENCIA
d056f76b-1621-4baa-96ee-22925602583c,946DE457-D44,2024-09-18,23026.07,SAQUE,57290468000185,False,APP
f1726557-cf12-4088-8659-cf10c184af78,C168C135-354,2023-05-25,23417.29,TED,46582137000100,False,INTERNET
15c9b7cb-2ce8-41bd-a27e-f0258aa4f8a2,CCC4E548-2B4,2023-11-24,8671.23,SAQUE,25739641000193,False,APP
f2a03db1-dbce-46ec-abc1-a89bd73ca27b,DB548180-53F,2024-11-17,20541.81,ESTORNO,16849025000102,False,AGENCIA
5a90fee0-642f-40c3-ab8b-b8cecfe82c3c,B1CB31F4-592,2023-09-29,11166.58,SAQUE,68512934000146,False,APP
80bf2c6a-0f79-49e7-ad2a-d5c77aed8837,946DE457-D44,2023-04-21,8763.0,ESTORNO,98236057000199,True,ATM
2fe9a91c-66ab-4cb9-8205-5a55983a5e88,A537C40F-9B5,2024-03-05,10956.35,SAQUE,01473859000180,False,ATM
b2cd7fe6-444c-45bf-855e-f9480f68b5b8,4210A323-D6F,2023-12-26,22044.44,PAGAMENTO_BOLETO,19072864000147,False,ATM
8a425af2-0407-450a-90d7-5ac66c474b45,AD8D3A79-CA3,2024-08-14,19718.57,ESTORNO,84507396000158,False,INTERNET
cdd1bd54-1441-46f3-9f2b-2c895fe1a878,8530D157-EDD,2023-03-17,4067.67,COMPRA,38174509000123,False,AGENCIA
aeef4297-900d-457f-8459-69dbfc283761,B8360065-FB3,2023-04-18,6529.3,COMPRA,75489326000123,False,ATM
e9477fac-d96f-47e3-a1e3-a4dbbcf78a21,5D0A3BD0-9AB,2023-03-18,4023.87,PAGAMENTO_BOLETO,42893017000165,False,APP
51c1fc39-2df1-466f-96c1-6e09a8ae5b3e,AD88DDAB-470,2024-09-20,8449.76,PIX,67980453000100,False,ATM
1e3c1f0b-697b-439a-8c05-91655ea357a0,53A31699-631,2023-06-18,23561.14,PAGAMENTO_BOLETO,82790346000103,False,INTERNET
161e31da-b444-4223-a38a-9cd7041489b5,FA9EFF19-5B7,2023-12-06,1340.31,SAQUE,69581304000196,False,ATM
74111069-0c9d-4bb9-ae70-a86c4d83a3bf,D85C93CF-85B,2024-07-07,17430.37,TED,02768349000101,False,AGENCIA
59b27908-54e5-4684-9c0d-4dc8de7df003,8B70E1A7-2B6,2023-02-20,5939.85,PIX,75420918000199,False,ATM
56898d90-6728-4941-99d7-bb599a736565,E77F3142-134,2024-01-05,3841.02,COMPRA,97401628000130,False,AGENCIA
0c7c12c2-1a47-4c39-8f9d-59972925fe43,4210A323-D6F,2024-10-02,20597.7,PAGAMENTO_BOLETO,,False,APP
54b0ed19-7ce8-47a0-8cdc-4e6986beb422,42EF5C4D-DE5,2023-06-24,644.85,ESTORNO,38719246000190,False,APP
89df3305-a0cd-4307-97bd-8910db8c36bf,34B222B2-9DE,2023-04-29,11840.06,TED,,False,ATM
a080bd79-bfcb-459e-bc38-9c58ce220539,1FB0EFAF-649,2024-11-07,12228.19,TED,05394287000103,False,POS
4fe1778e-271e-4bd5-a66d-956da9fa8574,F7EE6A6D-65D,2024-01-15,9689.1,PIX,54893216000152,False,ATM
99566315-8a10-4793-9be2-990e0a07024a,CCBA1680-2F2,2024-03-26,1116.86,PIX,74268315000150,False,AGENCIA
31c3eb61-dd3e-49b1-9989-cd3c406a4327,C6FD676A-15B,2023-06-04,14106.82,ESTORNO,25348791000176,False,APP
0ec62e38-c30a-4c7c-a694-845442165c9a,3D6A8A02-684,2024-07-08,16704.03,PIX,12037658000157,False,POS
ebaf9510-0b89-4c68-b1ba-6b5556b712ad,E99A2EFB-DB8,2023-03-04,5688.98,PIX,,False,ATM
22c2855c-c7b8-4e31-a34c-0fbf2a4bf809,8D6257F2-0BC,2024-12-04,24140.74,PIX,26197483000150,False,INTERNET
f504125d-ded7-4f17-90d4-30a63387c20b,5216EA77-C3D,2023-03-22,11907.34,PIX,98451237000193,False,APP
70254a23-7404-4e4f-b09d-6794f7012d4f,2881E506-FEC,2024-06-13,12553.28,PAGAMENTO_BOLETO,28514396000104,False,POS
191547a7-e1c7-4a67-96ce-33cbf2d64a96,CA090631-4AB,2024-04-04,3687.47,SAQUE,92143708000110,False,INTERNET
ea6c3e06-fee8-42e6-816a-8cbb0dc1e96b,16754A36-435,2023-07-17,24304.16,SAQUE,30159467000140,False,APP
55e204cd-0c3c-4360-b858-5d28619b8fd8,2D056ED2-044,2024-03-21,24707.02,SAQUE,50462319000107,False,INTERNET
b05a6773-dfa3-44e0-a3d3-b7ed2863321a,A77A1D20-489,2023-09-22,20852.95,TED,24875316000195,False,APP
6b72c7a9-6703-4d6b-8764-e51189a0133c,82B4C143-FF4,2024-07-23,2177.06,PIX,52301876000171,False,AGENCIA
1b49e445-9427-4128-8933-e69a933bab18,B2074467-96B,2023-01-13,12992.92,ESTORNO,34029176000198,False,POS
119c4cb8-f486-4398-a0b9-739e91d0ac62,B8360065-FB3,2023-04-26,19542.47,PIX,86901374000101,False,POS
18dfe5e6-808f-4a98-a0d0-876f391651ce,019DD80D-CE2,2023-04-13,14698.97,COMPRA,93472016000188,False,APP
e80f584c-3617-48f2-b536-eb6a7e646c6e,12BFEB32-53C,2024-07-02,19643.96,TED,42605879000145,False,AGENCIA
7d129947-5682-45c8-9db2-7b9da8a0fdc8,F46A071B-66A,2024-05-12,9577.01,PAGAMENTO_BOLETO,39102546000199,False,APP
9b502c04-8e43-4492-95b3-fb5216b1a0dd,43C6A944-EC7,2024-02-17,4306.23,SAQUE,78195463000143,False,ATM
a4dcf0f8-470b-4d03-b17f-da90f0796bbb,6F82F24D-A39,2023-12-06,971.01,ESTORNO,80761523000190,False,ATM
a92e6aa6-2ee3-4be8-b9fb-beb6e39dafbc,6EC8FB61-859,2024-01-17,23020.99,COMPRA,57890642000120,False,AGENCIA
ea59c059-3dee-4e40-bfa2-4ca00e29aa58,A4EB6D98-E2B,2024-05-18,7774.77,ESTORNO,38407651000173,False,INTERNET
f99980c3-3128-47a6-bcbf-732e19700980,7FBB5C7D-AD8,2024-03-29,3360.94,TED,69781035000101,False,ATM
f53edfa6-198b-4fed-90a9-aad5c53dbfda,B651FFFE-4FC,2023-04-02,15125.07,SAQUE,65742139000156,False,ATM
0c073239-3ed8-49b3-8397-e673b267a1fa,D6CF18D8-C3A,2024-06-12,18524.01,TED,86230914000164,False,POS
a3260aea-1ee8-4af3-b7f7-aeef87112b8d,6AA468DB-F4C,2023-03-09,19787.57,TED,,False,ATM
338796ea-0a7a-4938-bbc8-9810671dc2c6,4E80E524-120,2024-06-20,3392.54,PAGAMENTO_BOLETO,69207354000108,True,INTERNET
fe69838c-007c-4b3b-aabc-2e74104a199b,58055D5C-B21,2023-07-25,21879.7,COMPRA,93781542000120,False,ATM
5ac2c48b-148b-46ab-b330-6a2b79b6cc74,47331903-D7F,2024-01-05,1265.41,ESTORNO,04851926000141,False,AGENCIA
993b9d1e-17c5-4042-917c-cb28dba79eb7,78EC04D3-5CE,2024-06-01,20587.92,PIX,48723096000142,False,APP
1ca5b3cc-5787-491b-9760-56c6afb6ea3f,B1A18F40-D6E,2023-09-05,17029.84,TED,10273956000110,False,ATM
c9fc865d-7cee-4be8-8c40-501421c2bff8,57106EA0-11F,2024-04-30,4440.83,PAGAMENTO_BOLETO,54789360000143,False,AGENCIA
7f2c9ead-c47b-42ee-a575-74512a1fb32c,2C8EDF74-278,2023-09-22,4089.1,ESTORNO,49302615000161,False,APP
24974ced-9bca-4387-ba0d-de6809cc3994,78EC04D3-5CE,2024-01-31,7127.81,COMPRA,07294365000115,False,POS
35fcb1a2-3478-4bb6-a208-5afa38f7cbfb,5CF57AA9-2E4,2023-08-08,19496.08,SAQUE,43096185000192,False,INTERNET
dd50c6cb-8e36-4077-8fe8-9fd432fb45bc,68E76439-1E8,2024-02-24,6728.19,PAGAMENTO_BOLETO,97314268000130,True,APP
949f92d5-2d1f-42f1-8e5a-979d4b4edfad,B7B44BF3-E1C,2023-05-16,11853.22,ESTORNO,,False,APP
e32939ea-e3fb-490b-98d7-8d8b1a002721,D05200EB-CD1,2024-09-14,5595.42,TED,59640218000153,False,AGENCIA
272f286f-772c-41a1-9124-ce331449031d,39428893-575,2024-01-21,10596.03,TED,71036249000103,False,INTERNET
956fa563-94f7-4c8c-bd24-38397c29bedd,9BFB8CD2-694,2024-11-24,11668.25,PAGAMENTO_BOLETO,12365708000125,False,ATM
63e33feb-0e39-47c6-9dd1-4914dfa86f84,BCFBFD45-6C5,2023-01-08,14612.8,PAGAMENTO_BOLETO,68403579000177,False,AGENCIA
43726dfe-aca6-4f55-bcd7-eea013bb6061,62839D01-28F,2024-08-31,14037.09,PAGAMENTO_BOLETO,97381542000193,False,APP
5c1f54e0-6703-41d4-8d74-3e2d33f1a026,A82B9A72-283,2023-12-11,12044.24,TED,06382954000192,False,AGENCIA
e5b144f4-9536-4faa-948c-56147938fa09,677F429C-354,2024-12-29,6529.78,ESTORNO,95678024000100,False,INTERNET
729605d4-d31c-4df9-a652-edfc0866e8a5,CE99382F-A02,2023-09-04,12933.06,COMPRA,54103972000130,False,POS
b37f5230-9a74-4a44-85dc-9cdcd703b6e3,E035A2E3-186,2023-11-24,10103.35,ESTORNO,60325187000125,False,APP
56dd731b-cbfa-446b-a3c6-7b37e4cb816e,AD6C2C9A-4BC,2023-10-30,16385.53,TED,75143986000158,False,ATM
045a0c6e-f4ad-4fca-b53d-9e35da3cba13,BA2097E1-7E5,2023-02-06,9707.79,PAGAMENTO_BOLETO,,False,POS
329b43ce-bc43-4a5b-8a82-6e6798d12ba8,D05200EB-CD1,2023-12-18,20400.64,ESTORNO,81052679000164,False,POS
1aa0faa5-9854-4d77-b706-2606ffdfaee2,0B7F8E8F-550,2024-05-02,15958.38,ESTORNO,97123608000145,False,AGENCIA
90f573f5-773c-4de5-9d3e-c36ff5a9aef7,995F2F7C-66F,2024-11-04,21135.71,PAGAMENTO_BOLETO,08175326000161,False,APP
2455c237-94af-4f1e-948f-5bba2aeef2b5,8791F791-376,2023-09-22,11770.32,ESTORNO,75094612000190,False,INTERNET
72a58d14-cca8-4418-9b97-dfa44ec2fea5,CE99382F-A02,2023-12-10,23673.16,ESTORNO,37156049000148,False,AGENCIA
85b0db27-9896-491e-9f60-ac700fb76926,18E22FE4-666,2023-11-11,5584.36,PIX,18057346000191,False,AGENCIA
7296d411-85e6-43bf-87de-8baab3f7a7ca,F88FDEB3-526,2024-08-22,9293.0,TED,86459320000120,False,APP
b16a5ca2-4afb-4f03-b0a2-6e4e4f83371a,0555CB56-9ED,2024-10-11,11764.21,PAGAMENTO_BOLETO,39564182000169,False,POS
fdff36a7-b8d0-4d8d-bb37-6c2b4a0dfcca,3A8256A4-B54,2023-07-19,1781.79,PAGAMENTO_BOLETO,69083415000172,False,ATM
c221578e-57f0-415a-8f07-205b4ffce04b,58055D5C-B21,2024-02-28,13246.67,COMPRA,67385190000183,False,INTERNET
d8d6bdd1-f3a4-4b2f-b0d6-98063d1eb74a,7AD87DDD-706,2023-07-25,3435.43,TED,73625109000198,False,POS
c0bc00d9-6231-420e-9d0e-fc473d719d58,5F04780A-40F,2024-04-13,22321.29,SAQUE,70563841000192,False,INTERNET
9736d89b-bf2e-4d04-baf3-075c58d1825b,93078DA7-767,2024-05-14,19473.86,TED,34652719000129,False,INTERNET
c09242f4-ae24-4b97-9a1e-2d97294c3e0d,56D6FE2D-8FE,2023-03-01,7836.38,COMPRA,95184623000178,False,INTERNET
559710ac-4594-4621-87a7-daf80acab098,D77900B1-D91,2023-06-22,19030.19,PAGAMENTO_BOLETO,45078139000196,False,ATM
c4374bf1-2902-4600-946d-8d89a5ed9b44,868F5BA6-7AF,2023-04-01,19630.59,SAQUE,29360841000191,False,ATM
2c5bea82-4711-4740-93ca-1848764ad3bc,7B71A5BC-EDF,2024-05-03,10085.73,PIX,82053716000111,True,POS
cb5fbca2-ebbd-4283-82f4-384e1e29bc69,F732FFEC-0D1,2024-01-18,4986.56,COMPRA,20346789000144,False,POS
21317682-b255-4458-b872-e5ed72b26a93,C7D00506-2FE,2024-11-23,4765.63,COMPRA,39257410000158,False,INTERNET
9c76bdc5-0464-4f1c-a401-8a695b6fb098,4210A323-D6F,2023-12-19,5657.8,TED,08642371000189,False,ATM
ec6a8c00-df64-4073-8eb2-2f8ac161442d,CD82BAA4-48B,2023-11-10,12584.16,SAQUE,70432581000116,False,APP
d122a5c6-c555-4cfd-a6a4-bbaf41487a5d,A82B9A72-283,2023-10-25,7456.11,PIX,94781235000101,False,POS
9186c7c0-e81b-48e6-8f1d-1e493f71827d,3902F1F6-EBF,2024-03-20,13103.65,ESTORNO,83105274000172,False,AGENCIA
83061de6-91a3-461e-9758-8620872ca7aa,BC44968A-ABF,2024-05-16,24903.48,TED,46832571000193,False,INTERNET
0914f93e-dabd-4906-becf-6fc2262159ac,7E63ADB8-846,2024-02-18,23702.19,COMPRA,35461798000153,False,INTERNET
8c2b38af-5a34-4ffa-b0ab-b25462661a87,148F3E96-F1C,2023-01-23,5280.94,PAGAMENTO_BOLETO,58974120000170,False,APP
ea617246-26be-44e9-a054-3a2a4e7d8334,83A3630D-986,2024-10-28,9165.74,COMPRA,97135068000110,False,AGENCIA
98f7bc52-6d3d-4e74-846e-ab9ae822bf3e,9EE31C47-B9D,2024-09-30,19281.58,COMPRA,03682497000163,False,APP
73a4a6e5-a9fd-444f-ae70-08581e1a0001,E662A59B-095,2024-10-31,16549.75,COMPRA,32576198000142,False,APP
7488aa4b-a458-4015-a145-f345b82b54b5,3FFD1064-90D,2024-01-25,10420.26,COMPRA,54721963000103,False,ATM
ab72bd06-8a74-41c2-9f18-c0506cecd015,8791F791-376,2023-07-30,17547.15,ESTORNO,85972601000119,False,APP
d16569c4-7201-471d-8938-5d3d23ef12ad,2B1DF965-AA8,2024-11-08,7528.96,COMPRA,15369270000141,False,AGENCIA
5cc9fdda-cc3a-4bc7-96c0-8b3d16a573f6,3B68AAE2-734,2024-12-18,15570.51,SAQUE,68512079000173,False,APP
36425785-af8c-41f2-a8a7-898bba2d8303,FA9EFF19-5B7,2024-09-24,12790.35,COMPRA,32794015000165,False,APP
3a9539db-78cd-439a-93d5-94b88053acd5,D3EECC52-E33,2024-09-15,12444.23,SAQUE,18542970000184,False,POS
580ea88f-2343-4f3a-87bd-fd8c1641c740,21AA2292-A3D,2024-01-02,24328.03,ESTORNO,54138096000188,False,INTERNET
c6e48dc2-a8f8-4c16-89aa-5506e564b9f5,9966908A-182,2024-05-23,986.58,SAQUE,59712304000124,False,ATM
9daf92cf-3f55-49fd-9553-2f944b6f918c,975963AD-97D,2023-01-03,8266.09,COMPRA,12046795000158,False,APP
6bc34038-7484-47cf-8221-646db9e6f640,DF38BAED-4E2,2024-11-16,20881.05,PIX,04891537000140,False,APP
7e67d792-539e-4237-abd3-e52cb5e16b2d,5C0F3CFD-4BA,2023-03-18,19488.49,ESTORNO,31527890000118,False,AGENCIA
010dd587-cc7f-49cb-ad84-06ce837eb65d,2AA9353D-609,2024-04-12,16108.95,TED,53146790000184,False,APP
5a21f664-4ab3-49e8-8603-5dd79eea373d,6EC8FB61-859,2023-06-28,2496.57,COMPRA,14357826000117,False,AGENCIA
ba7eb5a0-5030-42cf-ad94-4b9b8f0dfa2a,3D6A8A02-684,2023-11-17,20040.2,PIX,56072814000196,False,APP
92580cbc-9904-459a-bcc0-1338d58d388c,D7F780D9-86D,2023-02-16,21281.37,COMPRA,61382950000112,False,INTERNET
b5d15c5a-e5f0-4138-ab2d-3abdbb503ece,3D8FEF6D-DFF,2024-03-24,8217.53,PAGAMENTO_BOLETO,52901346000164,False,APP
f284b06d-c948-47ca-bdfb-6d94eb16049b,FC5E85F8-30E,2023-12-17,9316.49,SAQUE,81907246000143,False,ATM
12045b33-c457-4b9a-93fd-5ff44128afa9,67C76346-1C6,2023-10-06,24057.8,PIX,96841570000183,False,ATM
388c6567-10c0-47dc-b17c-81e13b3331ca,44F065AB-2EA,2024-10-26,19997.78,SAQUE,35179480000184,False,APP
ada61365-b97f-4bec-88ea-be38f659b398,514D1FFF-609,2023-06-13,24539.26,COMPRA,03645289000194,False,POS
2c46df4d-a778-4d02-a13e-d7943e1368c1,4C6D5EA5-40B,2024-08-05,12067.65,ESTORNO,,False,POS
ec7add03-e60f-48f2-90a6-bbf16633791e,1FB0EFAF-649,2024-01-03,9494.7,PAGAMENTO_BOLETO,92604785000120,True,INTERNET
266bc283-bde0-41d8-98a0-2c1c6a028120,F7ECC688-7EB,2024-05-14,12077.77,COMPRA,15064923000184,False,ATM
c5f420e0-a44e-4555-b726-255bfba0dc3b,7DE3D174-99D,2023-09-25,1150.74,ESTORNO,27056143000171,False,POS
b219bdbe-f365-48f0-9481-c798ce4f4f09,BA342EB6-760,2024-08-13,19188.57,ESTORNO,04892356000138,False,AGENCIA
550e681b-28fd-46c1-91f1-ca7cc127ce87,3D8FEF6D-DFF,2024-12-05,12978.21,ESTORNO,89035716000138,False,ATM
fc0dc124-bea2-4059-a077-a0c28f654e1c,37E8DF7D-3E6,2023-09-12,16543.34,PIX,53968041000132,False,ATM
7e7003ae-8b5a-4454-b4ce-9fa59f619bd8,B49889C1-FBF,2024-07-25,3717.64,PAGAMENTO_BOLETO,83957426000165,False,INTERNET
81794480-c90e-4e47-a92e-180a5032b823,0555CB56-9ED,2024-04-25,12639.93,PIX,82570419000143,False,APP
a0e0bec7-8bc5-455d-a3b3-c0aa9ffd8688,8051C3EA-001,2023-11-25,18786.12,SAQUE,19647350000172,False,AGENCIA
ccf341ca-c662-4884-b226-d82da2956369,486958AD-C07,2023-08-17,1260.19,PAGAMENTO_BOLETO,45903281000120,False,ATM
3f6b9258-555c-423e-a713-9296d3f84fa7,07EC18E1-7E1,2023-03-22,20427.86,PIX,91540826000107,False,POS
08da6d30-27a9-413e-8165-48c36be42d2e,EB600701-C37,2024-05-25,11203.29,PIX,38205491000180,False,ATM
7b6c2704-d261-48f3-b82a-8d86acfd4eed,B243CF79-4AF,2023-01-19,18631.36,COMPRA,09124568000199,False,APP
39f0fc3c-386c-46a2-9f7b-dd4dba0ffab0,E9BB0CDA-96B,2023-01-01,13928.94,COMPRA,46820795000185,False,POS
5333c7c0-5c77-4d5d-8d49-d334d6ee5967,ADD79F07-489,2024-06-04,15939.0,PAGAMENTO_BOLETO,18402597000166,False,ATM
eae6b811-f138-4a16-ab88-0b51cb77f927,10389AAB-01F,2024-01-08,23758.95,COMPRA,14705386000141,False,ATM
8b2c9928-ed48-4397-b519-28ce387e398a,4E80E524-120,2024-09-26,8300.32,PAGAMENTO_BOLETO,56023491000140,False,AGENCIA
3eb6c7cc-0a4f-4716-a65e-1c6bac666e0a,AD6C2C9A-4BC,2023-04-27,17898.26,COMPRA,61245970000141,False,INTERNET
8d84a459-ae86-4422-b2d0-792ec74aa286,B49889C1-FBF,2023-12-30,56.42,ESTORNO,41359607000140,False,AGENCIA
31784112-70df-4763-a258-f253021e711d,841E8850-39D,2024-01-18,13692.94,ESTORNO,63425807000196,False,INTERNET
3f09fd63-1e3e-44a3-b29f-5f55061e0f15,A803A59C-4AC,2024-02-24,12311.31,COMPRA,21853960000174,False,INTERNET
99991ffa-f67e-4c6c-a367-89dc27650783,F40EA3C3-011,2024-02-07,4689.8,SAQUE,41073928000183,False,INTERNET
16bed90d-cecc-42d5-81e4-b17719032984,B651FFFE-4FC,2023-04-21,17920.12,PIX,37954218000195,False,POS
a9f29992-5f43-4de7-87ab-80f4b20c4dd6,78EC04D3-5CE,2024-04-06,3081.79,PIX,,False,POS
fe50c27a-8404-4de2-97c1-21e4bfb4f7b2,B8360065-FB3,2024-05-25,3367.2,COMPRA,29413708000156,False,APP
587497a1-3b22-4423-9bd4-c8f70ec7a6af,65386D23-32A,2024-03-19,13831.33,PAGAMENTO_BOLETO,83961457000190,False,POS
1f33f30d-b811-46ca-898b-154e1d78c4d0,BA2097E1-7E5,2023-07-01,19527.37,ESTORNO,06598143000123,False,INTERNET
eb71ac81-918b-4e97-b04b-2092eb19a671,B651FFFE-4FC,2024-11-04,2590.19,PAGAMENTO_BOLETO,86201374000190,False,AGENCIA
8cd29766-fea0-4787-bf59-e50918917ea8,8AE5A60C-D14,2024-01-29,12603.5,PIX,39027415000194,False,INTERNET
98e376f9-99e2-46c4-91e4-95096708be13,7A96BC67-B9B,2023-12-18,6840.99,TED,23860547000162,False,INTERNET
ce80da2e-4983-40a3-899e-521e70cdb87a,5CF57AA9-2E4,2024-09-08,3455.79,ESTORNO,95042176000112,False,POS
3b5d04d2-08df-4c68-ae2e-28b854a1a73b,019DD80D-CE2,2024-12-19,7473.88,PAGAMENTO_BOLETO,,False,POS
f3a94f12-aa99-4860-a719-bf05d3f69562,35431FCA-B9B,2023-07-25,15815.13,SAQUE,20163458000179,False,AGENCIA
8a995d7b-2bf3-428b-ad88-d3e26580d7b8,94E29C76-8D2,2024-11-19,17165.75,SAQUE,82531647000104,False,INTERNET
368a5dce-9024-49fe-b7ee-e3726e4bdae5,E1915BD6-A01,2024-12-11,12598.08,ESTORNO,93021547000154,False,APP
dfc738c0-39b4-4f80-b3f5-017b9f8cceb7,40C10B49-60A,2024-07-29,19019.73,PIX,46501293000191,False,ATM
797c333f-681e-444c-b042-6568359b3b8f,4C50E255-9D4,2024-06-30,16856.58,TED,10869732000176,False,ATM
ce642525-d6fb-42cd-b3ec-f1dd0486f4e7,BC413E0A-A58,2024-06-19,20207.91,COMPRA,40761359000104,True,INTERNET
78c733b6-79b1-4792-8b33-4a1550cb68ef,B5314841-8B2,2023-02-27,1328.05,SAQUE,82970351000190,False,INTERNET
b2ebc537-1c5e-48ba-a5d3-a65b133ad8b1,E69A3FEB-67F,2024-11-30,24588.33,TED,34768512000114,False,APP
b1cfe11c-75dd-4537-9052-30b6457e002e,F0DDEE1E-1BE,2023-10-30,17265.34,SAQUE,03521984000144,False,APP
53851785-a7b7-494e-8104-7d3226939a42,83A3630D-986,2024-04-08,8968.02,COMPRA,74015932000144,False,POS
aa53f374-2b21-4aa9-8df9-113f7b061a33,034CADE2-4D3,2024-10-24,21621.24,PAGAMENTO_BOLETO,94850617000140,False,POS
199bff96-08a3-412e-a888-5464f99c14af,976B6252-DC4,2024-12-13,19608.0,TED,93657140000118,False,APP
71b6e9fd-1c7e-416f-a770-ec6d24192d27,D067620C-54C,2024-02-01,23162.23,PIX,21748056000107,False,AGENCIA
de7086a5-beca-43f2-bc95-18ddb08a263a,F58A26F9-93F,2023-02-25,24145.88,COMPRA,40823571000140,False,INTERNET
acaade87-1744-4e96-b136-ad5e9e396225,330D0315-9CF,2024-03-29,15514.61,SAQUE,96420573000143,False,AGENCIA
ea6268e9-de34-4cbf-982a-16271459283b,52F07F56-04F,2024-07-13,18878.06,ESTORNO,36712954000174,False,INTERNET
82065152-f8ee-486d-837b-cdb1eb0f65f7,5D187F55-29C,2023-07-01,7355.5,ESTORNO,89524706000166,False,INTERNET
93760cc9-d5a8-4d9b-843c-90bb1334e8e9,5416063C-534,2023-05-03,18377.38,PIX,39465172000176,False,AGENCIA
2ad14827-1e2e-40aa-9be1-92ca96565624,8D95AEC4-371,2023-05-14,13915.63,SAQUE,75104298000189,False,AGENCIA
dfb78654-c6ef-4431-bd1d-1e9250900cd1,44F065AB-2EA,2024-04-22,142.62,ESTORNO,,False,APP
cfaca9b3-3255-4188-86ab-fdefe8063486,738C3C36-13B,2023-11-27,3843.85,PAGAMENTO_BOLETO,56273084000191,False,POS
57d4d940-12dd-4d24-8401-4612d69242ab,4E80E524-120,2023-11-05,21078.73,PIX,46398572000171,False,POS
a6c29e0b-7c5d-42ef-a1e2-54cdeed054ff,89BF7BEA-4DD,2024-12-25,8953.1,TED,84239061000104,False,INTERNET
9a93aa00-dcfc-4364-bdc8-02a0fa652389,3D6A8A02-684,2024-06-01,13015.88,SAQUE,58067139000132,False,POS
2e14e723-cbd0-4617-bfec-fc46cffa079d,53EFDB0B-6B0,2023-12-24,10086.32,SAQUE,01287635000184,False,AGENCIA
52f37cd2-385e-49b7-a691-24cc4db9caee,C765728D-5F2,2023-10-28,8277.67,SAQUE,87405192000102,False,POS
e5e1c034-3f0e-4630-a1c1-19583c2992b0,9D709769-FA5,2024-07-28,13263.18,ESTORNO,81725690000148,True,AGENCIA
996baf84-bd07-4d67-84af-91d5e43759eb,841E8850-39D,2024-10-19,11142.51,PAGAMENTO_BOLETO,45136290000133,False,INTERNET
f73fd913-cba4-475b-b4b1-535152d9fa1f,0994066F-023,2024-11-29,23972.48,TED,97540281000107,False,APP
94b1c0cd-1968-402e-b691-0666dac1c0fc,24B74B31-A04,2024-07-07,9647.82,ESTORNO,,False,POS
6427a7d4-12d6-44eb-b21b-aad4319fd869,B29EFC3F-0B3,2024-01-19,20552.99,PAGAMENTO_BOLETO,,False,ATM
f850b10e-829c-4009-98bb-574938a2e719,9FD3F770-262,2023-10-31,12170.89,ESTORNO,98371524000193,False,POS
8c387c4d-4069-435b-9cc6-485d3a623c84,6521CEC9-AA2,2023-04-09,2060.01,SAQUE,12860537000100,False,POS
7af4a0a3-f629-4573-aa83-d4abab4dcd4d,F7ECC688-7EB,2024-10-03,13330.85,COMPRA,,False,INTERNET
5c928a05-bb73-4a3d-ad09-387743f43e50,AAB6D5ED-143,2024-03-10,21623.97,COMPRA,,False,ATM
6761155c-59e9-46dd-a3f4-c6d116f869ae,2E9ECC29-FC0,2023-03-15,16164.56,ESTORNO,46579218000143,False,APP
fb97a4c1-84f8-49fe-a9db-04815fc8ce9f,B1CB31F4-592,2023-12-06,11481.44,COMPRA,98362104000140,False,APP
24b8e60b-3a4c-44cd-8ddc-4edfef65a62f,83A3630D-986,2023-09-15,4451.04,PAGAMENTO_BOLETO,52341698000102,False,INTERNET
bba7f917-b6f8-4461-a133-d7e21f3c979d,35086199-94C,2024-02-22,22774.8,PIX,18460592000190,False,ATM
514ec240-3ce9-4ada-9110-f6d9bd996f31,A585B805-C57,2023-01-18,10826.48,PIX,98725364000133,False,POS
75168ac0-b472-4153-be1d-944fcec4c10d,4E80E524-120,2024-09-25,148.96,COMPRA,56918274000119,False,POS
411e3832-3016-4f7d-95fb-a3a82f280087,4C6D5EA5-40B,2023-03-16,1139.35,TED,32741065000184,False,APP
70429ccb-48bb-40b8-937c-50c710cb2839,7938E4EE-F83,2024-12-03,7246.98,TED,53872901000130,False,AGENCIA
f0496fc3-7277-4b77-b233-3d49b7060213,37E8DF7D-3E6,2024-03-24,19132.21,PIX,50271684000134,False,APP
f7ff1da1-dced-4efa-bbc6-dc3994a80571,EEA83E73-983,2024-06-30,11850.48,SAQUE,72405186000170,False,ATM
9e55f7a0-0880-448f-89c1-5006ab018c8f,6F5CFB6C-65F,2024-07-12,19919.57,TED,01369728000158,False,INTERNET
f7ea43e6-b647-4cb3-ba37-e2082240a26b,7ED99614-32E,2024-10-25,7452.47,TED,80735496000180,False,APP
1b01ada4-1df2-4ad3-a2b2-92000ffa0726,5BF500E4-8BE,2024-07-22,13838.77,SAQUE,62819047000139,False,APP
be79a3a1-b289-43ed-ac2f-2b7931723195,06BB587F-947,2024-02-08,14318.61,PAGAMENTO_BOLETO,78241396000156,False,APP
adad322e-102b-439f-8e81-b9c56abc84b4,4B684163-4DF,2023-12-19,7618.32,SAQUE,30496517000184,False,POS
7a16a8ea-6a8f-4ce5-b309-fe5c904e441f,CD71151C-8D6,2023-07-08,3562.66,SAQUE,70143925000177,False,AGENCIA
f9e29152-5be0-4752-a8c9-7ab3d0ea1544,6BD3FEE7-2F6,2023-07-05,4859.36,ESTORNO,49832017000102,False,APP
4f95e7ac-5bc2-4a20-909b-636336d27ea0,4E4BAD67-F25,2024-07-16,21284.92,PIX,89051437000168,False,APP
bec63a56-6c97-4a41-b0cb-efa196ebf06b,215AFA8C-231,2023-03-10,7267.38,TED,90283756000188,False,POS
e05bba04-f4c3-4619-9bc7-36054eada512,2E9ECC29-FC0,2023-12-05,12180.53,TED,17854290000133,False,INTERNET
8966ef69-dfbc-49b7-a52a-274cbe57f4bb,B6F46681-0D4,2024-09-26,2502.48,COMPRA,91045732000153,False,AGENCIA
bc24d0be-195a-4eb7-9b93-b64b701c357a,7EB4C730-057,2023-12-03,12147.3,PAGAMENTO_BOLETO,18592760000109,False,POS
1039b7db-7fed-4847-b5f2-5bc1e4c8d925,1F1CA918-5F9,2024-08-03,3811.15,TED,03947826000150,False,ATM
a8e12309-d0b2-42f1-81b3-f0f12b7f08bc,10389AAB-01F,2023-11-17,4217.23,SAQUE,54786309000188,False,ATM
cd022b6b-0563-4bc3-ab3b-9a79c1bb9783,F0263AD6-AB7,2024-01-04,6918.08,SAQUE,34926587000186,False,AGENCIA
42d76b15-aa49-44dd-ad9d-b04c16687406,077CCF83-220,2024-04-18,21947.33,PIX,46019258000130,False,AGENCIA
bb9c8d9d-c3a9-4270-ab7c-a5aa3f5e08da,89CDAE3A-AA7,2023-04-22,12175.05,SAQUE,28073549000125,False,APP
7013755c-0ff2-40e3-b063-4e3f3432b13c,F4417018-1F2,2023-05-24,21045.06,PAGAMENTO_BOLETO,81069435000194,False,APP
2405b18f-6ca7-41ca-938d-e0f47e8c9185,A803A59C-4AC,2023-01-20,18186.04,PAGAMENTO_BOLETO,,False,POS
b84c9a6a-ca36-417e-b7eb-16ab2e402b04,5BF500E4-8BE,2024-08-27,14473.15,SAQUE,68370192000161,False,POS
51eaf77b-e8f5-4dc2-b67b-1ccd3c6283f0,BD679CAA-B65,2024-07-06,6516.52,PIX,51802793000101,False,INTERNET
63ef01ab-123c-4491-b826-f5768ef79a28,164AE852-07F,2023-08-17,9146.42,PAGAMENTO_BOLETO,23405179000162,False,AGENCIA
574f9c8a-40e0-4212-a740-4a8b143ba0f1,F6A87F05-958,2024-05-28,3348.33,PAGAMENTO_BOLETO,49852306000165,False,AGENCIA
1f26acb3-8dbf-48c6-995b-a8673bf15599,24D04B83-419,2024-11-09,12554.93,SAQUE,65132408000162,False,POS
e6f9ae48-d7fd-4341-a137-acd3b70f7267,8F63128C-CEB,2024-06-10,17104.52,SAQUE,43518702000174,False,INTERNET
b21d3a25-acb9-493a-b68b-def2aacd3a72,BD11DD49-A39,2024-08-02,14159.58,ESTORNO,67241305000166,False,INTERNET
c4265172-abc6-4824-8eb2-12524f472107,CBC8DA3B-193,2024-05-10,18398.39,TED,82561470000199,False,ATM
35a3f1c7-6b56-4c0e-9a36-d91d07e953cd,46EDC7BD-AE1,2023-09-28,5794.9,TED,27083615000185,False,INTERNET
5b601942-7036-4ba4-8236-25f200f6e6ef,17E7ECC4-C30,2024-01-05,12947.85,PIX,69047385000149,False,ATM
d58be706-555d-48bc-83c5-ebde2cbea96d,E920FF38-E78,2023-02-10,22038.98,ESTORNO,65182934000137,False,POS
4631d7f0-61b1-4413-9f00-df412bcb5001,B7D4F20A-354,2023-10-08,15839.72,ESTORNO,49305827000100,False,POS
ae9cb77b-bd8c-415c-830b-1053779f8d02,7FBB5C7D-AD8,2024-01-21,14254.65,ESTORNO,78463019000161,False,POS
9e2ec291-c5bb-4407-b720-85e6678c1e6e,96DA1266-C0E,2023-03-21,16333.93,PAGAMENTO_BOLETO,97548613000108,False,INTERNET
f1626d7d-8115-47db-8c29-7c441a4b08a5,0DA24407-9FE,2023-12-28,12910.02,TED,56879423000188,False,ATM
2bc4795d-708d-49a4-b9b4-f8ebdbbca64b,E920FF38-E78,2023-01-07,22179.47,PAGAMENTO_BOLETO,72984165000156,False,ATM
7bc795ee-8086-4203-8149-91ae80279fbd,3BC1A2D5-34C,2023-03-20,4141.4,PAGAMENTO_BOLETO,65842190000130,False,INTERNET
6796159a-e7c0-4724-9bac-abf113dfd298,025CF5F2-09D,2023-06-11,3757.28,TED,37509621000105,False,APP
6af07ed8-dece-4330-a5fd-fac8ac025840,E05C3AD2-27A,2024-02-29,16528.25,TED,30784695000100,False,ATM
5c04753c-bebc-4dae-9c1b-fb91cea81831,5416063C-534,2024-05-05,16881.22,SAQUE,54901382000153,False,ATM
41afce9c-cd23-4999-a38e-facd7dbb0501,DEDA89E4-739,2023-02-14,562.62,SAQUE,65321798000119,False,INTERNET
b1436208-ef39-45b8-a183-9dae3dcb31fc,2AA9353D-609,2024-06-08,3369.4,COMPRA,53497201000102,False,INTERNET
c8e09d82-b910-4357-962c-a08efd36fd10,DEDA89E4-739,2023-09-22,1399.22,SAQUE,83257109000136,False,ATM
f1e3d079-0d15-40f4-bcab-10c9f87f02e7,3ACF757F-5CE,2024-07-31,14984.54,ESTORNO,54329810000115,True,AGENCIA
98b09d9f-0b4f-48b3-872b-9680313e9e3e,4E069749-559,2023-08-10,23681.43,PIX,71935842000183,False,ATM
656c623c-da4f-48eb-82fe-e26e8cbe9776,CB8DE8E5-AA5,2023-06-24,21682.76,SAQUE,48130257000194,False,POS
9ef7570c-20c2-4983-9ed1-a2f0c6a4e1d5,61E0D431-814,2024-08-19,3569.09,SAQUE,59320467000161,False,POS
ae999113-8fc0-4434-8396-c95be40c842a,F1CDD8F8-1EB,2024-12-03,6614.12,TED,53986702000152,False,POS
4dbaf724-2e9f-4bf8-b03c-d6001e693520,A2A3A921-AF1,2023-08-24,14765.51,PIX,34986127000143,False,APP
893aacfa-5783-4559-bb96-5306fd7ee0e4,F8C8CAEA-DCC,2024-06-19,415.54,PAGAMENTO_BOLETO,54029316000135,False,INTERNET
8441eca6-ba77-4002-a2ad-742bfafd1394,75EF2CEF-225,2023-07-01,15138.37,PIX,37586912000105,False,POS
e1af6452-9ff0-46ef-9e41-effb000d5f85,D632B177-F1C,2024-06-28,977.36,PAGAMENTO_BOLETO,06928374000158,False,APP
2d1a794c-1e89-4164-9f0c-d63eb8cfa417,930F7F60-FD1,2023-05-14,12056.8,PAGAMENTO_BOLETO,79246185000179,False,APP
fe0a0bb2-1bfb-4c18-b1b7-a7b999c38f5a,D005D28C-3EB,2024-11-25,22424.38,ESTORNO,23081756000108,False,ATM
ade0e6f4-773c-4df5-8c04-d3a5f9d802a4,F88FDEB3-526,2023-02-14,9260.38,ESTORNO,68523904000135,False,INTERNET
87f4263f-2b20-4480-9cc5-9b1f7615f52a,7E63ADB8-846,2024-05-08,23460.63,PIX,93247106000175,False,POS
742c8fed-2cdf-4b85-ab14-d4efa60c9d47,4EF11F0C-59F,2023-05-18,2444.28,TED,06524391000120,False,INTERNET
d4746f50-cad9-4b7b-820d-443f64b9d7e6,3E835CE4-F6A,2023-03-27,22752.27,TED,87123950000191,False,POS
df434ae4-64e6-42b6-b0d4-0d519418ed4a,8F63128C-CEB,2023-07-13,10217.05,COMPRA,73064192000173,False,APP
5ddb9508-1ab9-41c1-8bf4-b2c0ca42c09f,C71E42C9-FCB,2023-05-01,14450.31,PAGAMENTO_BOLETO,07851624000161,True,INTERNET
91bcbaf6-c5c5-4d1b-8ad7-1d49e5bbe482,3546D87F-992,2023-11-20,17194.64,PIX,58271934000148,False,INTERNET
13ab5dbd-9947-4c03-b013-96be2bd44cb0,09093D1C-963,2024-08-22,10652.65,TED,60784312000165,False,POS
16f20600-77a9-40b7-b502-179b648bab6d,AA120121-053,2024-01-10,10589.9,PAGAMENTO_BOLETO,96450178000103,False,ATM
6d58a338-860e-4df8-839b-4df1621a6c94,54501F75-460,2024-02-28,18874.67,PAGAMENTO_BOLETO,,False,ATM
998f6805-ad02-4f2e-b9d7-de56fcc07ad9,F8C8CAEA-DCC,2024-07-26,4469.22,PAGAMENTO_BOLETO,30594872000196,False,AGENCIA
21967ad8-b543-42d5-9b02-ea503b177044,AFB02E04-2E7,2024-12-23,14441.91,PIX,02657819000151,False,APP
e046650f-49da-43a2-a148-cf59ef53ef3f,A803A59C-4AC,2024-04-02,18695.73,ESTORNO,42905768000154,False,APP
09aa413c-3642-4293-9000-3ec93b0b1fdc,A459CF89-330,2024-02-15,5362.63,TED,82519076000192,False,POS
166d6990-37a7-4848-9d22-f294d9eb694c,EC5B23B3-57D,2024-12-24,17426.89,COMPRA,41053978000107,False,APP
9c5f17e8-d94a-4b6b-b251-7a2669fe37f8,3ACF757F-5CE,2023-05-29,20109.53,PIX,71983265000103,False,ATM
5ee6d07b-9fcf-446b-b47c-9d5b19ffc069,2028D94F-E51,2023-09-27,2204.89,SAQUE,70652813000141,False,POS
c7348285-3e34-44a3-8873-727ec74fc04e,C0FBC931-596,2024-01-29,945.33,PIX,07482693000145,False,POS
cd81dae9-e626-41c8-91c0-fec9711d1caa,43C6A944-EC7,2024-09-03,7162.8,COMPRA,57438196000118,False,INTERNET
8222a5dc-a865-4ffe-8ee1-a4c8ed867f52,3902F1F6-EBF,2024-03-25,16007.82,COMPRA,32014869000181,False,POS
4d456029-0713-4b19-9a62-d5b10d410775,CF2CB41E-A65,2023-02-04,7151.23,PAGAMENTO_BOLETO,63920751000146,False,INTERNET
7698294e-59b7-4efd-8c92-f52d61c0e06b,4FA36B7A-15A,2024-11-21,15380.33,COMPRA,65734108000153,False,APP
b7314d6e-025e-4a20-9204-6ed0a71e2ddf,EAC309AF-2E0,2023-03-30,24391.18,TED,73910568000113,False,AGENCIA
43e214c2-e7a1-4fac-bff4-628a3cca0d9b,8C23AC70-D20,2024-02-20,16742.05,PAGAMENTO_BOLETO,98326054000146,False,APP
dab9bf97-002b-4b22-bd76-ec7eec811f89,FC5E85F8-30E,2023-03-12,18423.53,COMPRA,21407896000106,False,POS
3b74ecfa-1faf-4dac-ad5c-85636ef34361,16754A36-435,2023-12-23,22875.35,TED,46753012000198,False,AGENCIA
53584f2c-116a-4f23-9a8d-fdbedbbed04c,58B2D16C-0F2,2023-07-19,5658.55,PIX,01473925000112,False,POS
780c162b-b263-4d1b-9411-8211f3f5e51f,C168C135-354,2023-06-29,117.78,PIX,28917405000108,False,POS
bbf3adaf-a0a3-4a93-9169-ed674710b3ed,164AE852-07F,2023-10-29,1811.04,TED,,False,POS
189d9d28-cfa3-48c1-8ec9-0de8a09a6d91,89BB5001-078,2024-07-04,23917.8,PAGAMENTO_BOLETO,78925064000190,False,ATM
364e8489-76f6-4da7-8ed9-befbcaba0610,09BA8F4E-113,2024-07-30,24151.44,PIX,13748605000107,False,AGENCIA
540dc3a6-1d21-4c33-b4a1-dd34aa7e1db5,025CF5F2-09D,2024-04-14,24031.03,ESTORNO,97241856000190,False,POS
5692918e-db41-40f6-9552-38966b018b2c,58339DDE-C00,2024-05-08,21550.79,COMPRA,35691782000137,False,ATM
1f4b3046-eaac-43c3-ac93-7c3e1ea6aa74,82B4C143-FF4,2023-08-14,15842.09,ESTORNO,13786520000113,False,AGENCIA
ccd91887-3b5e-4a11-930c-7cfa0d3153b4,D0A18F14-9EE,2023-12-28,10311.53,PAGAMENTO_BOLETO,36410725000103,False,AGENCIA
34e76c65-a364-47fc-ba95-fb71c30b9782,0994066F-023,2023-04-06,6207.57,PIX,41980752000143,False,AGENCIA
41fe372c-8540-4d38-9419-e3f3e3cc6358,81C3E631-AF2,2023-07-02,1902.11,PIX,08591746000129,False,INTERNET
94f00432-c8ff-4026-9e57-71135195c1a4,840DD761-523,2023-10-03,22358.06,SAQUE,69351724000186,False,INTERNET
277d471f-88c2-434e-9a9a-9d3f9be9a481,668A6E29-657,2023-07-24,12475.74,SAQUE,78291035000114,False,AGENCIA
71740b76-26c5-4d6d-9dc0-9433b56de8ac,ACFA7CDE-7DE,2023-07-27,5170.66,SAQUE,64538792000135,False,AGENCIA
026646c4-36a7-4e0d-a505-143f7a140926,2881897D-022,2023-04-20,3901.16,COMPRA,02819674000148,False,ATM
a50b6eed-1a63-4c3c-b389-9a50d31672a6,CE2E4510-929,2024-07-08,15346.25,COMPRA,80241936000143,False,AGENCIA
27840dee-a6bc-4e93-9d89-8b10fa5e3119,D067620C-54C,2024-05-19,15517.26,PAGAMENTO_BOLETO,56203497000108,False,ATM
554b2fc2-a346-4fbe-aff9-6b3dd08dff2e,E59DD6D4-E21,2024-06-07,4573.02,TED,51037296000156,False,POS
47edc4bb-c3cf-4ecc-b77e-593d2df4dc7c,EF19EEC0-BD4,2024-06-22,3207.46,PIX,73256410000171,False,POS
8ad5ec9c-de57-4751-8ba0-ad072a1b621d,DEDA89E4-739,2023-12-22,815.52,PIX,72416059000176,False,INTERNET
57a287e7-78e7-47a6-979d-f5b4ec3356a0,BCFBFD45-6C5,2023-05-04,11430.72,ESTORNO,46519270000104,False,AGENCIA
166a4423-3c6e-4347-aef6-86ffb7cadf28,A82B9A72-283,2023-01-13,17230.73,ESTORNO,39748502000130,False,POS
3f97b018-a26d-481c-b2f5-219d2e39cd03,9AFE5E24-748,2024-01-06,2520.04,PAGAMENTO_BOLETO,18643790000199,False,INTERNET
4e4f376c-0ebe-41b3-a115-9027dec52c54,62E073C2-900,2023-08-31,13714.76,TED,92581347000193,False,POS
ebec3727-5950-4620-8f28-6c71e9b3c60a,8AE5A60C-D14,2023-07-08,8578.4,PIX,96053742000154,False,ATM
7ff44fc9-eb6f-4c55-845e-9416d40e146e,025CF5F2-09D,2024-01-17,17518.26,TED,,False,AGENCIA
dcb33f19-237f-4099-a4fd-db6f7e953696,B15246BD-104,2024-08-08,11269.05,SAQUE,43015982000106,False,INTERNET
0bda5961-3b04-464b-be91-c98fb8407cd9,CB44EF57-2EE,2023-10-04,20355.05,SAQUE,84359602000120,False,ATM
7628652d-9d14-42ae-86a5-a50d78a59c98,D005D28C-3EB,2023-06-03,4902.79,PIX,18720493000108,False,INTERNET
8477b293-9a40-4994-9972-e384586360ab,6AA468DB-F4C,2023-05-18,10538.88,ESTORNO,70861249000177,False,AGENCIA
80168158-e942-497d-9082-f16726fd3dc3,732F188D-6EB,2023-11-04,19633.65,TED,95028476000147,False,POS
1b1d36f2-881c-4015-8351-6c7163c02ec7,6DFA9806-BEE,2023-04-12,1194.16,ESTORNO,38105794000120,False,INTERNET
48cdce6e-37ac-4ce6-866a-e8411b9e1ecf,24B74B31-A04,2024-05-02,20345.73,ESTORNO,32987064000114,False,AGENCIA
9d30553e-cc1a-433e-9d69-ade2fc3c6f0d,3546D87F-992,2024-01-04,6495.34,PAGAMENTO_BOLETO,68259340000175,False,AGENCIA
f0f58368-6a66-416c-8c8b-79dc50e2ea29,35431FCA-B9B,2024-02-26,8604.49,COMPRA,05761234000175,False,POS
9ce4679d-6701-48c1-bb6a-9108b8332217,CAD7888E-62F,2024-08-12,4975.15,ESTORNO,09251647000160,False,INTERNET
f3b91715-d3ac-4f8d-9b20-2d426695b1fe,6DFA9806-BEE,2023-10-19,24484.36,TED,80439265000120,False,POS
eaa636d6-0dfe-45d9-8b20-35c8bcfb4715,E8AC5683-D8E,2024-04-02,12188.11,COMPRA,05793416000128,False,AGENCIA
2aca8bf0-9752-46e1-9b90-9528ba389d19,B9CEE932-7C5,2023-05-29,11594.61,SAQUE,05937846000176,False,AGENCIA
742f5058-1c66-43f0-9f3c-67522c58f5eb,09310F82-F75,2024-09-19,10546.28,PAGAMENTO_BOLETO,92834057000104,False,APP
eb8f09c6-8e80-484b-9826-84f64586c4f2,047F0DDC-A98,2023-12-18,1979.18,SAQUE,18207953000190,False,AGENCIA
90c0e7c9-172d-478a-a3f5-cc2cd78dd72f,B15246BD-104,2024-09-11,17761.27,ESTORNO,95170328000162,False,ATM
1bab4769-86e9-4932-934e-69df20bf73a9,9966908A-182,2024-01-07,19524.68,ESTORNO,37892415000127,False,ATM
c6b13e36-f40c-4608-be59-d1c6283beaa2,447E8ABD-7DC,2023-07-08,10350.61,COMPRA,,False,INTERNET
aed1b3d3-995f-413e-95f0-a94de7624600,9D709769-FA5,2024-12-18,16551.07,ESTORNO,34520718000120,False,INTERNET
85256b76-d83e-478f-ab5e-35905aaa8479,9AFE5E24-748,2023-04-08,9927.04,COMPRA,14968230000153,False,ATM
183b2e84-4ff8-4903-832b-6001d7a5530f,F0263AD6-AB7,2023-01-27,13711.52,PIX,08652914000149,False,APP
aa51d598-4895-4991-8e5f-8431389485e7,61E0D431-814,2024-09-24,2599.55,SAQUE,47560189000130,False,ATM
2d6027bf-cbf0-469b-9e2a-3965f35f7d27,3CB008A4-3D2,2023-09-11,7735.3,ESTORNO,,False,INTERNET
1c7535bd-c812-4af8-9fb1-1a16f3c3068d,39428893-575,2023-06-24,3283.23,COMPRA,95321807000132,True,AGENCIA
30b4b49f-944a-43b2-b926-5036edffebf5,7DE3D174-99D,2023-11-30,21509.43,PIX,97146358000169,False,POS
0dce8759-01ed-4172-af5d-e8c83a2bd101,29E98154-23F,2024-07-15,23371.54,PIX,61397854000148,False,POS
db72ecec-3515-4e43-95bd-e25213f632a8,2881897D-022,2024-09-03,4427.15,PIX,87609452000153,False,POS
c40d7ce6-e584-4853-81f4-082c910ec727,56578C7E-3E7,2024-10-17,10875.28,ESTORNO,21798356000192,False,AGENCIA
81f02326-1a06-4f92-990b-34cc268fc6c0,4C12EBF1-37C,2023-08-21,12042.07,COMPRA,,False,AGENCIA
b03d49d3-286e-40c1-8fcc-4d24b5f90def,67F91DD3-4E3,2023-06-09,10305.98,TED,62098143000135,True,POS
0c7370b4-3452-4014-9f55-54c455fc27ce,C7EB1719-285,2023-05-20,20384.77,TED,03251986000160,False,POS
f8c59557-506f-4d5d-8582-fb95cd215621,DD2D8963-D7B,2024-05-18,209.42,PIX,40128356000120,False,ATM
ac680476-46b5-41ad-9669-ffcf6117bda8,6C6A2BC8-542,2024-09-03,19949.42,SAQUE,27539014000134,False,POS
d285636d-43a5-4773-ab20-ce2ea2c65518,CB44EF57-2EE,2024-02-26,9342.04,PAGAMENTO_BOLETO,07341659000150,False,INTERNET
ba2fb5a4-9740-4fb0-8dc3-dd19b04b7aa7,2B1DF965-AA8,2024-10-23,4082.99,PIX,43867159000110,False,INTERNET
a469607b-553c-419b-8123-7f5678591c27,E900AF4E-89C,2024-03-08,6575.61,ESTORNO,,False,POS
1d3c1ce0-7e49-4aeb-8385-c866ee3896a9,E776BC4C-E6D,2024-12-02,20189.66,TED,37421098000160,False,POS
6c94cb63-dc2d-4dde-a099-51eb126627d9,54501F75-460,2024-02-27,20220.5,SAQUE,26398574000153,False,INTERNET
dd321139-ec2a-4416-917c-d9c875f9aed6,E28737AB-035,2023-04-24,3416.9,ESTORNO,,False,ATM
5763854e-1984-4bc6-abb7-ba885f7d24ff,63C18B05-29B,2024-09-29,6804.45,PIX,18396047000181,False,APP
bc0a8ef2-2a5d-4fd8-95be-c9332f1c7ea7,C13A2A19-7CA,2024-07-01,3805.0,COMPRA,97064123000128,False,APP
c7688aa1-62f1-488e-9825-4eb19c95c8a8,7ED99614-32E,2023-05-09,7053.94,ESTORNO,16879530000191,False,APP
d5cdb959-fb14-4d2f-9d1a-a9f24867c62d,0FBBED98-579,2023-06-04,5821.41,COMPRA,,False,AGENCIA
3dc67d01-7c65-4831-ad51-798900012318,2EF8E3DD-D1E,2024-05-25,10506.95,TED,61795483000152,False,APP
d8c576bb-58c6-46fa-b73b-a9f0d0bb95b4,BC413E0A-A58,2023-05-30,8257.22,COMPRA,67083495000130,False,ATM
00316b6a-8ec5-49ea-b0bb-7d871d172d6e,068586DA-620,2024-04-26,1786.01,SAQUE,37416592000137,False,AGENCIA
69c806bc-dd48-492c-b5da-818bf1006219,BD679CAA-B65,2023-01-13,20431.54,COMPRA,94705368000107,False,INTERNET
590f3ce0-841d-4226-b659-b76ff9f2c480,58B2D16C-0F2,2024-03-29,9620.87,SAQUE,08571946000110,False,APP
07eb17f5-abb0-41f4-89a5-514115bb5319,D702CAE1-1FC,2023-04-07,4980.7,PAGAMENTO_BOLETO,47692138000162,False,INTERNET
09a41d32-dfb2-42a2-adc3-08819b133419,9BFCAD91-7E3,2024-11-28,11821.43,TED,56904732000160,False,INTERNET
75d783d5-4384-49a2-b424-11f1f0f1d7f7,AD6C2C9A-4BC,2023-02-13,15729.66,ESTORNO,45710892000152,False,POS
b027c846-865d-40ff-895d-a19de1cd4085,C4A6246B-EF0,2024-05-07,3054.85,ESTORNO,31659028000169,False,AGENCIA
9c69ebfc-8fde-469d-bf90-995e49eb2f91,C71E42C9-FCB,2024-11-13,22188.16,SAQUE,46379802000155,False,INTERNET
ea86f9cd-2d30-4889-8f81-40f252f1323f,6683E36E-CE1,2023-11-29,15823.27,COMPRA,89265703000155,False,AGENCIA
398728d1-1d5d-43b3-a580-f3a8e7e48ded,451C870A-0E0,2024-02-10,14618.04,SAQUE,70645931000122,True,APP
124f3755-3139-46a4-922a-a2742ac1af30,C6B07089-C0D,2024-12-08,14527.55,PIX,39457681000157,False,INTERNET
cbe644ab-1a5d-45f7-a71b-f24e11d0cb2f,BCFBFD45-6C5,2023-04-02,9285.91,SAQUE,14860925000117,False,APP
6af8c766-3201-4e3a-85b4-75a3df222518,F1CDD8F8-1EB,2023-12-13,17149.09,ESTORNO,,False,AGENCIA
619fdc03-8c6d-4904-a577-84e52a8319d8,047F0DDC-A98,2024-12-19,16114.91,PAGAMENTO_BOLETO,,False,INTERNET
50f7dc1a-8126-4333-8678-4174f89cea25,DEDA89E4-739,2023-11-21,12196.84,PAGAMENTO_BOLETO,34502681000108,False,AGENCIA
88021857-4fb9-4e86-851d-59804123d8d9,89BF7BEA-4DD,2024-03-25,20138.43,ESTORNO,30817594000199,False,ATM
0342ee1c-a4d5-4bd0-89ac-1dddaf442da2,9BF6290C-56C,2023-05-18,8955.15,TED,34582791000127,False,ATM
f9ab6782-d2cf-438f-9eb1-ee390fb45256,D77900B1-D91,2024-07-26,17666.09,TED,36905481000121,False,ATM
b18e104f-408c-4e4d-a726-35361d93320c,62839D01-28F,2023-07-11,4745.61,PAGAMENTO_BOLETO,27436095000147,False,ATM
82c85afc-81a3-40d6-996d-091d69ddb53b,9B16F806-DA5,2024-09-05,6884.2,PAGAMENTO_BOLETO,14832759000145,False,POS
7f5d2a07-357f-4083-8840-5b34201b204c,D4932C84-A6F,2023-10-30,3876.9,TED,89532670000162,False,ATM
e38f9633-f020-4661-b8fc-aa3d09e464fa,52F07F56-04F,2024-10-15,19.49,PAGAMENTO_BOLETO,21590836000163,False,INTERNET
622796b1-8b16-49e3-9136-a0bf2d0381bf,8D95AEC4-371,2024-09-26,22073.48,TED,46725083000187,False,INTERNET
11b5e47a-1489-4879-96a7-576eb3f971e5,B9CEE932-7C5,2023-03-06,8018.37,ESTORNO,37051496000132,False,ATM
c94209fc-9a02-4fe1-b12d-20a9b6990531,1CCA8889-E67,2024-11-30,4747.95,PIX,10246793000187,False,INTERNET
de04b9f6-02b3-482b-956e-50d630e893a1,ACFA7CDE-7DE,2023-11-27,15326.56,PIX,63420197000138,False,APP
f6b4dd1b-3e34-41c3-b1a0-cdae047a91e5,DC8908DA-8F7,2024-11-05,2407.76,COMPRA,91657483000157,False,INTERNET
736b9743-7528-4970-886a-d55dfb787874,00132D80-DA5,2023-02-02,4467.2,SAQUE,,False,INTERNET
57c78b43-f669-4eeb-a1d8-d65702921142,C6B07089-C0D,2024-08-07,2470.19,ESTORNO,46107523000132,False,ATM
eece970a-2063-4dde-bd0e-d7f041f1daef,21043012-9E8,2024-12-19,13146.25,PAGAMENTO_BOLETO,72491053000163,False,AGENCIA
a7ac9284-42d5-4f77-966c-e0d258678dfa,A1D85E40-DD7,2023-03-14,5519.24,COMPRA,16485930000112,False,INTERNET
18e91197-91e7-4807-8bc4-bece61b61d87,DB147EB2-6CC,2023-03-23,16394.25,PIX,56320179000119,False,APP
d7d22740-6be2-4426-9e18-782eb3c7c380,1CCA8889-E67,2024-03-01,9024.11,TED,10325964000163,False,APP
b7cfc20d-426e-40bb-8608-8c2dd3e777f4,3902F1F6-EBF,2023-09-30,20591.34,PAGAMENTO_BOLETO,43286517000100,False,APP
1a23fd9f-e23e-484b-a068-bbdb7511b68f,999B258F-314,2023-03-21,20861.66,SAQUE,19650734000144,False,APP
8f839d00-f1a7-423f-b9fd-1a2cec606a85,0083A2C1-6A4,2023-08-25,2531.98,PAGAMENTO_BOLETO,38610492000100,False,INTERNET
ec1cffb2-b9fb-4b61-aa89-6d55c7a79724,CD71151C-8D6,2023-09-12,13155.51,PAGAMENTO_BOLETO,63258170000190,False,INTERNET
6db13769-3527-41eb-a1a4-c9859d130e28,573B575E-B3F,2024-07-25,13961.25,PIX,37150924000184,False,POS
9913d780-cb54-47f1-b0c0-882b52092df0,06BB587F-947,2024-04-14,8950.05,ESTORNO,13267849000178,False,APP
51735455-a4f2-4b1b-a8dd-6f9c6a388526,1F1CA918-5F9,2023-07-04,4171.48,PAGAMENTO_BOLETO,18472593000154,False,AGENCIA
46388f12-a30c-4232-ae23-093c159b649f,976B6252-DC4,2024-06-30,16438.81,PAGAMENTO_BOLETO,78510649000140,False,AGENCIA
02c7a36e-7576-4f6a-ac88-f40470ea08a8,B15246BD-104,2024-07-17,22562.27,TED,61349752000157,False,ATM
eaff5597-6aa1-4ec6-8b21-3473a38058ce,B3F7EBB1-A6D,2024-03-16,19104.96,ESTORNO,75120493000100,False,INTERNET
6cba6d68-2ab1-4805-8f29-4de02cc4b8e3,6EC8FB61-859,2023-08-08,14079.27,PIX,74561208000116,False,AGENCIA
06dd27ca-63c7-4c65-8579-aef1b7a17b81,A5504EF8-9EF,2024-04-08,9001.17,PIX,57269438000197,False,APP
83ee4da4-bbd2-4ec7-bae3-83165a260c51,7938E4EE-F83,2023-10-19,18158.24,PAGAMENTO_BOLETO,59781423000139,True,INTERNET
1190f80c-56be-476b-9cb0-1b3cb9401d74,975963AD-97D,2023-11-06,24835.31,COMPRA,78361052000180,False,INTERNET
830b034a-59bf-453b-bed0-1a5455ac3b77,019DD80D-CE2,2023-11-19,5371.75,COMPRA,57382140000199,False,AGENCIA
48f45716-6ea1-46cb-bd4c-72811b625ce6,B1CB31F4-592,2024-06-07,22977.92,PAGAMENTO_BOLETO,60579481000163,False,POS
e6ac5a50-6d9c-434a-b7c6-a42ea1c885fd,4976E05D-750,2023-02-08,3869.14,PIX,05467813000100,False,INTERNET
139927e9-171e-48a3-b889-246d7dc91155,C8928B8F-0A0,2024-08-19,6625.81,SAQUE,35697401000127,False,AGENCIA
3d10cb56-1a72-445e-a2cd-01a8936cfd20,3A57D145-7AE,2024-02-14,2298.99,PAGAMENTO_BOLETO,38751964000144,False,APP
8c27822b-25b3-414c-82db-a05ebe91f596,0C5EADF3-023,2024-05-09,18089.93,SAQUE,36920187000199,False,POS
5ef6e4ee-aadd-4e98-9bb7-2867149823f6,15AD529C-E77,2023-04-08,20488.15,PAGAMENTO_BOLETO,01783265000176,False,APP
678f52bd-5f40-44c5-8edf-75884b925851,7872734C-246,2024-08-13,18270.14,PIX,28419376000154,False,APP
bfddf281-28c6-40da-b4ba-e9b4749fdd96,E99A2EFB-DB8,2023-12-09,23046.9,TED,50628341000184,False,ATM
8b51aa3e-cd0b-44ca-b8f7-414fbcd10242,9B16F806-DA5,2023-05-04,10413.92,SAQUE,64812593000173,False,POS
fa974b15-af0f-4319-a585-a0caa5431a9f,EAC309AF-2E0,2024-10-11,23216.44,ESTORNO,71035428000118,False,AGENCIA
20cd6be6-53bb-460d-a6d6-02e80943837d,8BD26CFA-FB4,2023-11-23,13110.3,PAGAMENTO_BOLETO,79812563000134,False,AGENCIA
8d2e4074-e04f-4502-ad77-8b535fa1b811,2D056ED2-044,2023-08-15,12560.79,SAQUE,23706481000150,False,ATM
6f6bb470-dee2-4ad8-b0f5-70404ce0ad92,68E76439-1E8,2024-09-01,24276.05,PAGAMENTO_BOLETO,49628351000130,False,INTERNET
973b6393-2582-4dbb-bc88-4b56899e11a3,BD11DD49-A39,2024-02-08,10799.24,SAQUE,52806143000199,False,APP
8261ac70-c78b-4562-ab00-ded7a81be077,A8097D86-5EF,2023-02-20,11897.15,PAGAMENTO_BOLETO,68203715000185,False,APP
6c55b60c-5d1a-4d74-8adc-c28c78a72685,5051CF2D-63E,2024-03-20,9964.08,ESTORNO,78592143000127,False,INTERNET
2afedc0e-c633-4820-9b54-6b0f8d5e6b87,F732FFEC-0D1,2023-07-22,12023.84,PIX,16025983000150,False,POS
8e4d7189-8069-43dc-b9fc-e07a60fc08ae,AAB6D5ED-143,2024-09-22,4903.69,ESTORNO,15248930000136,False,INTERNET
ee07ee2e-9636-44bf-89c4-a3b1a7f87171,04BDD102-FB8,2024-03-16,1792.49,TED,72056143000126,False,POS
a4a0758e-c425-4274-be7e-40a14dd2664f,C06F17DC-9A2,2024-11-18,2241.23,PIX,45928170000179,False,AGENCIA
a0ef3138-88c5-4a67-834a-9a03ced09a21,4E069749-559,2023-12-19,4763.46,PAGAMENTO_BOLETO,62347891000104,False,AGENCIA
345a9635-1e2b-49d2-9766-3f5de7d760bb,F2C8DB91-74A,2023-12-25,4232.63,PAGAMENTO_BOLETO,24578619000146,False,ATM
5e6a4760-4171-47c3-a12c-d50052fb5e27,A37F74BF-331,2024-03-27,15580.12,COMPRA,03846529000119,False,INTERNET
d7f06880-acda-43bb-b99c-8bc92da6b91d,D0A18F14-9EE,2024-01-18,4993.33,SAQUE,59601473000197,False,APP
bd894ef5-4803-43a9-ac99-3981745534ba,BC44968A-ABF,2023-02-25,2810.62,SAQUE,14302586000153,False,INTERNET
8463a83a-abcc-4673-9536-13d2a60f2977,4976E05D-750,2023-10-22,21719.01,COMPRA,96852140000167,False,APP
e742b239-3643-491f-be5d-cf7a3c698c49,61E830BC-5BD,2024-04-27,7628.99,COMPRA,84923160000100,False,POS
e1d34856-7f11-4d94-be09-ee5055303268,4E08B3D8-9B2,2024-07-13,5298.07,PAGAMENTO_BOLETO,01396284000140,False,POS
fa5630de-4839-47c0-b8ed-7753691d722b,42EF5C4D-DE5,2023-05-25,12076.43,ESTORNO,09781365000175,False,APP
aee060df-17f8-4b6e-aa70-cdb332a88e5d,09DD9ACF-25D,2024-11-10,9416.1,PAGAMENTO_BOLETO,78923051000182,False,INTERNET
8999f2c7-4d28-49bd-a710-75896ce181dd,8791F791-376,2023-07-25,1504.16,ESTORNO,06319247000151,False,APP
294c3d6f-3250-4581-baf2-b5dd1fefd3b0,2C8EDF74-278,2023-01-09,11624.82,COMPRA,18743609000116,False,AGENCIA
789486a0-42ae-43ea-8802-19dc9a663e0a,41447DF0-318,2024-11-06,16575.05,TED,83249601000160,False,APP
83f124a7-e8e3-450d-846d-e17b55d96a95,7AD87DDD-706,2024-10-26,7313.45,PIX,24586907000142,False,ATM
dfad2ac6-36f6-4506-8ccd-dc1b449c7ef8,164AE852-07F,2024-12-27,12714.25,COMPRA,68230714000120,False,ATM
c0f4d47b-fa11-4a8c-a5d4-3c673c84d226,6E88FF98-416,2024-06-28,21669.52,COMPRA,38124695000196,False,POS
48dcbbbc-b8ee-45c5-9ee7-d73d4d0bff79,46EF8FCF-C38,2024-07-28,24169.83,ESTORNO,38419506000102,True,INTERNET
2bd923b7-3c81-40b1-8d9f-fee93368d76e,67F91DD3-4E3,2023-11-09,23056.87,TED,38152064000180,False,INTERNET
90ed8c81-de22-4e87-817f-064817f6cab5,840DD761-523,2024-12-01,460.78,TED,86032574000167,False,AGENCIA
56317b0e-0d2b-4449-9a4f-d0aa2de9a172,46EDC7BD-AE1,2024-05-28,5906.26,TED,,False,AGENCIA
a6bb02df-4bcf-4b18-b6ad-39c87eeb1a59,1F1CA918-5F9,2023-01-31,21967.11,PAGAMENTO_BOLETO,08326741000179,False,INTERNET
4a279a47-a2a9-47b8-a04f-f1b998372688,3CB008A4-3D2,2024-02-07,3793.98,ESTORNO,58234916000196,False,ATM
381065af-1b54-4b78-a738-3b3890e3a8c7,43FBC6B3-A3B,2024-11-25,13018.67,PAGAMENTO_BOLETO,04123689000100,False,INTERNET
b1918827-803e-4473-a834-c735c51a95cd,C71E42C9-FCB,2024-08-09,10434.21,SAQUE,52816973000105,False,AGENCIA
8166645d-90f4-415a-a0a4-bc0fcc9e7c0d,2539F02B-4A1,2023-12-04,22743.52,PIX,29610573000119,False,INTERNET
b499c436-dbf1-4a37-a050-b44a12a970bc,210AB4C4-0FF,2024-08-17,16312.34,PAGAMENTO_BOLETO,97256831000160,False,INTERNET
da1ecb2a-24ff-4eb2-af8f-a3cf65b8a8ca,3230B053-3C0,2023-11-13,21564.9,ESTORNO,,False,POS
02361d3c-f0db-4ea2-916c-8a87a4e96c00,18E22FE4-666,2024-03-16,22739.2,SAQUE,32750684000135,False,POS
df1efcff-e8f0-4f4d-9afe-2ea17abc80ff,67F91DD3-4E3,2023-11-22,22927.93,COMPRA,29147035000130,False,APP
436d09b8-033f-4ffd-93b9-672a43564778,2F55F100-C7F,2023-05-30,4604.6,ESTORNO,58032674000158,True,AGENCIA
14004901-fb01-4f75-8ff4-453f24cf40af,81C3E631-AF2,2024-02-28,22003.48,PIX,72089431000187,False,AGENCIA
fbc58bd8-35d2-437a-b098-d8079b37de02,D9DA3C17-065,2023-07-12,3800.2,COMPRA,48623019000110,False,APP
3524cd14-21d7-4f21-b31d-c262bfb5d934,E05C3AD2-27A,2024-09-18,19061.54,PAGAMENTO_BOLETO,91460852000117,False,POS
f5b3e223-60e8-4a41-b9f8-35d14938f46b,347D3234-43B,2024-09-02,15309.63,SAQUE,,False,APP
541fab7c-d6dd-445e-8363-091d03dd99dd,6683E36E-CE1,2024-12-05,8982.49,PIX,38742065000185,False,POS
fed98c2f-3e9a-4ba2-ae28-8e2710ff912f,911EDD34-DA6,2024-10-27,11719.88,TED,20197345000194,False,ATM
cc0bcdf9-0f6d-4a29-8b80-8a145f3bc949,2C8EDF74-278,2023-05-21,12286.9,SAQUE,85904672000184,False,APP
9f98432d-0169-435d-82b3-e3f135fbd360,54501F75-460,2023-01-16,10215.62,TED,40852763000185,False,INTERNET
1836666e-abae-46a4-a5b4-8db685a795fb,946DE457-D44,2023-07-27,18559.55,SAQUE,35467980000111,False,ATM
ec58f594-5a1d-4cbb-868c-2217c55f0f5d,CE99382F-A02,2024-05-16,21678.42,ESTORNO,05629813000169,False,ATM
3ab45dca-5d76-4239-a1e2-cca1b1879495,215AFA8C-231,2024-03-13,22189.84,PIX,53968704000119,False,POS
9b4817bd-c9a6-4c92-8e92-b941e4361bf9,DE1EB8BA-7FB,2024-01-25,18383.69,ESTORNO,50781239000114,False,POS
fa20dd2b-9659-4265-95d7-30f68a98d495,077CCF83-220,2024-08-08,23478.57,PAGAMENTO_BOLETO,60983574000159,False,APP
d6aad76d-ed16-453b-a8f9-bf8ead0706ba,2028D94F-E51,2024-04-07,13016.95,PIX,96381705000175,False,APP
5fd6b17f-5a7e-4d2e-9cf7-ed4018c7fd87,B67825BC-EA8,2023-09-09,21944.68,PAGAMENTO_BOLETO,01967285000105,False,APP
0171baf4-b95b-4264-8e56-5c325f15764e,9F9C772D-136,2024-06-12,13943.19,ESTORNO,,False,INTERNET
6fb5c66a-e8a9-42dd-9596-e4710adeca51,D632B177-F1C,2024-02-12,7280.55,TED,39106485000138,False,AGENCIA
fd6a84ba-dfd9-4bc8-a27d-f60ce17862af,48B2EBE6-D96,2024-03-08,11534.49,TED,09485617000119,False,APP
465eb55e-5584-4f50-93e8-0717d3f8fb5b,D9DA3C17-065,2023-05-26,17249.29,PIX,65392478000150,False,ATM
3956929a-9b4b-4863-ab74-d5b8695cf063,7938E4EE-F83,2024-05-27,2262.38,COMPRA,62018935000152,False,POS
5124f3de-8949-470a-8569-5698b0567441,9E49D006-67C,2024-12-13,23446.15,PAGAMENTO_BOLETO,89376401000154,False,ATM
518bc89d-df10-4bfb-baa8-4020ba777951,639C3C74-607,2023-01-26,8087.54,SAQUE,75218430000183,False,INTERNET
dc351762-e385-4253-839d-ca988e46dfd5,7D44A617-A24,2023-04-03,22063.89,TED,28340961000164,False,INTERNET
39627218-7bc2-4113-94dc-9941878c2dbe,668A6E29-657,2023-05-07,17959.79,COMPRA,28974510000189,False,ATM
029b2569-7c19-4118-b6df-4fa0de540c9e,B875B80A-47D,2023-03-29,15852.36,PAGAMENTO_BOLETO,75918620000103,False,POS
92966c84-7e27-48b2-98c7-b4bab1df3968,2881897D-022,2023-06-13,15302.4,PIX,74605831000123,False,APP
719ce1a9-c298-494c-9958-5230119e9fa3,6F82F24D-A39,2023-12-10,19206.86,PAGAMENTO_BOLETO,,False,INTERNET
9f47a452-82e1-4324-b722-e5227a72ed7e,6F5CFB6C-65F,2023-05-29,4054.36,SAQUE,63584709000100,False,APP
fea6579f-8041-4b4e-9e94-a453dbe468cf,CB8DE8E5-AA5,2023-11-13,10490.41,ESTORNO,35297048000198,False,ATM
e7ded94d-5302-4ea6-ae0a-0ddd18ccd318,997916CC-660,2023-07-05,7220.58,COMPRA,46980715000159,False,INTERNET
9725cfc0-129d-4a17-b33e-267071765204,019DD80D-CE2,2023-09-17,89.82,COMPRA,80674125000136,False,ATM
0a694965-c0ae-4483-ae6d-2476fe593cfc,8791F791-376,2023-01-06,13588.21,PAGAMENTO_BOLETO,78604592000148,False,INTERNET
7026b49d-a436-480a-9723-c5b8d9895ed5,9AE6B4DD-D3F,2024-11-06,5423.02,PIX,64371058000124,False,ATM
9bcc49bf-35fd-4565-b843-a9afe83d2838,62839D01-28F,2024-09-06,1986.5,COMPRA,28360547000117,False,POS
78a36bfe-53f4-43b9-9054-b2a4360feb3f,D77900B1-D91,2024-10-05,6953.91,PAGAMENTO_BOLETO,27840631000175,False,INTERNET
db063fc6-1bd0-4e3e-95a3-a8ebfdb75e8a,215AFA8C-231,2023-06-01,1224.4,COMPRA,65794803000100,False,APP
1b86b68b-d7ca-4937-9f2b-e3431a591eec,047F0DDC-A98,2023-02-03,3635.64,ESTORNO,78921064000112,False,POS
e04a5ce5-f247-4b35-878b-aeaeb25cdfbe,164AE852-07F,2023-03-31,7462.09,COMPRA,70285941000102,False,INTERNET
e09908be-a0c8-4229-85cb-ed12d0d302a9,B2C8935E-159,2023-10-19,4034.64,PAGAMENTO_BOLETO,52780349000197,False,POS
35a923b0-9ca4-4914-b8b6-856e8810e999,9E1E66D3-DE2,2024-07-29,14307.71,SAQUE,04931286000180,False,POS
029cab9f-d7fe-4ec9-b99c-8551c3f11ed0,12263431-E5E,2023-02-06,9005.68,COMPRA,,False,AGENCIA
406bc77c-c3da-4ac1-b425-90f09a1d8908,0B7F8E8F-550,2024-01-24,9215.18,COMPRA,81435792000129,False,POS
4d0bed30-0254-40f0-b5e1-0d8dfcf977a9,D05200EB-CD1,2024-04-27,1624.55,SAQUE,83695410000121,False,AGENCIA
d3462f9a-86dd-468f-a947-63356905bb80,68E76439-1E8,2024-02-28,8231.22,PAGAMENTO_BOLETO,09638175000101,False,INTERNET
fc1d1891-a131-444a-849a-b1644c541c4a,5645954F-865,2023-04-22,15301.93,PAGAMENTO_BOLETO,23478950000121,False,POS
c0819319-cdc0-477d-9a1c-0ae1f98c592e,71BCC411-656,2024-05-10,24679.75,ESTORNO,47153208000104,False,AGENCIA
8e507b9d-b211-4fa8-82cc-f91fc153bfdb,9B16F806-DA5,2023-11-21,10677.2,TED,,False,POS
ba835a34-815b-491c-8c1e-6931807df83a,8B70E1A7-2B6,2023-05-13,8847.3,PAGAMENTO_BOLETO,54192830000197,False,POS
018869eb-0b07-450f-89b5-c3e61b91036b,35431FCA-B9B,2024-05-24,18230.02,PIX,25487193000188,False,POS
ac82f3c5-918f-4f84-a02b-dfd1f9f69bbb,36E4E86C-9AD,2023-10-25,5819.19,SAQUE,75238469000162,True,APP
e50b0797-6d7c-47d2-b4e9-af0ce3ebb3bc,DF38BAED-4E2,2023-05-01,11622.94,ESTORNO,06729348000109,False,POS
9e0a6c7e-db79-445e-b5d3-732d28c0ee11,C6B07089-C0D,2024-02-28,24974.68,COMPRA,,False,POS
e70670ce-2c77-4d44-847b-252e11487963,10389AAB-01F,2023-08-06,20151.38,COMPRA,06382591000195,False,AGENCIA
6371f0ae-622e-4fcf-a4a6-41b7e1a52fa0,3B68AAE2-734,2023-03-11,6361.56,TED,36915024000118,False,POS
75c1badb-ae7b-4ed1-aa34-8b46bc42daea,BD11EEDC-C85,2023-01-07,8099.11,COMPRA,67190854000159,False,AGENCIA
97f5acd4-a3d9-46d3-956e-c4243d3433c2,3D8FEF6D-DFF,2024-08-05,9902.14,PAGAMENTO_BOLETO,59237684000192,False,INTERNET
845c4160-6b95-42b8-98a4-0dd3d55e7f82,377C5395-E02,2023-12-13,4851.6,ESTORNO,58197362000102,False,ATM
c8756631-a025-4299-806b-52c792091416,148F3E96-F1C,2024-10-23,19931.66,SAQUE,06971854000100,False,ATM
33229895-c2f6-44ae-8a1a-a1aa8f608436,7E63ADB8-846,2024-07-03,22301.62,TED,49863512000170,False,ATM
ada7b93c-6100-4179-bfa7-a314436cf8b7,FD6F7F2F-98A,2023-02-27,23194.86,PAGAMENTO_BOLETO,97150843000106,False,AGENCIA
1a0d420e-9b0f-4610-b0f7-3dfff221a429,08D6EE30-B7E,2023-01-20,13880.1,SAQUE,85126079000154,False,AGENCIA
607cf50d-efca-4286-8b31-c8dbc58a51b8,2F55F100-C7F,2023-12-29,19988.68,COMPRA,,False,AGENCIA
fa04efa1-26f8-4344-9419-b7e61c00b623,9E1E66D3-DE2,2023-12-14,21018.72,PIX,19207546000146,False,INTERNET
22db27c2-cff7-4e26-b5ab-e685c58b16f2,BD11DD49-A39,2024-02-03,14275.18,SAQUE,54807263000136,False,AGENCIA
5ca6583c-e643-4ae2-a78d-8e79cd34326d,544F1EA5-BA8,2023-11-19,17632.1,ESTORNO,92105368000132,True,ATM
b2f65eae-6cc5-4868-b570-702fbe2465fe,46EDC7BD-AE1,2023-09-01,2171.31,TED,63584029000188,False,AGENCIA
cd75b29b-2c3a-48d5-b04b-494a444b0941,C366A91D-32C,2023-11-06,5404.67,SAQUE,64718023000119,False,APP
7b161f9e-acc4-464d-89bb-3bf3c4e2e1c9,4E069749-559,2023-04-05,19445.09,PIX,31974285000195,False,ATM
a6adbdef-ac4b-4fe8-aba9-a95aa5b34112,E6A5D42B-21B,2023-06-07,22624.04,SAQUE,10589236000169,False,ATM
15805104-3901-4019-b07e-11e45c5c759c,1F1CA918-5F9,2024-06-20,18311.43,TED,14823905000176,False,INTERNET
a4724943-ac5b-4291-9756-727d5ca3c21c,5C0F3CFD-4BA,2023-04-11,19237.38,PAGAMENTO_BOLETO,86927540000130,False,INTERNET
fed8557b-3371-48a2-950d-a9c5055ab265,A82B9A72-283,2023-02-07,5130.87,PIX,82516370000140,False,POS
c5bee073-58c3-41f4-a73e-7d4f45f92745,10E2732C-E9F,2023-11-15,2897.23,COMPRA,16524780000109,False,POS
8a7cdbbf-8756-4c46-bc81-785bffc3ec48,E77F3142-134,2023-12-08,21797.07,PIX,50627489000102,False,APP
b4528d05-2141-4620-a685-7b5d7069c662,330D0315-9CF,2024-11-05,13015.16,ESTORNO,02416983000177,False,POS
4af29642-17ca-4f09-9c54-8aaf10abb43d,78622155-B29,2024-10-16,18962.71,SAQUE,82107536000175,False,INTERNET
46421d2b-3142-4c0d-a293-489e4d927c63,8791F791-376,2024-06-29,7165.25,TED,38704625000107,False,APP
b02b58fc-c9ca-441b-9362-11c6ee15b8f8,639C3C74-607,2023-06-11,6817.45,TED,12486793000180,False,POS
30d405f1-241e-4c5e-9593-c3a80c747e4f,4E94EA62-B64,2023-04-15,13991.3,SAQUE,05182397000101,False,POS
fd30aa05-5716-4501-99df-1204e3062e95,F6A87F05-958,2023-05-25,7963.15,ESTORNO,64127503000105,False,POS
2d1a35b0-5228-4c99-8fef-044967ab5826,B6F46681-0D4,2023-03-14,6121.76,TED,,False,AGENCIA
e85521a4-8abd-49b7-a8b5-1f397f476803,1B34E4AF-C6B,2023-02-21,13515.12,SAQUE,,True,APP
9687ec72-647b-4fd5-8c11-2217f8c96d3c,8F63128C-CEB,2023-02-25,2649.51,COMPRA,45213078000122,False,INTERNET
51f71082-bc52-4482-b21a-7677ad58f1bd,BD679CAA-B65,2024-08-29,17617.38,ESTORNO,67418923000139,False,ATM
b2d0f3f5-f8f6-49f5-b16e-59987a9da1c3,60881B5C-A0F,2023-11-16,15408.46,TED,26415897000108,False,POS
a8ea7434-1875-43a6-8954-ba1bc36475d2,3E835CE4-F6A,2024-04-21,1965.02,PAGAMENTO_BOLETO,71845296000190,False,ATM
145c3fef-ec42-41b6-a754-23f6f8c824a5,4E069749-559,2023-11-14,2432.93,ESTORNO,73164082000183,False,ATM
16b168e5-3651-4537-b9c6-e7ea6b68b309,EF19EEC0-BD4,2023-08-18,11764.44,SAQUE,09841732000189,False,POS
bb83a3a6-0690-4137-bea3-11e30f6c20db,48B2EBE6-D96,2024-01-08,6452.43,PIX,80321579000123,False,AGENCIA
3548d4cb-7946-4a25-b763-59b88157686e,840DD761-523,2023-11-29,19719.78,PIX,45978612000191,False,APP
dd695823-3bb4-411b-a9d4-db3132521e5c,A68F5DC6-489,2023-12-26,11884.15,PIX,82913645000180,False,INTERNET
c4d5cb87-a69c-4bb9-bedc-b071e559d9e9,16754A36-435,2023-12-23,7057.51,PAGAMENTO_BOLETO,86305749000162,False,POS
f8b9ace6-2919-41cb-af98-89af48ad689e,A0DAE6DC-5E3,2023-04-20,2574.65,TED,97518234000167,False,APP
bce92a2a-9915-433e-83d4-fccc9191ad16,09093D1C-963,2024-06-29,19811.08,PIX,60813452000114,False,ATM
571d1413-c82c-498c-9a36-fdd7ead6db23,E035A2E3-186,2023-09-07,5965.52,PAGAMENTO_BOLETO,,False,ATM
c8a3bc19-0d9a-484d-a68e-2685cc7b00de,8203203F-1BB,2023-12-15,9596.34,SAQUE,57498620000110,False,POS
892f7510-9aa2-403d-919f-9cb10e8a2d45,53A31699-631,2024-03-21,10779.57,PAGAMENTO_BOLETO,89415306000112,False,POS
7a3db0c3-24c7-4109-8d36-d422fd59b83e,3E835CE4-F6A,2023-06-27,17353.79,ESTORNO,57830461000109,False,POS
ff67054b-de14-4345-b8fb-cd7cbd180a04,930F7F60-FD1,2023-04-28,20918.95,PAGAMENTO_BOLETO,19867543000139,False,AGENCIA
9390ab79-7918-4dd9-b1b5-568f12f90301,978EE185-C10,2024-03-31,13877.86,SAQUE,72613485000108,False,ATM
02264b9b-875d-4989-b852-9075cf47554f,A048A4C6-1AB,2023-04-22,1741.59,ESTORNO,28053476000100,False,ATM
116e8a21-8daf-426d-ba5d-ef4cfec89379,AB30F52A-62C,2024-10-22,8186.21,ESTORNO,49318576000190,False,INTERNET
2d9860d4-2827-4767-9ee4-9e8be804b699,61E830BC-5BD,2024-08-17,20426.11,ESTORNO,01395486000177,False,INTERNET
94542a9e-36b6-449f-a5e7-5cfa73192dc9,7E63ADB8-846,2024-04-08,16522.54,PAGAMENTO_BOLETO,58376910000153,False,POS
49d050b0-4598-4e09-8a44-405e0d7e788c,210AB4C4-0FF,2023-07-20,14448.92,SAQUE,04279153000170,False,AGENCIA
880e31a1-c186-4ec6-8966-5aec61ca3b16,E7FF97B9-1F5,2024-11-26,7494.43,TED,85736019000153,False,ATM
495451ec-cf61-4882-9b4b-29eaae19d162,F7EE6A6D-65D,2023-12-19,17945.2,COMPRA,41759086000118,False,POS
dc87d6fd-209f-402c-806c-900ed3eed6b2,00132D80-DA5,2024-02-18,24660.56,SAQUE,30659817000137,False,APP
405cc54e-5086-4fcd-9b7e-3a24463b13b5,E77F3142-134,2024-07-16,9231.52,COMPRA,78261904000168,True,POS
9eb2c994-2887-49ca-a139-72adee4e95d9,E776BC4C-E6D,2024-01-03,20519.1,COMPRA,90478365000119,False,APP
de39fe5f-2a05-4141-98a1-ababfcc12b9d,9BF6290C-56C,2024-12-20,5882.18,PAGAMENTO_BOLETO,07634128000156,False,AGENCIA
b41297d4-9b11-4cfd-90a6-85787fbd7bc6,6F9D96D7-538,2024-02-20,17794.77,PIX,96348125000186,False,INTERNET
36e1b581-d590-47d9-b4fa-fe32e57b7f54,F1CDD8F8-1EB,2024-05-01,16562.7,SAQUE,83570216000110,False,ATM
11278c7d-fb10-4156-a18a-67123c0dfc9b,EAC309AF-2E0,2024-01-04,21083.43,PIX,58720491000125,False,INTERNET
47127136-b129-4c14-a8cd-b6dfe71c58c8,7EB4C730-057,2023-03-15,3358.23,ESTORNO,56320178000174,True,ATM
0a988689-9579-4b94-9c7d-1759b78f551f,C3513C2D-EDC,2023-05-20,16448.68,COMPRA,03184729000153,False,ATM
676d9bab-139f-42b1-8add-3cff76cec8f9,5216EA77-C3D,2024-12-13,21504.03,PAGAMENTO_BOLETO,27316950000186,False,POS
634fc882-b30b-4a14-9ee8-20b4e6184f2f,D005D28C-3EB,2024-06-05,4496.16,PIX,30971465000150,False,ATM
396fe422-c412-4b64-923f-d47eaf8fae82,2EF8E3DD-D1E,2023-08-20,9618.79,SAQUE,39614527000141,False,APP
379a331f-0202-4125-9a74-35f7df7049e8,0E516B8F-999,2023-08-31,14449.1,ESTORNO,65124073000130,False,ATM
b70b1bb3-84a3-4426-b2bb-52e515d182ed,A16D5C74-5C0,2024-08-13,23164.22,TED,58320947000160,True,APP
f4b48fc9-7e3f-423f-ade4-7fad1e8781c7,93F9759E-10D,2024-12-22,14204.39,TED,57368410000107,False,ATM
9fcf4932-85f8-4255-a7fb-0c8c4e4bde26,08D6EE30-B7E,2023-03-23,24043.5,SAQUE,41708653000107,False,POS
ec2739c7-df97-4e3a-bdb7-23f4e9d67d1d,0DA24407-9FE,2023-10-14,24589.5,PIX,89073451000162,False,POS
8d76bc41-ed46-4adc-ad95-7e1af4df28a0,410BD807-E5F,2023-04-01,22248.05,SAQUE,02197856000124,False,APP
f1d37a17-8ab7-4df6-8f54-818580deb9e9,CDFC9AF6-69D,2024-07-06,17102.32,PAGAMENTO_BOLETO,58741693000153,False,APP
590736f8-e09d-45bd-a08c-a60551cb05b7,93F9759E-10D,2024-07-01,22589.78,COMPRA,98416523000118,False,POS
4a3b49c5-969c-4494-9deb-98aa92e10f78,A4249260-388,2024-08-10,22651.52,ESTORNO,38159476000142,False,AGENCIA
62d6c0a5-bd75-480f-a247-0b70ca099026,6683E36E-CE1,2023-10-29,24014.59,TED,23907685000150,False,POS
4eccddb8-459f-4393-b8c2-cf8ee1cb755b,A048A4C6-1AB,2024-07-31,18736.01,TED,82614093000109,False,ATM
c92264c2-4bfe-4e62-970e-146a1efd10f2,C366A91D-32C,2024-08-09,14454.16,COMPRA,21630478000175,False,AGENCIA
8e7d5e14-6ce7-4b45-b3df-d71c28ddc217,9966908A-182,2024-10-01,20222.68,COMPRA,76429183000127,False,APP
3d1bf90f-1113-4ec2-9578-16acc497cc57,49E83FD0-F85,2023-03-20,3171.84,TED,57041896000174,False,POS
517ab73d-0213-4218-8f47-c5ccc52cd95f,18E22FE4-666,2023-09-21,7025.38,COMPRA,50936417000139,False,POS
4dced6ee-db9c-41b7-9298-c1dd5c3bb9f9,94E29C76-8D2,2024-08-28,4366.58,ESTORNO,60819724000193,False,ATM
116c9d1e-aa34-4594-9213-afc42a9f37dc,BA2097E1-7E5,2023-06-29,9245.12,TED,91587062000105,False,INTERNET
5e145cb2-6fd2-4900-9fbd-56a38df07683,6521CEC9-AA2,2024-06-24,12123.74,COMPRA,,False,APP
9fa4310f-ba93-4bcc-a38a-34025806b514,9723A85B-15C,2024-09-01,24183.69,SAQUE,03189754000120,False,ATM
fd438c91-681c-420f-a80c-27ea818d657f,2EF8E3DD-D1E,2023-09-01,19259.54,ESTORNO,80736145000194,False,INTERNET
21cf0268-45fa-4b72-82e0-38c12aec8b38,37C14703-C54,2023-12-20,5272.6,COMPRA,14063578000100,False,APP
c7a18d29-6345-47f2-91ca-850432c91d03,54501F75-460,2024-04-20,1314.5,PIX,24018639000162,False,ATM
1151f086-5f12-4fb7-abb5-30f2cb51868a,9E49D006-67C,2024-06-29,18654.14,SAQUE,82154703000139,False,ATM
b4bf4899-f1a8-41ca-881d-8f46383bd69b,997916CC-660,2023-05-29,11865.53,PAGAMENTO_BOLETO,,False,APP
6109bf75-7836-4fde-a902-82d719799b2a,B2074467-96B,2024-04-04,7220.87,PIX,91706823000192,False,POS
98c456fb-667b-453e-8666-7fecbc1ac48d,65386D23-32A,2023-02-12,17072.38,COMPRA,50293674000108,False,AGENCIA
adfb6586-e85d-48fb-b3a1-c3d761d02e28,C6B07089-C0D,2024-03-18,23904.66,PAGAMENTO_BOLETO,23849516000100,False,AGENCIA
27fe3b72-5327-4366-86af-9f878cfbdeed,9966908A-182,2023-10-01,8375.18,COMPRA,20579486000171,False,POS
e08c1210-1c4f-4e56-b985-c1b6b79d414f,08D6EE30-B7E,2024-11-22,9779.76,ESTORNO,91437068000198,False,POS
129a6b88-7a97-41ae-8650-700eecb8913a,12BFEB32-53C,2024-06-16,19262.78,TED,57084196000167,False,INTERNET
f191ea39-45a1-4891-ae77-97f8c43f737d,5EB08B28-F06,2023-01-11,7832.78,ESTORNO,35462918000137,True,APP
fcd05954-e2dc-468c-8c8e-e70b4bbaa347,96DA1266-C0E,2023-04-11,300.52,PAGAMENTO_BOLETO,97016542000194,False,ATM
2161c055-b583-48dd-b38e-d357a8fd758a,025CF5F2-09D,2023-10-18,8788.88,TED,25649387000132,False,APP
f21c688d-0d9c-49b5-85b2-271d0a026f92,E69A3FEB-67F,2023-02-28,15485.5,PAGAMENTO_BOLETO,61827495000111,False,INTERNET
3e56cb30-907c-499b-a70f-5dff0961ce3a,738C3C36-13B,2024-10-15,23762.3,COMPRA,36701425000175,False,APP
16b47307-c5c7-437e-9259-8b9da6e07a46,06B76CEE-1D6,2024-09-11,2161.03,SAQUE,91724350000156,False,POS
7d59dba0-57df-4594-98cc-fb9398bf1c1b,CD82BAA4-48B,2023-07-09,20080.3,COMPRA,08519362000103,False,AGENCIA
81944d2f-a35f-4100-83dd-75dce74bd436,9AFE5E24-748,2024-11-07,7365.27,COMPRA,60152349000170,False,AGENCIA
323b08a4-1eee-436e-ad34-4d42a340d53f,F1CDD8F8-1EB,2024-12-09,19234.32,ESTORNO,70931658000100,False,AGENCIA
98f3a315-7ae9-4468-b09f-05c20329ede2,4210A323-D6F,2023-03-17,6434.53,TED,79123465000190,False,ATM
ea571d45-f975-48c8-a75b-81c7283cf379,FE3BC573-E74,2023-03-03,9715.68,TED,47089351000184,False,AGENCIA
c948885f-3451-49e5-9436-1c9cd3ca23ad,B1A18F40-D6E,2023-03-13,4449.47,PIX,14893726000105,False,INTERNET
df2a241f-feca-49e2-82bd-54d3d3604e12,1CCA8889-E67,2023-07-02,15258.13,ESTORNO,20936517000102,False,INTERNET
d6d50b77-86c4-459f-8169-bdf487c1a676,4EC6A80E-F7E,2024-03-17,13516.49,SAQUE,95634270000160,False,APP
fae2ea2b-6d9e-4a2f-8e70-150ee8aef92f,9FD3F770-262,2023-09-23,22815.36,COMPRA,32650749000170,True,APP
fd5672a0-8b5c-4b42-bd25-e9502117f652,AAB6D5ED-143,2023-09-14,14284.26,PIX,09547683000176,True,ATM
7d52569f-ca93-46b2-a278-5d0ebdf1748e,F732FFEC-0D1,2024-10-17,3722.63,COMPRA,52087634000127,False,ATM
671cc487-9fba-4746-8e1d-eda4bc638b7c,5EB08B28-F06,2024-12-17,6662.01,TED,74190865000102,False,POS
59291bf3-2765-43d8-a07c-ddb791231146,34B222B2-9DE,2024-12-25,94.09,PIX,38642195000146,False,ATM
69b3789b-2d15-4409-9f07-490ba4ae6002,ADD79F07-489,2023-03-13,21101.46,PAGAMENTO_BOLETO,20561873000180,False,ATM
3fa7aa19-a9c5-416b-8064-9aa1029d7240,B2C8935E-159,2024-05-08,23853.95,COMPRA,01682943000104,False,AGENCIA
d784e9be-3ca7-4dbd-9c6f-36b0c0f81008,17C1A81E-00C,2023-11-07,8336.99,PIX,,False,APP
91e84fe4-01e0-451e-820b-47faf798f7f1,5C0F3CFD-4BA,2023-12-15,9134.84,COMPRA,01428936000180,False,AGENCIA
fc2d2c34-1923-40f0-90ff-64f39960e75d,6CDA6062-172,2023-06-30,16195.34,PAGAMENTO_BOLETO,64071923000117,True,ATM
a660338a-6a72-482c-b745-b7789830a8ec,A585B805-C57,2023-11-03,16518.86,ESTORNO,84176295000141,False,APP
c5e75e12-0f59-4b39-a2ec-6c214668e7d6,52F07F56-04F,2024-01-03,15765.98,PIX,41768290000103,False,ATM
d0704b59-6d4c-43b3-af65-75a23f5ebd08,7EE94620-8E3,2023-05-24,18383.5,COMPRA,31872540000199,False,POS
fe6235ce-8f81-4184-84e1-5c58ce527975,2881897D-022,2024-02-03,5963.27,COMPRA,42156803000180,False,AGENCIA
46a350e3-b710-4771-9fb3-2287eeae14ab,F2C8DB91-74A,2024-04-05,12492.85,COMPRA,14382597000190,True,APP
9f4dfbd6-9176-4e14-9f91-73e8be7b6c8e,12263431-E5E,2023-02-13,8443.96,PIX,35041869000169,False,POS
db41818e-a7f7-4d20-80b0-ef32cadd61cd,41447DF0-318,2024-11-25,11460.07,PAGAMENTO_BOLETO,,False,POS
41eec62f-df07-4043-8782-d4d18e0a063d,E6A5D42B-21B,2023-03-15,5825.79,COMPRA,04596173000175,False,ATM
5d271885-04d7-40d5-8afd-78b1a7d7aebd,B49889C1-FBF,2024-04-27,16346.31,PAGAMENTO_BOLETO,50413987000144,False,INTERNET
30fbc31f-fa99-45d2-8998-17fb69bc89a4,96DA1266-C0E,2024-10-09,360.61,COMPRA,41692830000104,False,APP
34975b71-8e19-4e7c-b900-749528692d2c,F40EA3C3-011,2023-06-24,11405.43,PAGAMENTO_BOLETO,54093682000153,False,APP
a82b9e00-8d0e-4dfe-bf3e-2df225ae5214,9E1E66D3-DE2,2024-09-01,2855.82,PAGAMENTO_BOLETO,90431685000113,False,INTERNET
e18ea432-d02a-47dd-96ed-2e1161e5934a,3CC4894E-754,2024-11-25,10656.15,PIX,51346207000153,False,POS
c50c6384-fc9b-408b-970d-81862edb26f4,91E5E27B-304,2023-11-26,13647.8,SAQUE,96480127000124,False,POS
e8ca4e64-650a-4357-abde-514c217630f8,975963AD-97D,2023-03-06,4337.43,COMPRA,51286704000103,False,ATM
011f3d1c-6393-4a39-b51b-bba31febce57,24D04B83-419,2024-01-14,4202.52,PAGAMENTO_BOLETO,24819536000100,False,INTERNET
93939b8a-4e60-4247-925a-c763ba293ac0,361BB598-53A,2023-02-11,23142.0,SAQUE,70195683000165,False,POS
c1111cc9-885a-49fd-a6dc-8e39018b6adc,E7FF97B9-1F5,2023-06-11,9404.21,COMPRA,45319068000176,False,APP
8b0b7d1e-217d-4bad-94a6-05ba012e6e31,89BF7BEA-4DD,2023-07-03,160.23,COMPRA,62913045000104,False,POS
3873e611-49e0-4af8-b6f1-d506ea2f3653,12BFEB32-53C,2024-03-02,22173.05,ESTORNO,20754863000161,False,ATM
0210da49-b565-40b2-9b74-271f975282b3,59134585-23E,2023-07-31,17309.42,SAQUE,57926803000199,False,POS
f8db2ceb-65af-4535-aaf3-3d4ebd7d56ec,150C75F7-04B,2023-09-02,11261.3,SAQUE,90732418000186,False,APP
d9270dc9-ec29-4a1f-ab4e-dcd8b4a3bad3,C9ABF640-2D9,2024-05-26,14907.4,PAGAMENTO_BOLETO,57218906000102,False,AGENCIA
ad15752a-a2d7-47fd-b807-fe226aea09f4,13AC4D38-051,2023-01-05,8697.32,PAGAMENTO_BOLETO,57623910000148,False,APP
c121a384-e772-4253-87b7-a92a441c7752,6AA468DB-F4C,2023-04-08,24665.11,PAGAMENTO_BOLETO,91687054000122,False,POS
b89b615f-0285-4ed4-916a-364d95cdf39f,A459CF89-330,2024-04-20,12689.26,ESTORNO,,False,AGENCIA
baef29cf-7e78-424f-9c87-7d4c113eba27,F88FDEB3-526,2023-04-26,1328.15,SAQUE,87059134000166,False,ATM
9c176a46-1e5a-4215-b28d-492f6f2c2993,17C1A81E-00C,2023-06-13,12438.62,ESTORNO,61589042000102,False,APP
da9caf22-56a4-4247-8a5d-55ebe88a8b38,40C10B49-60A,2023-10-19,16122.05,SAQUE,07581346000170,False,AGENCIA
b46cec59-1ac5-41dd-9524-4524865680c5,148F3E96-F1C,2024-04-09,15421.06,COMPRA,24869035000120,False,APP
a5341abf-541f-48bc-ad41-66b9110bb861,AD88DDAB-470,2023-06-30,23121.65,SAQUE,08539416000194,False,ATM
844c4ed1-3036-4a9d-818b-d9a89b09dfc4,4976E05D-750,2023-03-14,12873.32,SAQUE,20958673000166,False,POS
ebc6c75d-e4dd-46dc-ab07-1318c29d2874,3A8256A4-B54,2024-03-05,14494.67,SAQUE,75142608000150,False,AGENCIA
529bcb51-2b05-4b39-9932-7afacac57e41,6BD3FEE7-2F6,2023-04-23,5752.74,TED,75683041000129,False,INTERNET
64ca17bc-8343-4433-b5b2-58fb1fec2abc,4E4BAD67-F25,2023-07-24,18444.09,PIX,67249381000118,False,APP
f7499ccd-e6a2-4b69-8a8e-f046b7623784,410BD807-E5F,2024-05-11,11775.55,COMPRA,45701362000148,False,INTERNET
3545b207-2b8d-4113-a106-cc44eaf6bead,93078DA7-767,2024-09-16,5405.3,PIX,70498263000158,False,AGENCIA
eb693b80-f715-4f25-8d36-8c92cdb298e4,9E1E66D3-DE2,2023-07-18,3411.41,ESTORNO,21840956000171,False,AGENCIA
3a606ff6-8879-4027-9ad9-ec4092e39105,9723A85B-15C,2023-05-11,5056.47,COMPRA,76231085000180,False,APP
cbded87d-0547-4ce0-9ce3-265cb4065526,F46A071B-66A,2023-04-24,7016.18,PIX,31049287000178,False,INTERNET
b62799f8-14d3-4716-af1b-839274dfe335,2F55F100-C7F,2023-08-14,19008.85,TED,04815927000130,False,POS
0eef1cce-75ad-4d1d-8cbf-0ae69fba9482,9AE6B4DD-D3F,2024-08-14,22639.59,PAGAMENTO_BOLETO,35498621000121,False,APP
4d4e1293-2172-4fb0-8013-fce75cde526c,36E4E86C-9AD,2024-06-18,10293.29,PIX,96782134000180,False,INTERNET
b14e9120-1e1c-4163-bd2d-505e3fafcfb2,9AE6B4DD-D3F,2024-04-18,14790.13,TED,98615234000148,True,ATM
b5c371bd-e70c-4b18-a7c3-5bf05ee47c1e,F58A26F9-93F,2023-09-10,18404.87,SAQUE,75409231000152,False,POS
085bf578-3b68-459c-94c0-dbde606f6bc6,F732FFEC-0D1,2024-08-28,5561.33,SAQUE,31029685000122,False,APP
7dcfa6e5-2484-454e-832d-41b34cb5a307,7FBB5C7D-AD8,2023-02-15,10445.17,COMPRA,18679423000145,False,POS
fcf04046-9b1c-4dd8-b522-4ca33422a81a,5645954F-865,2024-06-27,841.96,PIX,,False,APP
98040ad6-ccd3-47f6-aa1b-38e2c38b4d2a,946DE457-D44,2023-09-04,11311.86,COMPRA,40396125000105,False,APP
362f65eb-dca7-460a-a797-fa67acd2ccd9,ABC8B53A-771,2024-02-21,17329.46,SAQUE,79402568000199,False,AGENCIA
b7e5474b-1a0a-4cf7-bdea-a43802fbbcae,AAB6D5ED-143,2023-04-03,5977.7,COMPRA,07931245000181,False,AGENCIA
a8e19637-12f7-436c-acac-7283fd796ecd,F46A071B-66A,2024-04-15,4046.33,PAGAMENTO_BOLETO,86420395000105,False,APP
bd5bb522-b83c-486b-a69d-bb0548a575d6,43FBC6B3-A3B,2024-04-19,24410.55,SAQUE,98401756000147,False,ATM
82ce028e-7389-4a2e-aad9-38c446896602,E927D0BE-3CA,2024-01-15,4624.87,ESTORNO,17680934000114,False,APP
de4a8b49-5677-422a-a164-afefbeec79f8,84DEAE10-CC1,2023-03-14,21509.78,PIX,63418705000143,False,AGENCIA
39e9bd50-0c77-42cf-a8c3-490f6ffe3786,DEDA89E4-739,2023-10-31,13273.71,PIX,,False,POS
22b227a1-3485-4892-ac5c-871088066b49,06B76CEE-1D6,2023-08-01,13561.56,ESTORNO,70951348000140,False,AGENCIA
f59e47f2-bcdc-40ac-a5eb-bac1c87e5d18,A1DA6E29-82C,2023-02-26,18394.42,PAGAMENTO_BOLETO,57328046000151,False,AGENCIA
28d7a241-53d9-45cc-bb20-d532c6f4c0e8,B6B1F070-A8D,2023-04-24,22199.62,PIX,07243685000146,False,POS
0ec099f2-713b-4756-ab30-7f0829ea2673,C06F17DC-9A2,2024-01-11,1023.3,SAQUE,35897621000102,False,APP
c0ccb6f3-e90d-4d8a-b36f-0352dc5e5a18,6CDA6062-172,2023-07-29,14019.61,SAQUE,64780159000159,False,INTERNET
3bf8785f-7b32-4eb7-b14d-112f7ccf2fb4,D067620C-54C,2024-10-26,13491.54,PIX,98215736000181,False,POS
9c524447-da6f-4f24-bb2f-d9d038b96123,1B1FBCB3-841,2024-12-20,21778.48,SAQUE,29135408000152,False,INTERNET
228fb913-8431-49aa-b5bc-0929b5b9110e,4E069749-559,2023-10-01,8012.61,PAGAMENTO_BOLETO,48359702000192,False,AGENCIA
12f71ea0-949a-441a-bca8-0a09f184578e,48B2EBE6-D96,2024-01-17,1362.92,TED,58201467000180,False,POS
9724f558-8f92-4183-a047-45df0b5b0941,4C12EBF1-37C,2023-05-06,13167.77,PIX,45281079000104,False,POS
25ba697c-8c15-4248-b6b4-c499a5c92aeb,36E4E86C-9AD,2024-04-07,22486.43,PAGAMENTO_BOLETO,27495613000101,False,APP
bdff1a2c-64fc-4f76-84c9-c24d89e299fa,4B684163-4DF,2024-04-13,4710.06,COMPRA,08124697000114,False,INTERNET
84f52793-fc99-44e0-91f2-56e6a69f54dd,930F7F60-FD1,2023-03-20,7210.38,COMPRA,14086523000107,False,APP
fff52b5d-cc00-482c-a12c-35ee918439fd,1B34E4AF-C6B,2024-05-23,17427.51,SAQUE,92074356000198,False,POS
b0002fe1-2716-41c1-af8d-77750e791756,C0A7E027-B31,2023-01-24,23802.69,TED,83160245000103,False,POS
1cde6e38-f136-478c-a126-8b1e7667272a,573B575E-B3F,2024-04-30,23293.14,TED,63819742000163,False,APP
f85bb3fe-6941-4780-ac49-a2cb2ac4fa7b,44F065AB-2EA,2023-03-06,7288.98,COMPRA,67103548000138,False,INTERNET
1278f046-f390-40e7-8399-59c32e90aa94,F7ECC688-7EB,2024-06-16,20873.94,ESTORNO,03519478000110,False,POS
60ae7535-2c3f-456d-a802-87ff28cda36f,3A57D145-7AE,2024-10-23,8570.8,TED,24089317000104,False,POS
d170d928-af1d-4afc-9a7e-30475348cf1f,148F3E96-F1C,2024-03-31,21047.93,PIX,65089732000145,False,INTERNET
505c736e-fb05-44bf-90a2-c1a2ccceb34f,0555CB56-9ED,2023-11-10,22457.2,SAQUE,30489251000142,False,INTERNET
35ecccf9-34f9-430a-930e-e0e2305daa50,12BFEB32-53C,2023-10-23,12106.85,COMPRA,97235461000185,False,AGENCIA
1896c709-e5bf-40ce-beba-314c14aeeb15,2C8EDF74-278,2023-06-20,11398.98,PAGAMENTO_BOLETO,58073146000147,False,POS
3c4219f7-65d5-4c75-a414-78a63a73923c,6683E36E-CE1,2023-06-29,7132.24,ESTORNO,28614359000178,False,INTERNET
e2d0d826-8c8d-447d-a699-81d06b9cb69d,F58A26F9-93F,2023-04-30,4032.63,COMPRA,81254703000148,False,POS
70dcc953-4384-42d8-99cd-2e6de1687ef2,661EF33D-CAA,2023-09-24,3163.15,TED,78651023000153,False,POS
4be12ba2-573d-403b-a557-c0b19f825bdd,6AA468DB-F4C,2024-11-12,17678.8,TED,83029175000159,False,INTERNET
e27b3f3c-9882-44e4-9847-91f10309f935,C0FBC931-596,2024-07-06,9323.81,SAQUE,29860413000128,False,APP
5dcedbb6-768f-4f24-bfa6-c7190f5a2401,D77900B1-D91,2024-02-19,23010.97,PIX,02386471000105,False,ATM
38bf8b8a-0713-453f-80cc-4a6972abca43,E5F7AB58-912,2023-06-09,23195.39,COMPRA,70421865000107,False,POS
7435c9fe-384c-4f3b-89aa-9df46aff524e,3546D87F-992,2023-12-06,24390.06,ESTORNO,18346509000156,False,ATM
94a804b4-b142-4b19-bf8a-b6bdeb9c10a4,DB548180-53F,2024-08-10,22399.59,ESTORNO,36527408000163,False,POS
ded81072-0c10-4720-baa4-b01a97bc9104,49216251-87E,2024-03-28,18214.0,TED,83915706000100,False,ATM
ea67b4e0-16b1-428e-8b1d-6a1d97dbc251,251EABCD-165,2023-05-23,22504.51,ESTORNO,46381709000185,False,AGENCIA
ac713650-3d87-4a8c-84ee-64abc81a1722,A0DAE6DC-5E3,2024-09-24,621.35,SAQUE,29801673000122,False,APP
477f22da-3bf8-4e9c-9887-50681632f213,DEDA89E4-739,2024-09-14,8160.17,ESTORNO,06714983000104,False,POS
d331317e-9d37-4eb4-8c5a-e8bce2cd4606,26952F30-109,2023-10-12,5554.76,SAQUE,12684759000110,True,POS
5f6b8a2f-24e0-4b58-a302-ab2eefb76ab8,57106EA0-11F,2024-11-24,21236.51,ESTORNO,59176823000115,False,POS
45c89fcc-679b-487d-b740-723edbc129a4,89BB5001-078,2024-05-17,9861.5,TED,54692718000115,False,POS
a523d8f2-52a5-46f6-b58a-bfbd0363d193,5216EA77-C3D,2024-11-13,23585.14,TED,03786492000180,False,ATM
af383a8e-c27e-4f2d-bd46-f11d6a3cff99,96DA1266-C0E,2024-01-17,9241.69,COMPRA,38951762000146,False,AGENCIA
e89390f9-9c5f-4324-8172-f3085a6acf3e,08D6EE30-B7E,2024-04-01,7703.17,PAGAMENTO_BOLETO,89745632000198,False,ATM
d74ef75e-c5de-4aad-8d16-97dd62891566,E77F3142-134,2024-03-01,18538.58,PIX,48139672000109,False,ATM
f93a876d-4257-4dd7-b28f-c048fdcfeffe,08D6EE30-B7E,2024-02-29,18215.54,SAQUE,02876159000108,False,POS
67be5ec0-f6a3-4729-9151-1d2286b454ea,F7EE6A6D-65D,2023-08-01,2153.32,TED,71459328000119,False,POS
620377ed-843b-42e3-a7c9-36993cfd0731,3E835CE4-F6A,2023-03-09,24665.98,PAGAMENTO_BOLETO,41829075000167,False,APP
783b4b60-fea0-49c8-a1ac-174b61dfce3f,6C6A2BC8-542,2024-10-16,166.96,TED,54081932000135,False,POS
c1737f5b-8758-46f4-8dbd-ce5bc4cd1e65,A1DA6E29-82C,2024-08-04,11553.81,SAQUE,30581796000184,False,ATM
968542cd-96e1-45e4-94ef-e2ffde7235e6,C89849F8-A37,2024-05-17,7237.64,COMPRA,60523197000175,False,AGENCIA
4a084cc0-195c-476b-a920-7a8e6715dca5,3A8256A4-B54,2023-11-08,20864.88,PIX,45710382000185,False,ATM
4fad6e54-19f3-4496-8cf4-4bd5dc944576,F46A071B-66A,2023-01-03,5614.17,SAQUE,60793481000161,False,ATM
9601d4e2-c8d8-4237-ab54-178772c3d9ad,C765728D-5F2,2024-11-12,3105.74,TED,97401852000122,False,ATM
3f7492c2-cb9a-41a5-ba8a-564bc7ae9e41,C9EC50AB-F57,2024-10-22,22669.97,SAQUE,79813064000161,True,AGENCIA
37ee12ad-198c-4f9d-9a5a-06896fae991b,AE78C8FA-E00,2023-03-10,12327.02,PAGAMENTO_BOLETO,63107258000101,False,POS
22590ced-f03a-488a-baba-2126ecd49b27,8CE00274-965,2024-03-22,12012.93,TED,74531862000187,False,ATM
82751469-6562-4a4a-b3be-aa0b71bca34b,BA342EB6-760,2023-05-03,24356.51,TED,13042975000124,False,POS
2785e30b-71f8-4d0f-b0ba-b06fe3c016d5,B243CF79-4AF,2023-09-23,440.1,SAQUE,14869352000192,False,INTERNET
4c9d0658-535c-4e3a-af7c-6161a97cefac,361BB598-53A,2024-12-10,7993.05,SAQUE,69170258000132,False,APP
6bf574a3-fcc0-4a81-b2d8-d729d54a9192,93078DA7-767,2024-03-05,6817.85,ESTORNO,49705628000181,False,AGENCIA
ae1dca01-3cd3-4837-81b9-096671731653,3546D87F-992,2023-10-26,1219.3,PAGAMENTO_BOLETO,70481926000121,False,APP
e69c2d5a-36f8-4e16-9a42-32171f9fd3c4,F58A26F9-93F,2024-10-05,12847.39,SAQUE,87190562000123,False,POS
a2dddf4d-0581-4c88-9c6c-d6e8af18558f,9FD3F770-262,2024-07-10,18816.08,TED,32498650000103,False,AGENCIA
df300668-d399-49d6-9790-baa2228754fe,215AFA8C-231,2024-12-15,6787.57,ESTORNO,76508231000172,False,POS
b00278fc-e9f5-4706-a3fa-041372ce5a12,E2CC2FF9-3C3,2023-05-28,14501.8,COMPRA,30914726000109,False,AGENCIA
d330d249-192d-4ba4-9a2a-882bbac1443f,24B74B31-A04,2024-05-11,9326.3,PIX,20846953000182,False,INTERNET
f2b1a5a7-02f1-4331-9be6-1d1502395a6a,BD11DD49-A39,2023-06-08,2561.79,PAGAMENTO_BOLETO,19706453000166,False,INTERNET
e7039361-46a1-4046-bf2b-b9f7aa6325e8,AFB02E04-2E7,2024-07-26,19877.98,PAGAMENTO_BOLETO,86571923000119,False,POS
8b31df85-ab05-41ad-9cf6-0a4a81bcf25b,C89849F8-A37,2024-12-30,21151.97,PAGAMENTO_BOLETO,06471358000189,False,APP
4a742535-d683-466f-acfd-d9aeb92ae67a,0DA24407-9FE,2023-03-20,10434.53,COMPRA,,False,APP
aca617d2-59ab-4ef2-86f2-aad270136a69,5CF57AA9-2E4,2023-11-16,11988.74,ESTORNO,40687231000130,False,ATM
7ebd7d1f-03f6-4aa4-b0a9-6245e43ebca3,D067620C-54C,2024-09-03,22243.33,PAGAMENTO_BOLETO,58734102000110,False,AGENCIA
82cfa411-98ee-4186-88fa-ed8197247895,2E9ECC29-FC0,2023-11-08,4306.42,COMPRA,69821340000180,False,APP
284fa6b0-43ee-40dc-b7ea-293d5b424416,52851123-A74,2024-12-11,5560.11,SAQUE,92853407000180,False,AGENCIA
2a441ac1-eb88-4652-9425-8bef5aca3f64,7872734C-246,2023-05-14,3134.92,COMPRA,60894273000159,False,APP
482d3d8f-c732-4522-84af-08642bfce236,9B934FBC-326,2024-05-10,1944.77,PIX,83495720000100,False,APP
9c752df7-9302-4011-8339-935ba4afeb01,BA387A0F-021,2024-11-06,821.27,PAGAMENTO_BOLETO,32087169000117,False,ATM
fa5571e5-ea84-42c1-8f28-b14052525193,019DD80D-CE2,2023-09-17,2974.38,COMPRA,,False,APP
9f7e7098-345c-4a67-a59f-59995aeafade,46EDC7BD-AE1,2023-05-07,18864.12,PAGAMENTO_BOLETO,53740926000180,False,INTERNET
226872d9-c2b6-40be-9dc6-e6edd5104843,251EABCD-165,2023-12-26,4620.77,COMPRA,64073195000182,False,AGENCIA
387c5cbd-4281-4269-9b9c-9e2460261aca,F4E06D74-59B,2023-12-23,23719.87,TED,94568273000180,False,POS
149e6820-70e2-4656-92e2-761f573c880a,BBAEB98D-57E,2024-09-19,19520.38,SAQUE,,False,APP
078c504b-880e-40e9-af6d-60cbd8b420ce,CAFBC442-515,2024-08-15,2478.99,COMPRA,17509862000147,False,INTERNET
7ece864a-4a6a-434a-8f3e-a11e17096a1c,D3EECC52-E33,2023-06-25,24106.65,PAGAMENTO_BOLETO,12683795000169,True,APP
1cddcf5d-ea74-4805-93ed-a17ae784b0fd,D69AE3EB-E7A,2024-05-31,23105.92,ESTORNO,23879150000112,False,POS
21ee27af-5434-489e-a9fa-f2ca99757866,2E9ECC29-FC0,2024-11-20,4629.37,COMPRA,47601532000148,False,AGENCIA
affc6984-efcf-41b2-9033-f87bad31c863,1F1CA918-5F9,2024-03-10,24532.56,SAQUE,16394825000178,False,ATM
74a0e974-9dc8-4ae1-8b85-73cc3978b0b4,B5314841-8B2,2023-11-18,2822.47,COMPRA,16873254000154,False,POS
f3cf7d9f-5d84-45c3-b042-8c282d1bead7,4210A323-D6F,2024-01-05,3399.11,ESTORNO,,False,APP
48212a02-4b2e-4143-a5e1-9588bb1a7935,C8CA30A1-BDA,2024-05-20,2057.58,COMPRA,87120695000123,False,ATM
b4f24cdd-3fde-47b7-8c7c-9de40597b746,3CC4894E-754,2023-11-16,15010.34,ESTORNO,78603215000194,False,ATM
8634a182-363b-4aa5-ad1c-2a84138c4f3e,9FD3F770-262,2024-02-22,5648.0,TED,87261935000100,False,ATM
1e47f6df-b9b1-402e-a145-13ca173715f6,447E8ABD-7DC,2023-03-13,4720.84,PIX,19273408000165,False,AGENCIA
aefe59ff-0912-4968-b4ff-48162ed914ed,28B623E7-B25,2024-11-21,4483.66,PIX,85321647000178,False,ATM
b193d2dc-2777-4f4a-9dea-f248672eee74,C168C135-354,2024-11-05,10952.3,ESTORNO,01385769000138,False,INTERNET
58fa7b00-8b2f-4ecc-bf9a-a7686ca5691f,89CDAE3A-AA7,2024-12-12,9871.19,PAGAMENTO_BOLETO,52487630000136,False,INTERNET
36f18890-3bab-4cb2-81b4-a4e1bce9390a,025CF5F2-09D,2023-07-23,1619.16,TED,25317064000141,False,ATM
b79309ad-b5fa-46f6-9163-d73385f400a8,D7F780D9-86D,2024-03-10,3070.37,ESTORNO,50361248000156,False,POS
ecd0a4e9-03b8-4734-ab3a-546087aafc69,3CB008A4-3D2,2024-10-21,14841.86,PIX,52698074000147,False,POS
85b21f96-d6bf-44bf-9a67-4c26d0bcfc41,21043012-9E8,2024-05-11,23753.55,PAGAMENTO_BOLETO,96801527000194,False,ATM
6c250c19-337c-4b95-90b7-e8b3dcc9252c,78EC04D3-5CE,2023-09-14,2702.25,PIX,29735016000124,False,INTERNET
cbc94084-034e-4353-9561-b6a638061d41,AB30F52A-62C,2023-02-24,744.54,COMPRA,38196452000163,False,APP
8a1e5782-47f7-4fd3-88cd-0d69f83a80e5,946DE457-D44,2024-01-27,24301.86,PAGAMENTO_BOLETO,45086329000155,False,INTERNET
6d8d4aeb-9f07-4923-b40c-efa18a2e160f,3DB2D989-0B9,2024-09-30,7569.86,COMPRA,37642519000183,False,POS
d64c240e-0205-4c7a-80cd-fd95b94c5406,330D0315-9CF,2024-04-22,19189.65,SAQUE,60528974000174,False,ATM
5cc3a869-450b-41b5-b2c1-731fa4c2cc81,BCEF6001-A27,2023-09-25,12257.02,PAGAMENTO_BOLETO,46937581000193,False,POS
08dd8611-ecc9-479d-8624-c78ff428446a,2C78AA82-972,2023-02-02,13666.18,PIX,39124765000179,False,APP
cc9318e4-3794-4e4b-a187-5fa9c08c4986,5D413897-554,2023-11-19,9591.67,PIX,01926547000185,False,APP
5666cdce-3898-4301-b20e-b8a0740b3868,ABC8B53A-771,2024-07-24,822.95,ESTORNO,20614389000172,False,AGENCIA
c27a7ff8-4cf0-4f59-8264-dcec89595b5f,7A96BC67-B9B,2023-06-18,22117.68,PIX,58627039000113,False,AGENCIA
5613e07e-f5c2-4cc6-870e-55d9819a9433,B5314841-8B2,2024-05-14,17893.51,COMPRA,17496035000166,False,ATM
5ccb2d43-afe7-4ca8-b093-6f33396fccf2,61E830BC-5BD,2024-12-02,16502.47,PAGAMENTO_BOLETO,78169243000145,False,ATM
81a6054f-4efb-4b35-8816-a39d0bea7983,C797B359-7E5,2023-06-10,14057.04,PAGAMENTO_BOLETO,73208956000157,False,AGENCIA
b83924f3-9588-4e3e-92bf-c7c69be0c544,8CD8F5F4-93D,2024-01-22,12368.04,PAGAMENTO_BOLETO,63207154000179,False,AGENCIA
06b715a3-f491-4ff6-9868-44774e512cb5,52851123-A74,2023-01-29,8013.09,PAGAMENTO_BOLETO,16379402000189,False,AGENCIA
7d25ae27-58b7-46ef-b0c8-991d31741d3f,3CB008A4-3D2,2024-08-20,8722.9,COMPRA,90154736000107,False,AGENCIA
12ac0076-4d4a-4348-815d-f241c1835296,451C870A-0E0,2024-03-14,9515.26,TED,28794063000186,False,ATM
ca3dc72e-5c91-4879-8cbe-6c84b6492afb,D0A18F14-9EE,2024-11-08,8782.7,SAQUE,71205468000160,False,AGENCIA
52bb6c7f-a0cb-4e48-a0f6-231745091034,35086199-94C,2024-12-05,14813.9,COMPRA,26130987000152,False,APP
ec089445-914d-462f-befc-18fa0b2202c4,6E88FF98-416,2023-01-21,8440.85,PAGAMENTO_BOLETO,04126983000168,False,ATM
00c7286d-b56f-42f0-9e5d-645f9eae90e9,BCFBFD45-6C5,2024-03-08,16444.71,PAGAMENTO_BOLETO,30574618000126,False,ATM
e6c776a9-6913-4411-9b35-8be22f9fbc3e,AD6C2C9A-4BC,2024-12-13,6666.57,PIX,17625083000107,False,AGENCIA
935aec09-4d29-4433-ac41-d4e264ed5841,E1915BD6-A01,2024-02-04,9444.37,TED,52697803000140,False,ATM
19547c8e-4c5b-4946-aa99-8323ea120183,3230B053-3C0,2024-11-22,2502.77,SAQUE,70163895000160,False,POS
0ee21f2d-5f0a-439e-9486-f86385422982,1B34E4AF-C6B,2024-11-14,20286.71,TED,39460572000199,False,AGENCIA
4a295d56-445c-420c-b22b-48dd50ce171c,3A57D145-7AE,2024-03-22,9084.31,SAQUE,58412769000105,False,APP
8a8d6467-8e10-4552-a01b-9393efbd6632,F6A87F05-958,2024-07-02,21009.75,SAQUE,79481630000185,False,APP
029dec1b-3ca3-44db-9e26-32bed1539668,077CCF83-220,2024-08-10,7434.06,PIX,74032156000190,False,POS
1189dbf8-121d-41aa-94c5-ae741a5b547f,58055D5C-B21,2023-04-05,18572.59,ESTORNO,05712894000166,False,APP
516e13f0-b10d-4160-8cc7-b4abf8b5278d,B6B1F070-A8D,2023-10-07,14797.23,COMPRA,50692418000185,False,POS
43efd91e-d361-4d7a-914e-ccb2d0d2acdc,3B68AAE2-734,2023-08-03,11882.5,TED,85132469000137,False,AGENCIA
6e962b8a-0ed6-4086-8110-b159817a7599,43FBC6B3-A3B,2023-11-04,12616.73,PIX,47932186000180,False,AGENCIA
9277d952-2e7d-461b-b675-5d12c8a3f823,795786BD-32C,2024-02-16,5003.12,TED,,False,ATM
25a67bb1-41df-4089-926f-d2075eaacbe7,96DA1266-C0E,2024-07-14,16789.5,SAQUE,06257834000163,False,POS
93be01c2-03ec-499f-9b22-c8633290ae98,2881E506-FEC,2024-08-13,21567.95,PIX,57823094000116,False,ATM
ffecb7ae-103e-405a-baf2-33c41fe272d3,C8CA30A1-BDA,2024-10-15,6699.5,PAGAMENTO_BOLETO,30958174000122,False,ATM
2db150f9-d6fa-4cd5-9a3e-5a63a5d57746,9EE31C47-B9D,2024-10-03,23366.0,COMPRA,46593071000146,False,AGENCIA
bbe33b38-31d6-4d5a-8b76-928f4d47eef7,6BD3FEE7-2F6,2023-09-04,11562.97,SAQUE,73954028000131,False,AGENCIA
2ada0f9e-f088-40b9-9068-aab361374a86,9933E9A7-836,2024-02-25,21103.28,TED,27163958000150,False,APP
cdb8fa35-ae73-4430-b609-1c5f307f3384,4B684163-4DF,2024-02-27,15848.74,TED,91732506000140,False,INTERNET
f5043b44-0e52-462a-8736-46d36358f20d,7EB4C730-057,2024-09-07,6412.28,SAQUE,96427581000111,False,APP
80924781-a742-4698-9abd-3e9f13af58f6,251EABCD-165,2023-01-29,3750.33,SAQUE,84702513000134,False,AGENCIA
194907bd-7845-4932-b388-6fa8638ef103,58339DDE-C00,2024-07-27,11604.8,PIX,32780591000153,False,APP
83f61dc3-9b56-4a9b-9ef8-27973879bf58,86AFF3D4-68D,2023-10-07,5050.96,SAQUE,37840159000124,True,AGENCIA
d8ee400c-1781-4861-b7e4-9440645f4c36,62E073C2-900,2023-06-30,16467.28,ESTORNO,95836412000172,False,ATM
c4afdc9a-b117-437f-9262-9c9705dbe4ec,81C3E631-AF2,2023-02-26,19556.17,COMPRA,04987261000106,False,AGENCIA
089e903d-36fd-4e09-be8b-601a6f8b6a3e,1F18656A-AC3,2024-02-21,21679.49,TED,19526083000185,False,APP
9e090f17-1d1b-4f48-90e0-b8c6bc21176c,89CDAE3A-AA7,2023-05-24,9923.28,SAQUE,56270394000152,False,POS
aced4c9e-adf9-4ca0-9930-eefa96790795,C3513C2D-EDC,2024-06-18,23323.49,ESTORNO,67108342000109,False,POS
83ab3ac6-c4ca-4d48-a536-a3c2c27c4cbe,61E0D431-814,2023-04-03,6296.32,SAQUE,72643958000101,False,AGENCIA
5c74de10-f5c8-4201-9ab2-20fd9f3771ea,34B222B2-9DE,2024-08-21,8233.15,ESTORNO,,False,INTERNET
ba547c25-ebc8-4409-a1f4-09677879d039,3D780747-534,2023-08-12,23387.6,SAQUE,21907348000137,False,INTERNET
38d53dcf-dba1-4871-9553-92a075975079,A16D5C74-5C0,2024-03-26,24248.13,PIX,40218967000169,False,POS
f371c873-a07c-43ef-bb19-edc628d5e6ac,D1EA4AA4-9AC,2024-06-30,1399.55,TED,94036512000151,False,APP
757603ef-f540-4f90-8e71-0e4b00420573,3ACF757F-5CE,2024-03-09,7913.27,PIX,29307158000190,False,AGENCIA
e9fe365c-6ca7-4557-871c-bd665d5d2e7f,148F3E96-F1C,2023-05-29,21986.02,TED,09846573000105,False,AGENCIA
e0112d91-ea15-4c6b-b90b-333f82d0e8f7,67F91DD3-4E3,2023-01-22,20534.4,ESTORNO,73096481000154,False,POS
d18d2817-b79c-4b4d-a18c-12a6a4cc8e3c,544F1EA5-BA8,2024-11-09,871.68,COMPRA,26714935000123,False,INTERNET
7d39d97f-501a-482f-969b-a36a3c2c80e0,E69A3FEB-67F,2024-01-29,6325.69,TED,67530129000182,False,AGENCIA
2e3f7437-2972-4d0f-885d-ac63905ffb6f,CECEDA63-6CE,2024-12-02,22579.07,COMPRA,17492680000100,False,INTERNET
786f8c67-0267-4024-b704-8c74218c2d32,B2C8935E-159,2024-02-02,21441.39,COMPRA,30945782000100,False,ATM
8d50c9e4-59ac-4354-bfe3-a54197094221,868F5BA6-7AF,2023-09-19,23187.79,TED,59478031000103,False,INTERNET
53e81cf8-0891-4943-9a9b-332a3b294ddd,96DA1266-C0E,2023-06-14,7436.63,PIX,40698731000177,False,ATM
8af1189c-9b2b-4b32-a354-84c6580a4b4e,4D3FA355-D96,2023-10-08,19733.25,COMPRA,43152079000189,False,ATM
fda115a2-e1ca-4442-9f38-5fca71e434a0,9EE31C47-B9D,2024-02-27,11778.08,TED,90364512000120,False,APP
e87f2c81-2b83-4493-ac3b-b92b870736af,5D187F55-29C,2024-12-16,20610.29,TED,69534108000160,False,AGENCIA
a5c2c1fb-0070-44f5-8c89-3a9be91bd0fb,8BD26CFA-FB4,2024-07-14,10522.63,ESTORNO,03542981000197,False,APP
c4100b4d-009c-4c8a-b587-c4ff648b46ba,D1EA4AA4-9AC,2024-10-18,19049.74,ESTORNO,37640295000170,False,ATM
8b5316bb-7600-48d7-97d3-b67d9d1a4a1f,9DA4F4D3-70F,2023-05-20,19775.8,COMPRA,41528703000174,False,AGENCIA
7ae1b7be-b4b9-4a03-a956-71bbec424736,DC8908DA-8F7,2023-03-26,7844.07,COMPRA,20675341000174,False,POS
caf523f3-34dc-444d-9dc7-7c3062460ffa,96DA1266-C0E,2024-10-26,17839.53,SAQUE,17350964000162,False,ATM
0443bad3-1698-4a99-87cb-81c7f683c4ab,4E4BAD67-F25,2023-11-24,19816.37,PIX,68902351000121,False,INTERNET
eda8fa12-85e8-4073-9f5a-63d8e650ce13,251EABCD-165,2024-12-04,6518.11,PAGAMENTO_BOLETO,95638420000104,False,AGENCIA
631e1d9b-f51e-4a6a-9780-d6c63059dd6a,410BD807-E5F,2024-02-29,4967.79,TED,53761092000199,False,ATM
95114c82-0b31-4898-abe3-b4a921479baa,3FFD1064-90D,2024-08-07,23619.01,SAQUE,73586201000196,True,APP
4dd56a65-fb59-4bff-bcbe-8530e7fff360,F2C8DB91-74A,2024-10-24,23077.92,PAGAMENTO_BOLETO,41056392000198,False,APP
d4f9407c-3ec9-46e4-a6da-8bd93cddc111,0B7F8E8F-550,2023-07-23,24353.23,TED,58470963000139,False,INTERNET
e21e6e04-cfd2-45d1-bfde-6d83f59e3b28,6EA7678C-366,2024-09-24,1246.0,PIX,04765831000105,False,INTERNET
5146a7db-e633-4672-8f1a-2804a045daba,449D32F1-6D3,2024-01-12,2227.9,SAQUE,70283945000143,False,APP
4b8bb118-1c3a-4609-b1ed-1c661b105091,DC8908DA-8F7,2024-06-22,354.35,PIX,09632841000196,False,ATM
3ae93c21-8379-4a3e-a6d5-caa8aeeea4f3,58339DDE-C00,2024-05-21,20681.7,COMPRA,76392108000139,False,INTERNET
20050bef-9d26-4bdb-b433-bb806ee8a47a,C6B07089-C0D,2023-09-30,4764.82,TED,31647209000175,False,ATM
6edca75a-a809-4d30-ac9f-28b0f1aeaff5,B2074467-96B,2023-07-31,3256.29,PAGAMENTO_BOLETO,73698521000138,False,AGENCIA
3dea4f71-3214-46ea-8418-4c5c75b374ad,3D780747-534,2023-07-13,18168.11,PIX,49653210000178,False,INTERNET
0688b9c1-b306-444d-8cad-6c4b966f30ce,CD82BAA4-48B,2023-09-26,720.78,SAQUE,32174608000129,False,INTERNET
ff78815b-2872-4daf-8a63-8291f1193742,D3EECC52-E33,2024-12-01,9241.89,ESTORNO,01765234000192,False,APP
42b80094-6bb6-40d5-8381-daf4c549958d,63C18B05-29B,2023-11-28,11722.84,ESTORNO,13687025000157,False,INTERNET
ac4c2237-738f-436a-9884-e43df3fe4b41,210AB4C4-0FF,2024-12-26,17833.83,PIX,64130925000130,False,AGENCIA
da8a848a-c458-4cd3-8b75-d7dc49900275,1962FC4A-3FB,2024-07-24,1827.78,COMPRA,58962417000115,False,INTERNET
003bf5d5-8105-467c-b32c-aa9ecfe1c5cb,D05200EB-CD1,2023-12-29,11774.1,PAGAMENTO_BOLETO,21874509000133,False,POS
322f2712-2d1c-49c3-8ffd-fa9cfee3b7cb,841E8850-39D,2023-02-16,17739.58,COMPRA,30475892000148,False,POS
8366bbdd-640b-4ebd-acad-9637bb5a9fb9,B2074467-96B,2024-02-09,9524.37,ESTORNO,80963145000127,False,POS
396c9c9a-db61-4381-a2ac-f2bd25daa5a4,7E63ADB8-846,2023-07-03,1029.56,TED,07125638000106,False,ATM
ba70e2cc-fe12-410a-9129-0244cb4ae5e8,3CC4894E-754,2024-04-24,23258.28,SAQUE,16523987000169,False,POS
0c0524bc-69c9-4029-ba4d-f719e090a69f,C4A6246B-EF0,2023-09-24,10824.09,COMPRA,82506379000170,False,INTERNET
33a1ab2c-9b3d-42d4-9113-57fcd79ae45e,451C870A-0E0,2023-10-15,12481.02,ESTORNO,59731648000180,False,ATM
b0b21721-e7a9-4201-9075-8001eff8d953,3B68AAE2-734,2023-09-27,7074.21,PAGAMENTO_BOLETO,69783502000132,False,AGENCIA
931bb485-4ae7-4c4f-b5ce-b6b6d9614ce5,6F82F24D-A39,2024-03-22,12925.04,SAQUE,35748106000152,False,ATM
7c6a4576-400c-43a1-a101-dbd31cb4b0cd,449D32F1-6D3,2023-06-04,19092.24,PAGAMENTO_BOLETO,65389410000111,False,ATM
1b13928b-8bab-4328-9649-8ea3d7f1dcf4,2BF82552-0F6,2023-06-02,1331.97,COMPRA,96813547000185,False,APP
b8453328-9bf1-48c1-8d3f-eb62c946107f,3DB2D989-0B9,2023-06-17,11756.98,ESTORNO,80127934000128,False,APP
47ef081f-6abd-47ef-a2d1-5ef057248ade,A445604E-039,2024-05-21,24880.05,COMPRA,42871930000160,False,POS
22e21164-bbcf-45d5-87c0-a28163c54f2f,A16D5C74-5C0,2024-05-19,12130.76,COMPRA,06417832000194,False,INTERNET
413b0849-7067-4132-8ae7-c9829987c92f,449D32F1-6D3,2023-04-06,3092.67,SAQUE,73508294000130,False,INTERNET
a5cd1007-8076-4c1c-84e9-3f76348c928d,FD09AE3B-6D3,2024-06-04,20874.09,TED,,False,POS
85e4e152-dcbd-42a8-8920-557b115547c3,FC5E85F8-30E,2023-01-05,5311.09,PAGAMENTO_BOLETO,14058327000129,False,INTERNET
8840817a-1625-404b-a642-4b5b1c21d020,F4417018-1F2,2023-03-20,10411.35,SAQUE,34691750000179,False,APP
714d978e-04a9-4b3f-af73-92f462bfabfd,A585B805-C57,2023-01-27,22184.36,TED,21489657000134,False,APP
63a57cbe-9c91-4994-93e8-559c18ca48c2,FA97DD0B-390,2024-08-27,9855.15,COMPRA,,False,INTERNET
d9a910ef-1ddf-4e2e-9003-542e22c8335a,3E65DA6D-6E6,2024-04-16,723.32,ESTORNO,86570294000102,False,ATM
b38f8ce1-1e5c-48a3-bba9-36b4f5b1b94d,E59DD6D4-E21,2023-10-03,15709.48,PAGAMENTO_BOLETO,02164953000110,False,AGENCIA
f6ab2795-c9d0-4cca-924a-91f9d2ce7d28,4C50E255-9D4,2024-11-02,24244.31,PAGAMENTO_BOLETO,96705412000104,False,AGENCIA
828d5866-31da-455f-afea-ae4effc7b7ad,164AE852-07F,2024-08-05,23685.54,SAQUE,52173486000163,False,APP
a93fbce9-ab38-4935-9a8f-01c25694bfae,46EF8FCF-C38,2023-10-17,20039.25,TED,79406238000171,False,APP
ba46acd1-efc9-416b-867c-4f305cad4fc6,A1D85E40-DD7,2024-09-08,13679.58,PIX,90285763000119,False,AGENCIA
f8ab96d2-a58e-4665-a5bb-0cf22e9bd13e,65386D23-32A,2024-02-13,4451.5,COMPRA,75682934000150,True,INTERNET
fb3268b9-8213-47ee-9ed8-422204f20599,E662A59B-095,2024-02-17,4074.77,TED,53687124000153,False,INTERNET
3fe3d9a4-47a1-4134-8bf7-978347c78d81,C8928B8F-0A0,2024-05-17,3016.37,PIX,17560439000171,False,AGENCIA
e4192977-7012-440c-a671-1b4604b3e4cc,0DA24407-9FE,2024-09-09,22593.5,SAQUE,27840635000153,False,APP
2caaaa93-de15-4a76-8455-9fa71ffd51ea,49E83FD0-F85,2024-06-08,20801.57,SAQUE,64079518000145,False,ATM
7288df21-de1b-4663-8112-c0c68ce23dc3,30F610BC-369,2024-07-30,11911.78,PAGAMENTO_BOLETO,61053842000104,False,ATM
01eef9b3-cd3b-4bc2-a45a-04d4ee821920,05B83F29-A94,2024-09-20,20275.14,SAQUE,78069512000100,False,ATM
8b7aff3d-a70b-4c9b-afc5-4a1132a88230,1FB0EFAF-649,2024-06-09,2325.05,TED,41860572000128,False,INTERNET
905233d8-346d-4944-9c84-0822446f2d6a,795786BD-32C,2024-12-31,16190.79,SAQUE,06237894000114,False,POS
63ed4c91-4a49-42c4-b228-379a98730799,B7B44BF3-E1C,2024-06-21,15739.55,COMPRA,67231890000113,False,ATM
c3a15bb9-f931-4b62-8cff-f1bb38a1ee14,43C6A944-EC7,2024-05-04,1980.96,TED,69574801000167,False,INTERNET
64f05790-f6db-4130-9d9a-c255c698d063,C13A2A19-7CA,2023-11-04,17108.32,SAQUE,67452910000186,False,AGENCIA
51beeda1-2ac4-4b35-8beb-81a7f0dc275d,A8955C69-ADC,2024-07-18,14214.04,COMPRA,,False,POS
c3649ce7-c5b2-4ae1-a7cd-70ac5e31a102,447E8ABD-7DC,2024-03-11,2692.14,PIX,02931465000191,False,POS
7b674a86-10ad-4fc1-8748-4b006ca4a910,C7EB1719-285,2023-12-30,20320.9,TED,30476819000190,False,POS
92f1d029-6ff1-49cf-b61b-5619bffe9e2a,49216251-87E,2024-11-08,408.19,PIX,,False,INTERNET
cbbf70e6-d600-4414-9c30-b1ea52baba94,8CD8F5F4-93D,2023-02-16,21072.98,COMPRA,28594371000168,False,AGENCIA
9f2761a4-9baa-41fb-8863-8b68a15239e2,A8955C69-ADC,2024-04-10,7849.69,ESTORNO,92510368000118,False,AGENCIA
b5eb65ab-1b56-4443-865f-abf38ae5e97a,8E476780-64B,2023-07-11,8534.35,SAQUE,78456093000150,False,POS
ced25f0e-2aef-4226-8e4f-1af530caa20c,53EFDB0B-6B0,2024-11-20,6484.05,COMPRA,14802736000198,False,APP
c06cdd11-b2f0-491c-952b-41a90b2e1a91,73A1B9C1-2DF,2023-04-30,147.67,COMPRA,36298470000120,False,ATM
a0004553-9539-4445-bafa-c6f249909789,D9DA3C17-065,2024-02-19,11504.89,ESTORNO,83921075000132,False,POS
a84ed6ab-f8bb-4f24-9e02-8e211f713c88,DD2D8963-D7B,2023-11-07,18148.2,PAGAMENTO_BOLETO,48916073000154,False,POS
260e436a-374e-4520-8746-a580e3e14e5d,4976E05D-750,2024-11-20,9019.18,ESTORNO,58369270000154,False,AGENCIA
13dd2e4c-7acf-4c83-88aa-485827042e1b,CA090631-4AB,2023-05-19,2192.25,COMPRA,83071549000102,False,APP
209b4c66-4933-425f-8f25-3f403730f1af,E5F7AB58-912,2023-07-12,17401.27,COMPRA,74165920000104,False,INTERNET
6c6face9-fe9d-41c0-9a73-b678e2647af8,BD11DD49-A39,2024-03-22,16244.02,ESTORNO,,False,POS
f15d242e-4c1b-44c4-a213-4ba81961f44a,1D472B18-75F,2023-11-05,4774.07,PIX,31486095000129,False,ATM
90f09f4c-257f-44d7-a7c5-f658dc8f853d,E99A2EFB-DB8,2023-06-20,546.89,SAQUE,10396284000130,False,ATM
8d266475-aac2-4bf0-b7fb-efd0fd19dc58,D3EECC52-E33,2024-04-27,24096.73,COMPRA,70594823000178,False,POS
db4143ec-b20c-4527-86ee-6dc019b164ab,B6F46681-0D4,2023-10-29,6066.88,PAGAMENTO_BOLETO,05961378000175,False,ATM
0d69ef7a-aa79-40e2-8f5b-602081fd8fe3,9E1E66D3-DE2,2023-01-09,1274.48,COMPRA,,False,ATM
fc5cf40b-34f3-4893-ab13-4d459a92e0a6,9AFE5E24-748,2024-05-22,24487.2,ESTORNO,81502436000180,False,POS
ad67e75e-7f53-4542-9027-73c0bd83990e,D1EA4AA4-9AC,2023-02-07,24975.66,PIX,01967842000180,False,POS
b4c815e4-844e-45f8-a0b1-193b275bfd9f,FD6F7F2F-98A,2024-09-18,14776.6,ESTORNO,93765214000130,False,ATM
3e4eec43-36bf-4293-a834-543614a486cd,D0A18F14-9EE,2023-03-04,5798.8,PAGAMENTO_BOLETO,06129758000100,True,POS
6d1b650d-4f52-4b68-b86f-5b9899e42b7b,447E8ABD-7DC,2023-03-07,7897.28,TED,46851079000165,False,ATM
1ed92379-7c73-4d64-8b24-a5690e766d46,35086199-94C,2023-04-30,22228.68,PIX,76394082000168,False,AGENCIA
0e96a3b6-95b7-477e-952f-8b05692e9f2c,9D709769-FA5,2024-03-22,11208.96,COMPRA,12853694000199,False,INTERNET
6b9d1089-4b54-49e7-ad27-3dec8cbdc0e4,93078DA7-767,2024-03-24,11731.81,SAQUE,21347986000140,False,POS
e7569b5b-4926-4a73-aa27-a9b9590e2b4f,AB30F52A-62C,2023-12-14,22726.89,PAGAMENTO_BOLETO,94526801000139,False,ATM
c925f4c3-65cc-4812-9320-36849a919f70,3E8A1035-2EB,2023-10-28,3280.27,ESTORNO,51073986000160,False,ATM
a462e76f-1b04-41f4-8a09-9f96ccb51e58,24029FF4-8E7,2024-11-20,20827.27,ESTORNO,53602479000100,False,ATM
c79c6358-feea-4e2f-80ae-1e5485955f26,B51FBD1F-DF1,2023-06-15,19994.18,PAGAMENTO_BOLETO,26890317000134,False,APP
ac1a9702-1ee4-4d7e-a486-882911647a18,F8C8CAEA-DCC,2023-05-13,16676.91,SAQUE,91463027000176,False,POS
5896d87c-5f12-41f6-b271-f021b494a8c6,1B83739B-35A,2024-03-01,12305.41,PIX,67902415000121,False,INTERNET
7c7350b6-8d58-468d-8ea0-5922f1afed75,DDD59A19-4F8,2023-01-19,13921.43,TED,03146872000150,False,AGENCIA
8a3f9eec-f072-41d8-8fb4-c298a0e22b0d,840DD761-523,2023-06-28,16923.68,PAGAMENTO_BOLETO,91458723000194,True,APP
4585635a-1f37-43cd-bcb9-c0cb03a15d9c,0994066F-023,2023-04-27,8444.36,PAGAMENTO_BOLETO,85204716000163,False,POS
271196d9-800a-4176-bb3a-0f04e91a0a39,06BB587F-947,2023-09-22,5603.55,TED,04275139000107,False,APP
c3a3d455-463d-4ee7-8a48-7e20419bab48,3FFD1064-90D,2024-07-24,19252.72,TED,74652931000100,False,POS
d9e7bc8a-b649-403d-ad85-ab6e86803a1b,E776BC4C-E6D,2023-04-17,15107.83,ESTORNO,36519478000170,False,ATM
0c04c73c-643a-48ae-a150-1f96031b26d0,4B684163-4DF,2023-04-24,19974.97,COMPRA,49376058000123,False,POS
132b6589-3b6d-4caa-a1e3-a348b71fe13f,639C3C74-607,2023-04-15,19554.23,PAGAMENTO_BOLETO,28519740000158,False,APP
01b0c3b9-6683-4907-b126-ca2945e7ca97,C7EB1719-285,2023-05-01,4177.41,SAQUE,39608745000173,False,INTERNET
b8736838-af77-49c5-b7a6-f7cb1b0c41c9,52F07F56-04F,2024-12-26,18209.14,PIX,12653890000110,False,ATM
7ce7fb29-1552-4e19-90e7-f0a98c08621f,E8AC5683-D8E,2023-04-12,18314.2,SAQUE,,False,AGENCIA
cabb255e-2156-43cd-8906-78f6e6bcaea3,30F610BC-369,2023-05-06,20479.29,SAQUE,26850413000159,False,ATM
a2f3fc7b-5a7d-4ba4-b1f2-421c702e2054,49E83FD0-F85,2023-01-07,19230.83,SAQUE,80125974000130,False,ATM
b031cd54-0a41-408b-b909-c298c511bf30,868F5BA6-7AF,2024-06-01,8533.99,SAQUE,51437298000132,False,AGENCIA
dadbdc83-8d23-46ff-bae3-6f95be20d243,4E069749-559,2024-02-29,17880.42,TED,52478019000141,False,INTERNET
1c796a01-ece1-4434-bc12-5fab8eefb4b3,94E29C76-8D2,2024-06-26,3791.55,PIX,,False,INTERNET
5cf92421-ba6c-409f-8040-135b9a3b341e,13AC4D38-051,2024-02-28,20044.51,PIX,21738560000118,False,POS
3d4b70e0-8278-442a-901e-914cafb60e16,999B258F-314,2024-01-06,19865.49,COMPRA,12576304000180,False,APP
07f7f0c0-6450-4e94-afcd-e3ef919ec550,7D44A617-A24,2024-06-13,17941.07,COMPRA,61704823000192,False,AGENCIA
2ec7883f-c640-4407-983d-8a0ba2fd948e,08D6EE30-B7E,2023-06-18,10042.17,PIX,13586049000110,False,APP
cb4050eb-c9cd-44db-9605-b151488f9016,73BDBBCB-2B0,2024-10-18,16504.91,SAQUE,16329570000160,False,APP
9ae3f156-9c1a-4dcf-9b81-cdd5a1bddf1a,83A3630D-986,2024-12-31,24443.36,ESTORNO,05124789000106,False,AGENCIA
a8d791ed-6c63-41ab-87d5-781802f89e6e,39428893-575,2024-11-28,10483.5,ESTORNO,79536418000178,False,AGENCIA
5f77070e-92a5-45b1-ac06-6b3fc5dd19ed,A537C40F-9B5,2023-11-18,18039.19,TED,46018593000114,True,AGENCIA
14c92e5f-d753-4398-99b0-288981c7994f,1FB0EFAF-649,2024-09-17,22505.36,SAQUE,15086349000165,False,ATM
6ab70f66-313b-45d4-8598-7f7fc89593a2,C3D04F2D-158,2024-07-11,16097.52,PAGAMENTO_BOLETO,90276538000116,False,ATM
f0f7cc78-635b-4f8f-8835-8597ecc31bcb,F88FDEB3-526,2024-10-26,17437.23,PIX,54609871000136,False,AGENCIA
cea4845d-18e2-4d3b-a962-4cb0d9548331,7938E4EE-F83,2024-07-04,2108.4,TED,82369570000118,False,INTERNET
209333d9-4c5b-4e65-a60c-d4b5cfb72e8b,A50CBCE1-312,2024-07-07,13012.46,TED,92704183000144,False,POS
a02e5c75-b0e8-4011-bb0e-d9ab5448796c,CB44EF57-2EE,2024-06-17,13795.32,TED,14890635000116,False,INTERNET
21052c75-b006-4613-b4d4-9ba5d8540051,DD2D8963-D7B,2024-07-06,587.01,PAGAMENTO_BOLETO,03182649000169,False,AGENCIA
5564a71e-c33b-495d-8ce8-bc348ad33386,7AD87DDD-706,2024-06-01,18163.14,COMPRA,13974628000130,False,AGENCIA
e059ed8c-5ca6-4ab8-960c-32ec9bc23601,CECEDA63-6CE,2024-06-03,6495.02,TED,83276459000140,False,APP
b537231c-ee18-4085-9603-71c84d375b76,4C6D5EA5-40B,2024-08-09,11219.25,ESTORNO,10672834000105,True,AGENCIA
a9eeef0d-4642-4c9e-a7eb-99f2300408d7,6D42092A-ED5,2024-08-18,24573.79,PAGAMENTO_BOLETO,,False,POS
31f09fe4-566a-4b1b-be8c-3b56170fb00a,AC12CBD1-6DF,2023-08-28,21112.63,TED,61279830000194,False,POS
57cae304-77cb-4823-a83f-d28d72a9c501,795786BD-32C,2024-01-22,16811.34,PAGAMENTO_BOLETO,82764310000147,False,APP
418fbb00-3dac-44a3-a8a3-c1ee5c2e45da,8AE5A60C-D14,2024-08-19,8197.18,SAQUE,,False,AGENCIA
2688c2d3-2953-4edf-85a0-50615d6b7c4b,7EE94620-8E3,2023-05-31,11358.56,ESTORNO,82693147000179,False,ATM
acdaa1ee-2676-49bc-b5b7-c99d280aab24,8BD26CFA-FB4,2023-03-05,2050.06,PIX,28540736000171,False,ATM
465eb45e-6735-4cf8-a93c-913cef0396a9,BD11EEDC-C85,2023-03-21,5370.79,TED,,False,ATM
5baa811e-4e06-473a-b2e3-80b735b11134,0994066F-023,2024-06-15,14706.6,PIX,31527698000121,False,POS
512d462e-67b2-4b24-8f52-9f5ac2a4dc14,9933E9A7-836,2024-03-09,12471.43,PIX,83549127000191,False,ATM
db38da9d-429b-443d-9356-806468f90eba,2C78AA82-972,2024-03-02,18293.33,SAQUE,36254897000127,False,INTERNET
728e40bf-90e2-4c50-9771-04ae42ef4892,8BD26CFA-FB4,2024-04-13,12119.88,SAQUE,65390874000148,False,POS
74a1b03f-cfd3-4d07-9a84-e9b75975b0e7,54501F75-460,2023-05-01,21582.0,ESTORNO,46570928000102,False,ATM
d6ab49a8-6252-4437-9509-ed14fc640011,D3EECC52-E33,2023-06-10,816.64,PAGAMENTO_BOLETO,58437916000193,False,APP
c1462358-66be-430a-8df4-12e0b8609614,71BCC411-656,2024-02-23,15040.6,COMPRA,28794305000131,False,POS
6bd0621e-bba4-4bb5-a511-f278631ff4e3,8CE00274-965,2024-06-19,7240.83,SAQUE,93827140000119,False,AGENCIA
ebb09a3d-8111-428f-b798-413d2e5d5112,8B70E1A7-2B6,2023-11-07,24775.52,TED,54029376000158,False,INTERNET
314214ab-666e-414e-846b-cd73e6c14f0c,7EB4C730-057,2024-08-26,3554.78,PIX,97216508000163,False,AGENCIA
2b8423f1-7e1e-491e-9170-99ac0fe45105,1208ADB6-F71,2023-08-09,22226.6,SAQUE,49362507000184,False,ATM
231271df-fc6c-4084-8174-371f6bb6468a,B2074467-96B,2024-07-14,53.64,TED,,False,APP
8f2035e3-e64e-4ecb-9317-d3a9c6705a66,C3D04F2D-158,2024-08-09,10440.25,TED,13405692000108,False,AGENCIA
b5b90c43-6c11-4d36-9c38-07d1893fedcb,BA2097E1-7E5,2024-05-01,19534.06,ESTORNO,30972485000146,False,INTERNET
0927829f-9a72-4ceb-a6ab-65e3aa0c9eb6,019DD80D-CE2,2024-05-31,19049.14,ESTORNO,43802561000117,False,ATM
bf9dd6e0-0396-4aa3-a907-dc6d805310f1,55F9EF03-44F,2023-06-02,16681.02,ESTORNO,89325416000193,False,POS
1242ebd8-911a-4c04-943b-654a7d1ae7cf,43FBC6B3-A3B,2024-02-24,16613.06,PIX,23041695000155,False,ATM
0f3f2c94-0ec3-4290-b3fc-1e0f68befaeb,7ED99614-32E,2023-02-16,8475.94,ESTORNO,03624197000128,False,AGENCIA
001f7afe-4b70-451f-9fed-a963a8096f3e,CA090631-4AB,2023-06-19,16148.44,ESTORNO,17635092000189,True,AGENCIA
21be46af-e048-4674-b116-6e880f8e1bfb,A68F5DC6-489,2023-05-07,14026.77,ESTORNO,07965431000131,False,INTERNET
02865007-75da-44e3-9a92-0276c9a6b140,CCC4E548-2B4,2024-07-08,23879.28,PAGAMENTO_BOLETO,05382719000158,False,POS
0d54457f-3868-40c6-97b5-bf216578ab29,08D6EE30-B7E,2024-05-02,13044.56,PAGAMENTO_BOLETO,98657240000168,False,APP
648e6a62-4269-4701-ae2b-328e86639faf,7E63ADB8-846,2024-06-28,16456.87,SAQUE,96874510000167,False,AGENCIA
db278ba2-810e-4815-bb60-5087829643db,BD679CAA-B65,2023-09-09,19669.25,ESTORNO,18645293000120,False,POS
3ef9ec8f-a9be-461d-aa4e-5cc15b86460f,55F9EF03-44F,2024-06-30,11106.57,PAGAMENTO_BOLETO,91083675000105,False,POS
6ab5f3f0-edd6-42f3-a47f-1183bfb62fb1,447E8ABD-7DC,2023-01-24,1126.02,TED,,False,ATM
02b97499-b6a2-4ad4-9655-2d8a9bedb883,D77900B1-D91,2024-06-24,602.89,TED,69174850000102,False,APP
5351135a-098a-401e-93f2-d46fcc7eee6c,AD6C2C9A-4BC,2023-04-12,2867.44,PAGAMENTO_BOLETO,,False,INTERNET
360af0eb-7d68-4fa1-917c-ad595812f7c5,B15246BD-104,2023-04-02,4567.95,SAQUE,70186245000130,False,ATM
abd4e21a-85e2-453d-9d81-f1db767e0e93,A82B9A72-283,2023-03-02,16965.7,PAGAMENTO_BOLETO,35687140000164,False,INTERNET
c0f11362-4203-496c-af77-1873f240bed2,5D413897-554,2023-03-01,680.74,TED,,False,AGENCIA
c4aba88f-9128-48eb-9910-f9f32a9d8bc7,AFB5E037-4BE,2023-11-28,3562.8,TED,89620154000190,False,APP
8bb581b0-af6f-48b8-ae00-de1855891399,3A8256A4-B54,2023-09-03,1298.38,PAGAMENTO_BOLETO,81734059000105,False,ATM
825f114b-9f93-4319-b18c-ff8c0ed73094,94E29C76-8D2,2024-05-31,12716.27,PIX,80261579000185,False,AGENCIA
760635ab-7f80-4038-8803-2ae575094241,E7FF97B9-1F5,2024-04-20,1517.21,PAGAMENTO_BOLETO,16893572000187,False,ATM
6e639dc8-5dc3-4148-9b79-598099ab42fe,D4932C84-A6F,2024-10-10,724.12,SAQUE,03452861000107,False,APP
708289cb-67b1-4622-8775-2d97e958cb41,09310F82-F75,2024-08-23,6730.09,ESTORNO,87041952000131,False,POS
b85ebea7-0f5f-4d51-8e6c-9ade0c453a5c,BA387A0F-021,2023-05-09,16289.3,TED,,False,ATM
3280b71d-8d5e-48f6-9656-330cca92fb2f,E4EA2F6C-115,2024-10-13,2099.08,PAGAMENTO_BOLETO,49521786000181,False,INTERNET
3678fba3-f176-4ea2-8e5c-d9c002bc54a3,CF2CB41E-A65,2023-06-22,9333.57,SAQUE,03812954000197,False,ATM
5cd38293-7161-4b3b-bc4d-b8204e84bb5c,841E8850-39D,2024-07-22,24033.86,PIX,06835291000114,False,ATM
fc01afff-7751-4ad1-875f-625eb784b3ae,6F82F24D-A39,2024-09-27,24027.92,TED,41253760000198,False,INTERNET
b57b0aa4-4e69-4541-8633-27cc2cc38b61,2AA9353D-609,2024-05-08,15.07,TED,39725861000172,False,ATM
90316303-b77c-4b70-8390-f8ebc92a5446,A2A3A921-AF1,2024-10-09,24981.05,SAQUE,09158623000161,False,POS
9304b718-3543-49d4-8227-69e07522f100,4EF11F0C-59F,2023-06-15,7033.86,ESTORNO,80751964000100,False,APP
d97f2295-8f2f-466f-9bb2-04a2f711f68f,D7F780D9-86D,2024-02-09,7517.01,ESTORNO,26159438000100,False,INTERNET
f559f7f9-25bd-4f0b-89f3-84fa126cd523,07EC18E1-7E1,2023-10-14,18127.26,PIX,72145809000112,False,POS
f8e531b2-1f50-418c-b501-49299dbfac02,65386D23-32A,2023-11-22,23935.49,ESTORNO,09278534000159,False,AGENCIA
b28ebad0-0955-4170-b76e-e919cbc1210f,10E2732C-E9F,2024-12-25,24491.04,PIX,48096523000100,False,AGENCIA
6bae455d-1dd8-4d7f-a480-190f1a5653a5,451C870A-0E0,2024-04-15,8541.73,PAGAMENTO_BOLETO,51379048000193,False,INTERNET
1782d7cf-1071-45c3-91d8-a1d650a56eb1,F6504DB8-DBB,2023-01-03,16161.61,PAGAMENTO_BOLETO,06217589000160,False,APP
3c5c7ede-65b8-4552-9b6b-bde4bde79695,F88FDEB3-526,2024-02-28,16818.15,PAGAMENTO_BOLETO,57930468000100,False,ATM
25d04be1-6626-4f4b-a4c4-12c66c0c2a9c,A37F74BF-331,2024-07-05,19061.99,COMPRA,82431056000165,False,APP
c2c88444-873a-4cf6-8893-199b7afc4de4,A4EB6D98-E2B,2024-11-18,13466.93,PIX,02713869000109,False,AGENCIA
405d41b5-1d51-43ca-80c1-7fede7b93287,A2A3A921-AF1,2024-01-21,24301.02,PAGAMENTO_BOLETO,91734826000130,False,INTERNET
7599f9f1-416d-4edd-a04b-8000b8619547,A4380A41-52E,2024-12-14,20978.89,COMPRA,57963184000102,False,AGENCIA
75d16534-8302-42fc-997c-dc925323cf48,A1DA6E29-82C,2024-03-31,23406.29,COMPRA,01695372000142,False,APP
8e877c97-9956-421b-acc5-ce5e3e8b49af,74D79365-D71,2024-11-27,18960.89,ESTORNO,01578629000186,False,APP
b7bf6086-3323-45ba-9717-c889090462f8,E9BB0CDA-96B,2024-10-02,20407.3,TED,43890765000157,False,INTERNET
ca9c8010-a2f6-4b68-982a-4e778fe48351,286DE560-C6E,2024-05-20,5857.6,TED,27603819000108,True,ATM
bd6109bb-334e-4c20-ac52-fca8b1312e05,C3A72A25-B2D,2024-12-24,22612.83,PAGAMENTO_BOLETO,03694217000137,False,INTERNET
7a74759c-8a83-4684-aede-8cd4af09a961,8B70E1A7-2B6,2024-10-15,24606.61,PIX,27061384000109,False,AGENCIA
51233796-0d6a-484a-88de-48ec5dd5393c,3B68AAE2-734,2024-05-20,14228.2,SAQUE,37625984000106,False,POS
e694f287-66c7-4064-8add-f368db40f5cf,00132D80-DA5,2024-09-09,16804.88,PAGAMENTO_BOLETO,18632549000164,False,POS
e271d69d-dda2-426c-9dd5-d0a0bd49d90f,13AC4D38-051,2023-03-08,3207.47,SAQUE,06479351000103,False,POS
679aed73-cc65-4c7c-9b94-d8362d8a1318,09093D1C-963,2024-06-19,21387.19,ESTORNO,16502837000179,False,INTERNET
84000752-fdfe-4530-a6dd-328c82c501db,F7ECC688-7EB,2023-01-24,21191.91,ESTORNO,73086294000190,False,POS
ad7a4eea-1068-465f-b8a0-9cfbe5eca0ac,58055D5C-B21,2024-07-27,6324.15,PIX,43017562000150,True,ATM
fd7c323d-e824-40a3-ab4a-dd9f123ddf9f,DD2D8963-D7B,2024-10-27,16024.7,COMPRA,54398760000128,False,AGENCIA
b88cac6d-d944-49b1-ba02-92e5d91a8f8a,E776BC4C-E6D,2024-02-21,10814.56,TED,,False,POS
6addeec7-4afd-471b-b142-aa59d66000fb,BC44968A-ABF,2024-01-06,11665.47,PAGAMENTO_BOLETO,74861390000120,False,INTERNET
dea905ec-c9d9-4c48-af6c-e2a14def3deb,F7ECC688-7EB,2024-03-06,1175.55,PAGAMENTO_BOLETO,40826579000160,False,APP
c9c75ed2-da17-4dcd-ac09-c185d27be4ba,4F20F3DE-58F,2023-12-09,9797.38,COMPRA,51602489000102,False,APP
e7985b0a-f1fb-4b6b-83f2-42921ecc853e,FE3BC573-E74,2023-08-20,24756.63,ESTORNO,56489731000105,False,APP
7765e258-89b2-4a1a-b3e2-25e194d49beb,9723A85B-15C,2023-07-21,22925.01,SAQUE,45683279000193,False,APP
e1ad2b70-8c19-4627-945c-fb53d1d3f20f,A68F5DC6-489,2023-04-10,15650.43,COMPRA,78163025000101,False,APP
28ba9ea5-2753-4de9-a6a0-62dbd0b4cd01,6DFA9806-BEE,2024-10-03,14813.88,TED,30596782000134,False,INTERNET
2e24f99b-a211-45ac-b410-7a4bcc97fbdb,73A1B9C1-2DF,2023-09-02,2697.35,TED,86452971000198,False,AGENCIA
0dc4c17e-8ee3-4cd9-9ea8-db0998c55feb,999B258F-314,2023-08-31,12992.6,COMPRA,89064513000170,False,POS
424940a9-3b64-40de-9ae4-884af348dcef,A4380A41-52E,2023-04-08,10964.08,ESTORNO,67091483000158,False,APP
80ea3400-db1c-472d-a47d-c1b24ee16582,AD88DDAB-470,2023-03-04,2139.74,COMPRA,08562934000129,False,APP
78bf58d9-7121-4bfd-87b5-8a7ed2d41bbe,60881B5C-A0F,2023-03-05,19566.48,PIX,93621854000176,False,POS
b0897352-9f56-41ea-86c1-284fd080b7bf,8B70E1A7-2B6,2023-03-09,15655.19,COMPRA,12563480000188,False,POS
b1f37161-4e4c-4921-8f32-36b1810d0dfe,BCEF6001-A27,2024-01-26,1306.5,PIX,48536170000111,False,ATM
3c55eeab-978d-4c43-b0d2-afdf60b4163b,61E0D431-814,2024-09-05,5828.95,ESTORNO,18753642000127,False,ATM
390dcc87-38ed-474b-917c-24bcdc10437f,DB147EB2-6CC,2024-03-14,9598.92,PAGAMENTO_BOLETO,18079256000100,False,AGENCIA
0fec2214-28e5-4cc5-9e95-9071f491f37f,868F5BA6-7AF,2024-11-22,16273.56,COMPRA,07258491000114,False,AGENCIA
fae78ef4-8fec-47c2-a8bc-2c2d4e9d524e,40C10B49-60A,2023-04-21,14695.95,COMPRA,48123750000187,True,APP
41ed61fd-1023-4ab5-80a2-397519508b54,B8B761D1-DC3,2023-07-18,14822.77,PAGAMENTO_BOLETO,29105678000110,False,POS
b2b0764e-1602-4ba2-8e75-123230a0ee1b,91E5E27B-304,2024-03-07,6408.27,PIX,21406978000128,False,ATM
9591e161-e263-48fe-abed-aa6a988b5055,7D44A617-A24,2023-05-21,4649.31,COMPRA,25049178000158,False,AGENCIA
f9bd48f9-6edc-4c7c-8bbb-3edaa4b05655,BC413E0A-A58,2024-06-09,14613.68,ESTORNO,62180593000172,False,AGENCIA
153c10b7-cdcf-4246-b77f-11b2288ce460,E05C3AD2-27A,2024-07-08,14592.27,SAQUE,20937861000108,False,AGENCIA
a9f6b483-58eb-440c-acce-75e5db0e4d3f,5645954F-865,2023-10-26,15083.83,TED,76485329000151,False,POS
d416955e-77f6-40dd-814e-1e633c7d6428,3ABC536B-F72,2024-11-25,14661.62,SAQUE,98726031000129,False,POS
b45a2d61-550a-44c3-b3a5-0e8602cb2389,E776BC4C-E6D,2024-07-26,20479.87,COMPRA,36987054000130,False,INTERNET
6d5728e1-ed79-4d48-a564-21095317369a,09093D1C-963,2024-10-17,24412.8,SAQUE,19563784000194,False,AGENCIA
d801335e-056e-42e0-a77d-7bcaab2b27f8,3CC4894E-754,2024-05-02,4735.11,ESTORNO,58417930000125,False,ATM
39aad7fc-8b6f-4665-9d66-f388bf9f3984,6D42092A-ED5,2023-12-06,14994.66,PAGAMENTO_BOLETO,95327684000147,False,AGENCIA
766a0d4a-b9ff-4dc0-99af-fbe2d3915e63,C9ABF640-2D9,2024-03-04,15403.15,TED,80126375000131,False,ATM
d6d525e7-c918-4694-a291-b87f33ac6714,A68F5DC6-489,2023-02-13,21902.82,PIX,32781905000132,False,APP
7463bfd7-9f42-4351-b527-fb6ee29271dd,6CB0A497-D8C,2024-12-10,15969.72,SAQUE,70518324000100,False,INTERNET
ee3d4e61-dc40-4622-9321-3ab5600e867a,48B2EBE6-D96,2023-12-06,5976.62,ESTORNO,03415278000118,False,ATM
42ec0ac4-fcb8-4fb0-b96a-748d26311c71,4C50E255-9D4,2023-01-07,4607.34,TED,52839046000100,True,AGENCIA
46fb8c50-f9ba-4246-945a-4c05bd650985,F46A071B-66A,2023-04-28,751.89,SAQUE,46012753000118,False,INTERNET
dc65de63-2b63-4d96-b41f-4494ab0901ca,FC5E85F8-30E,2024-01-04,15783.92,COMPRA,14097652000109,False,INTERNET
3d75230f-3921-4dfe-b5d3-16ac21f26145,5C0F3CFD-4BA,2023-06-28,4946.83,SAQUE,53941087000168,False,INTERNET
a9189e69-13b2-4389-ab28-eb107f632dd4,CECEDA63-6CE,2024-07-21,8496.43,SAQUE,73065981000129,False,APP
3f8d2f6f-cf42-4f35-be05-007935362dfd,B7B44BF3-E1C,2023-09-26,4403.17,COMPRA,38274091000126,True,INTERNET
37a53ea3-8e6b-4651-ba5d-457c655944f8,995F2F7C-66F,2023-04-24,9474.0,TED,98740615000159,False,AGENCIA
0e86e963-b05f-4dd7-8e68-af087ff26835,D005D28C-3EB,2024-01-14,11405.91,TED,27839405000174,False,POS
6bf9c12e-523f-41f7-b339-27f0ad6d4f9c,E920FF38-E78,2024-09-30,24427.58,PIX,63749518000142,False,APP
c6193f38-e5b0-4e8c-bac4-f4f7991432ba,7DE3D174-99D,2023-05-14,2963.66,SAQUE,,False,ATM
5dd17eaf-8a09-4796-80ad-468d81737d75,CCC4E548-2B4,2023-11-22,17359.31,PAGAMENTO_BOLETO,46258937000162,False,INTERNET
84be0399-2df8-4c1e-ab10-602906c803c2,930F7F60-FD1,2024-09-22,23025.46,PAGAMENTO_BOLETO,25831679000191,False,POS
62694a96-000f-40cb-b28a-29243a3e20c2,3A57D145-7AE,2023-06-02,7355.63,TED,,False,AGENCIA
71ac7c05-ba85-4deb-86c5-370c030be6ea,5416063C-534,2024-06-04,21821.48,PAGAMENTO_BOLETO,06728491000178,False,INTERNET
9f9e84a7-c8a5-49ab-a56d-91acbbdcdec3,7E31306C-B35,2024-04-26,18182.87,ESTORNO,24095168000196,False,INTERNET
30eeca62-d4b0-4de8-8efa-f242029b4e69,ADD79F07-489,2024-10-22,12716.08,PAGAMENTO_BOLETO,63745012000165,False,POS
4cf68324-e7a2-4bfd-9d16-3c5ba226688d,6CB0A497-D8C,2023-11-26,11607.49,ESTORNO,86041753000160,False,ATM
645cd2d5-11f7-44fa-8a7e-9ce33ebacf26,AD8D3A79-CA3,2024-05-21,17891.67,PIX,25430189000183,False,ATM
b07ce9a7-846c-48d4-bbfa-6523720378f1,3230B053-3C0,2024-08-20,15953.18,ESTORNO,46012739000114,True,INTERNET
1812c739-50f3-4614-b660-41924fe6d0a3,6683E36E-CE1,2024-04-07,22372.27,SAQUE,,False,AGENCIA
c585d721-b49e-47ba-abf8-e7fc69ec41ca,9E49D006-67C,2024-01-22,10626.43,PAGAMENTO_BOLETO,76581920000102,False,AGENCIA
10a7ad01-2bd6-4840-88ab-1ea8990e4324,8D6257F2-0BC,2023-03-28,6364.35,SAQUE,65978413000190,False,AGENCIA
a424039e-2de5-46b0-a3cd-07ab655190f2,43FB0188-85B,2023-12-27,11113.47,SAQUE,49082736000145,False,ATM
3e202381-fdd9-48a7-9aa9-f0c69b31793a,C89849F8-A37,2023-12-11,12807.28,PIX,83249715000100,False,ATM
49f030fc-488e-4b90-9330-66cb13b44c07,06BB587F-947,2024-05-24,10224.71,TED,91823405000185,False,APP
a31f862c-15a2-46ab-92a0-e23eae9cef78,7AD87DDD-706,2023-08-28,4490.37,TED,48307956000167,False,AGENCIA
8d56afbc-9ed1-49b7-9e2e-bb22e27ebf84,A537C40F-9B5,2023-10-29,22537.04,PAGAMENTO_BOLETO,23148567000105,False,APP
4b4098da-6f1d-4cbb-afb7-dcf89978cfa4,E05C3AD2-27A,2023-08-22,19647.15,COMPRA,75096184000134,False,AGENCIA
7f9aecf5-addc-4134-a599-8be89db6ea92,41447DF0-318,2023-07-25,958.48,TED,80324956000188,False,AGENCIA
ee74604b-9666-4f7b-a818-7e26a0181114,0FBBED98-579,2024-11-30,6251.72,TED,43120796000129,False,POS
647d0057-1d89-41d6-b5d6-25fe9931ba58,6BD3FEE7-2F6,2024-07-10,24949.9,TED,28451930000180,True,AGENCIA
b9467031-6fea-4be1-8c5a-10eac0435711,35086199-94C,2023-12-21,7047.21,PIX,36159207000150,False,POS
f80dd296-8a6a-4454-b9ca-58f4605fb7a2,C89849F8-A37,2023-01-13,18945.52,PIX,95461370000132,False,INTERNET
45f4142b-2eeb-45f5-a9ec-8b496cebc131,0B7F8E8F-550,2023-08-22,21636.85,SAQUE,40518372000129,False,INTERNET
100877d3-aa64-48a8-8adb-3519239e3a97,9EE31C47-B9D,2024-06-12,11861.74,PAGAMENTO_BOLETO,60728319000160,False,ATM
e4e41cc5-8f61-4013-aaf5-97295ea53387,46EF8FCF-C38,2024-04-17,18063.18,TED,27859403000147,False,AGENCIA
96c4fbbe-6127-4a06-a4eb-89ba299cb106,CF2CB41E-A65,2024-03-15,21145.27,ESTORNO,48203617000130,False,ATM
a02d577b-103e-4b34-8f9d-61c6825019f5,CA090631-4AB,2024-07-25,11250.12,COMPRA,86091523000106,False,POS
f75c66e4-b0af-402f-9f99-af8ffd68df77,1F18656A-AC3,2023-11-09,21843.94,ESTORNO,72319065000105,True,AGENCIA
dd6626ce-6dba-40b3-9709-f081897ee6ab,C6FD676A-15B,2024-03-05,8496.55,PIX,91728645000109,False,ATM
06a552fd-3d53-4158-a9c7-dd7722a22fb0,A0DAE6DC-5E3,2024-12-08,19071.4,PAGAMENTO_BOLETO,85943276000166,False,POS
e5ff246c-ad36-418c-b5bf-af9d05c7cdbb,E61FBB78-66A,2023-02-02,582.46,SAQUE,17694023000146,False,AGENCIA
da05e11e-fe13-418e-9f54-37c7fbb8fdb7,C8928B8F-0A0,2024-09-09,14205.42,PAGAMENTO_BOLETO,80192473000177,False,ATM
43002ecf-d874-4d34-86dd-6fe8d295971d,84DEAE10-CC1,2023-07-29,24504.33,PIX,,False,ATM
29785c99-91e1-4416-a49e-838a9d293180,D005D28C-3EB,2023-04-22,4709.68,TED,67214580000190,False,ATM
106981d8-9cd6-4b2f-aa99-b1063a028566,F88FDEB3-526,2023-11-08,15975.62,COMPRA,,False,POS
a5a809cd-8a2c-42af-900a-1f802c68772c,5CF57AA9-2E4,2024-12-06,4442.14,PAGAMENTO_BOLETO,87026941000182,False,INTERNET
cc616edd-68f9-49f9-a945-b1659e3359a4,53EFDB0B-6B0,2024-01-31,4976.17,TED,42389716000172,False,AGENCIA
058c062a-33d9-453f-a95e-adcb5cab6949,3902F1F6-EBF,2023-03-13,16489.76,PIX,45031876000133,False,POS
8efe987b-5fa3-4c58-9361-6640daa03f12,C765728D-5F2,2023-12-01,277.66,PIX,41267390000148,False,APP
d547f4d4-f0f5-4fca-b599-aab58f174839,A6A69A7F-B7F,2024-03-04,3229.75,PIX,65482039000138,False,ATM
11494cf4-b124-49a8-859a-e3f4ac59b428,1B1FBCB3-841,2023-07-31,23877.49,SAQUE,03197684000151,False,AGENCIA
54294c99-c6ff-49b1-a651-15a4b507e35c,C06F17DC-9A2,2024-12-27,10805.87,ESTORNO,25061493000109,False,POS
7f6aa03f-6301-43cb-bbd4-79425e93e0ca,451C870A-0E0,2023-11-14,14377.92,PAGAMENTO_BOLETO,47130982000108,False,ATM
5909fffe-ef6d-4b2b-84d2-dc75945a7430,28B623E7-B25,2023-01-08,6887.11,SAQUE,38704629000195,False,ATM
5b5b0e91-7080-48c9-bd80-15b3b8df9fe4,C0A7E027-B31,2023-09-10,15121.81,PAGAMENTO_BOLETO,07523869000160,False,POS
875eb7af-81af-4fff-8ac1-a976f77b68a8,EC5B23B3-57D,2024-04-16,21981.17,PIX,69824730000103,False,APP
cda50250-6b4f-4dc1-8ab6-230b0a6b8143,C3D04F2D-158,2024-04-12,7198.86,TED,58127360000139,False,AGENCIA
fb1dde9a-0c0c-413e-9c5d-48a216b1c11e,A4380A41-52E,2023-06-29,9778.17,PIX,09275416000197,False,POS
edc3a571-ea9a-4f84-b7c1-6fa904020c25,73A1B9C1-2DF,2024-04-13,18331.5,PIX,30185926000160,False,INTERNET
6774f9d4-8295-4b1e-a0df-54353c13408a,4E80E524-120,2023-04-08,17463.5,PIX,21798046000178,False,APP
a9aeb6a8-30ef-4084-aea9-c89c74dcc4a7,573B575E-B3F,2023-06-11,5993.52,TED,15637028000101,False,POS
45e257f9-20dd-4c52-8fce-c0df234b2f4a,A4380A41-52E,2023-03-10,7298.3,ESTORNO,64807352000136,False,INTERNET
f123a44d-8529-43ef-9db3-c60d242d750f,0B7F8E8F-550,2024-02-26,22718.55,PAGAMENTO_BOLETO,38750421000102,False,AGENCIA
8510f0a8-b967-4d3d-924b-3239933cd55c,8051C3EA-001,2023-04-18,1914.73,PAGAMENTO_BOLETO,95038614000179,False,AGENCIA
cfdfddd4-645b-4c44-a477-5bdc4160254c,8C23AC70-D20,2023-06-18,10253.29,TED,34109527000170,False,APP
b04c5b4f-5d42-428b-800e-ea32b201cd75,DE1EB8BA-7FB,2023-03-16,11554.99,ESTORNO,20598674000147,False,ATM
a812fe31-d6c3-4f56-af8f-e420531f84cc,C3513C2D-EDC,2024-02-13,9529.82,SAQUE,29156380000130,False,APP
91bde634-509e-4dc7-8105-6af7c7b664bf,06BB587F-947,2024-12-27,6266.27,SAQUE,80512463000171,False,ATM
a3c69beb-7ffb-4471-9141-3234a095adb3,8BF60064-247,2023-03-11,12119.75,COMPRA,48639517000151,False,INTERNET
c761be97-9411-4919-a767-d6ff02ef236f,89CDAE3A-AA7,2024-03-24,17839.97,SAQUE,50932418000105,False,AGENCIA
2acca47d-c634-4666-805e-cd861c99f2cc,0083A2C1-6A4,2023-06-24,21039.3,COMPRA,21543987000160,False,INTERNET
709921a6-add4-4f11-a22c-93b2d792e6c3,DC8908DA-8F7,2024-07-01,7354.68,ESTORNO,60853124000141,False,APP
3125e535-55c1-4978-b9dc-cfcfda1cb12d,DEDA89E4-739,2023-01-12,16785.3,ESTORNO,84359627000123,False,ATM
542ba3f7-a6c1-43af-8259-e22bf1892bbb,D7F780D9-86D,2023-08-10,8953.14,ESTORNO,24136587000129,True,POS
e91f752b-68a5-4107-9639-e2e3e8c57f8a,BA2097E1-7E5,2024-12-14,5405.34,COMPRA,56190348000143,False,POS
d840ef2c-d783-41be-bc41-f4335107efe1,91E5E27B-304,2024-11-06,16025.84,COMPRA,63142970000141,False,AGENCIA
dac751c1-e195-46dc-893b-6659f8a8fce7,28B623E7-B25,2024-09-04,11100.5,COMPRA,81503962000165,False,ATM
9d509532-67f8-4f9f-973c-e1dabf9abd02,86AFF3D4-68D,2023-09-13,19178.21,TED,29547601000109,False,INTERNET
7bf6fbc1-4d30-40a3-adf2-e68909ead55e,F35D7C71-395,2024-03-07,2286.02,COMPRA,85139047000193,False,AGENCIA
e2c6af08-3c07-4a95-bc08-a746f4d55e9c,6C27521E-531,2024-11-27,20513.43,ESTORNO,26134907000137,False,APP
efba361a-ddcb-436b-b575-be253789b612,5051CF2D-63E,2024-11-11,19923.41,SAQUE,57236914000173,False,APP
a0d81cf2-36a4-481b-b5fb-01ab35f0fd30,B243CF79-4AF,2023-04-21,10392.88,TED,48123756000154,False,INTERNET
47fec631-2e59-4134-87b8-563b9f599af9,10389AAB-01F,2024-07-08,15617.4,PIX,19682350000103,False,APP
c0bfcf46-0d36-4b44-8c32-6a428569dde6,A16D5C74-5C0,2023-04-19,5811.35,TED,90517234000101,False,APP
f5d82867-0723-452b-afd7-6e9ceae5f8cf,AA120121-053,2023-11-20,10054.38,COMPRA,69740831000104,False,ATM
9957be0d-080f-4f25-9dcd-912d2dd02b06,2881897D-022,2024-11-04,5503.57,TED,03946157000100,False,AGENCIA
e9e990fd-8aca-4083-9e5b-728b33feb37b,4EF11F0C-59F,2023-08-12,1099.91,PIX,80361592000106,False,POS
506c7e00-bdc4-4e9f-95d7-553ac66006e4,17C1A81E-00C,2023-04-15,12490.15,ESTORNO,17439258000191,False,POS
1e6a118c-9408-4c29-be2e-3c0f703db679,7E31306C-B35,2023-04-08,4287.72,PAGAMENTO_BOLETO,61059437000195,False,ATM
4de86c38-459c-4aab-90f6-c4b9c78a9f3f,4E94EA62-B64,2024-12-11,16948.0,SAQUE,97163058000198,False,AGENCIA
011b61c7-fe11-4f59-8395-6da9b2cccd17,E59DD6D4-E21,2024-11-13,24450.57,PIX,20615394000108,False,APP
7ef49321-ea3e-4a1f-8b28-383d0b87879d,40C10B49-60A,2024-08-22,15213.92,PIX,45731980000130,False,INTERNET
17cb2a68-8a01-4ca3-ad23-2fa07b72e256,997916CC-660,2024-12-22,12586.25,COMPRA,69547321000107,False,POS
dc7028e7-32f1-44d4-81bc-0c4fce98b4ad,FC5E85F8-30E,2023-05-08,18973.89,TED,26375104000174,False,ATM
88fac848-1ec0-458e-a0e8-e1560c3dece6,09DD9ACF-25D,2024-09-26,18931.51,COMPRA,20147598000153,False,AGENCIA
d161268b-5b40-49dd-8c05-ff18396f6f48,9BF6290C-56C,2023-07-26,12468.91,SAQUE,12473096000194,False,APP
0ce06b41-1914-4746-9620-69ce92df5e51,F1CDD8F8-1EB,2024-09-04,5952.74,PIX,69314082000145,False,AGENCIA
627f9f0f-8513-449b-bd38-d01f4ad5ec6e,AFB02E04-2E7,2023-11-22,3357.97,ESTORNO,84906253000119,False,APP
05871678-e872-456b-81db-b7bd057a92ea,F7EE6A6D-65D,2024-02-29,13022.54,ESTORNO,79812635000143,False,APP
77a4777a-a777-4525-b8e8-3629a3103799,AAB6D5ED-143,2023-12-06,5726.41,TED,09375418000158,False,POS
d98f0a9b-b36a-404b-8db6-e860c818b0ec,AD6C2C9A-4BC,2024-11-11,1353.27,SAQUE,57826431000129,False,INTERNET
62c90644-4247-4b42-a0bc-659ca1e3c3c3,A8955C69-ADC,2024-01-26,15202.17,PAGAMENTO_BOLETO,27183694000104,False,ATM
e843753f-f0fe-47fd-add2-bf8cf481ee33,7872734C-246,2023-03-08,15745.12,PIX,13794620000191,False,INTERNET
617bd263-3aa8-4ec7-9a77-bb1f62d5fa94,D0A18F14-9EE,2023-05-25,1304.09,SAQUE,25967048000102,False,INTERNET
c60d848a-6897-4d7f-8ac3-2aa80bb035ac,2F55F100-C7F,2023-07-29,14816.38,SAQUE,95864713000100,False,ATM
e7a9b1f4-e065-4835-a547-d58603ce96ba,FEA1DFCC-528,2023-11-15,18125.14,SAQUE,25791680000130,False,INTERNET
f12763d9-a7bd-41c2-a268-dd43149f71ed,1CCA8889-E67,2024-09-12,10601.28,SAQUE,39142076000197,False,POS
1c3ff5ed-c28a-402a-94f8-4c949548370b,999B258F-314,2024-10-12,11207.61,SAQUE,50981632000151,False,ATM
1e988087-2f68-4610-b888-156421bb4688,C765728D-5F2,2024-01-04,2001.78,PIX,50814792000106,False,ATM
0d2ae3c2-8d17-480d-b23e-d6b51cee04c7,DF38BAED-4E2,2024-06-01,11035.24,PAGAMENTO_BOLETO,95031782000132,False,INTERNET
ebd82768-4db9-4ad8-8564-52fc62491a51,07EC18E1-7E1,2024-05-08,20490.37,COMPRA,80394571000197,False,ATM
ece71ad4-b80a-4ec8-8362-2356bc3ff68f,9D709769-FA5,2023-11-04,21351.27,PAGAMENTO_BOLETO,91743825000151,False,POS
7220f429-67b6-4935-8700-d1671291196e,C9EC50AB-F57,2023-09-21,18166.62,PIX,69471532000103,False,ATM
b0f901e4-939c-42f9-bebf-b586c7fd6dc7,48B2EBE6-D96,2024-07-29,7081.72,PAGAMENTO_BOLETO,69415872000117,False,AGENCIA
00ee0af1-184a-42dd-a46b-ec1743dc1542,6DFA9806-BEE,2024-04-25,3417.7,SAQUE,81302649000169,False,INTERNET
84be3ac2-481e-453d-8fe5-d85783e444e9,89BF7BEA-4DD,2024-05-27,106.01,ESTORNO,80476123000132,False,ATM
247732a5-33df-4d98-b4f7-d6da887e66c6,DB548180-53F,2024-03-01,10114.77,PIX,09728436000176,False,AGENCIA
64976c88-e7cf-4eab-a486-7d062846b58d,96DA1266-C0E,2023-11-12,9601.86,ESTORNO,97251460000124,False,APP
9220e056-c39c-4395-bebd-a78645402b42,E28737AB-035,2023-02-09,10220.58,COMPRA,47891065000138,False,POS
d3cbafcf-3583-41de-8b6f-1e1f4f6eae0a,21AA2292-A3D,2024-03-22,4060.32,TED,47368205000198,False,AGENCIA
b5881714-3c5a-4dad-aae5-882ded3d6ac5,6D42092A-ED5,2024-05-15,12740.94,ESTORNO,67129803000111,False,APP
84980bfe-6482-4c9c-81b0-fe160e6ced70,639C3C74-607,2024-03-10,16273.18,ESTORNO,76150382000100,False,ATM
63b6f2a2-f913-482c-bcea-65b50e67b432,3ABC536B-F72,2024-01-06,864.14,ESTORNO,87065193000147,False,APP
4cd9d90f-7138-4906-baf5-e45485e20f2f,94E29C76-8D2,2024-10-22,17437.24,SAQUE,72450381000111,False,ATM
dc24ff8d-df93-4f93-ae51-f428f0b1b002,6F9D96D7-538,2023-05-31,23606.71,TED,98704512000133,False,POS
99bdb106-b9d5-4561-ae54-e65b83582686,CCBA1680-2F2,2023-06-15,23794.53,COMPRA,15438269000121,False,APP
ddb2089b-ce42-4c6c-8c92-167770f4dc07,B8B761D1-DC3,2024-01-29,16110.47,PIX,86257349000129,False,APP
5f5e885b-0356-497a-9d77-1eafe3f00a0a,AEF1DF6B-566,2023-07-13,12964.15,PIX,43829716000109,False,ATM
f27cb7cc-984f-4181-81c7-35db72e2d7cd,6C6A2BC8-542,2023-11-06,6322.9,PAGAMENTO_BOLETO,97501234000154,False,ATM
aeaf637f-7b00-4af7-9c91-95777463d28f,1B34E4AF-C6B,2024-02-26,14652.62,ESTORNO,19572346000192,False,APP
f67c9f4c-9111-483e-97c9-52ab77fbce0b,EF19EEC0-BD4,2023-12-19,15905.05,SAQUE,57698342000144,False,INTERNET
4e6a51a0-62ce-4a08-942b-7f96d9c7a29b,E662A59B-095,2024-02-12,23250.53,ESTORNO,96174025000180,False,INTERNET
df75d555-cfbf-448c-900b-fd5563c66dd3,1B83739B-35A,2023-01-02,20410.01,COMPRA,79825046000108,False,ATM
69a168ae-06b5-4409-92c5-f9090d507e37,52F07F56-04F,2024-11-01,13124.76,TED,25361490000182,False,INTERNET
7ac1f0e7-c378-4866-94ff-35945dd1a753,17E7ECC4-C30,2023-07-10,4411.27,ESTORNO,60924153000157,False,ATM
b6650841-2969-4196-b5b9-99962d410be6,3ABC536B-F72,2023-04-23,4550.84,PIX,94172685000105,False,INTERNET
0e30abdf-6b6f-4d70-a8eb-97187e6f9085,6D42092A-ED5,2023-03-02,4642.17,ESTORNO,54180726000182,False,INTERNET
7fe5e966-a0db-4018-aaab-5eba6dcb57e3,17C1A81E-00C,2024-02-23,6484.91,PIX,,False,POS
f32d524c-3e65-43f8-961d-a9bc1d12d261,A50CBCE1-312,2024-10-13,2731.22,SAQUE,01542976000159,False,APP
d3a92f6b-87c5-46b7-add3-6e4e2375dd74,3FFD1064-90D,2023-10-11,9444.15,COMPRA,89710632000152,False,POS
4d5f761b-48f1-41e9-b513-a39c4ba0fe40,56D6FE2D-8FE,2024-05-11,5870.65,ESTORNO,82975416000190,False,APP
1b9b8f67-4c92-4aab-8065-e33a0ca1a970,4EF11F0C-59F,2023-01-08,1527.82,ESTORNO,61934528000122,False,APP
d4b8bf87-8cfa-44a6-bf64-a97ae7ced056,034CADE2-4D3,2024-06-18,2422.4,COMPRA,45086193000183,False,POS
4b417a81-cf75-4a05-badc-f76851cc2302,8530D157-EDD,2023-09-30,24672.44,PIX,08735649000162,False,AGENCIA
40b0bbd2-73bf-4665-8e83-efe14bec4cc6,A1DA6E29-82C,2023-12-11,15109.88,TED,42850763000171,False,AGENCIA
b164d868-affc-48a5-bc2c-6238b9afb856,D3EECC52-E33,2023-09-03,24986.13,TED,26918504000189,False,ATM
c389b435-e53c-4920-97d9-826ceabc5020,5416063C-534,2023-12-31,15270.81,TED,,False,APP
6a1459dc-6e00-4f4e-a435-1bc2039486a4,0FBBED98-579,2024-12-16,11423.8,PIX,37059126000141,False,INTERNET
e9d2ad14-e934-4007-9cae-81eb39d5beb4,E61FBB78-66A,2023-05-06,643.47,PAGAMENTO_BOLETO,85463720000146,False,INTERNET
0e733af0-2e74-44fa-b03a-fa3f9b98b06c,3E835CE4-F6A,2024-09-25,9211.69,ESTORNO,17426839000199,False,ATM
70727396-4ab6-40a6-bb02-b97fa6318e43,B2074467-96B,2024-11-07,12873.58,SAQUE,17502849000166,True,AGENCIA
1038800e-b29c-437f-b287-197bfce78cd5,8AE5A60C-D14,2024-01-04,417.23,COMPRA,60249785000162,False,AGENCIA
2f5efef3-bf19-4e78-a1cb-0888bff1aec5,911EDD34-DA6,2023-08-28,16948.72,PAGAMENTO_BOLETO,80716934000163,False,POS
7fc17046-7db5-476e-8420-30f6757be441,24029FF4-8E7,2023-12-23,19849.32,PIX,49237506000108,False,ATM
79e25af5-0865-40e7-86b6-e86b93d87c78,486958AD-C07,2024-12-17,24671.81,COMPRA,49805126000122,False,AGENCIA
ff88b559-0ec5-48de-a0cb-6ee26e92ed06,068586DA-620,2024-12-30,15179.93,SAQUE,73846015000149,False,POS
3cc1fdd0-4273-479c-aca8-cbe6db5e9570,8530D157-EDD,2024-05-31,19621.87,COMPRA,78615493000161,False,APP
92e440af-cc4e-4b9c-a85d-9c0b5f3503c0,B8B761D1-DC3,2024-11-20,7534.76,PAGAMENTO_BOLETO,31759426000157,False,ATM
a942c63c-c350-4d47-a463-5abf9117a575,E99A2EFB-DB8,2024-04-01,4202.57,COMPRA,83251694000167,False,POS
d7e86e10-1843-4e62-a077-0fd04411087f,0FBBED98-579,2023-08-05,6023.68,SAQUE,57321084000182,False,APP
8236e71d-e508-4292-8639-3e5f0865db00,3E835CE4-F6A,2023-01-30,2638.08,SAQUE,26837901000126,False,AGENCIA
fac81840-955c-4d2b-a3f0-1506e6805fa9,9E1E66D3-DE2,2023-10-15,22566.36,SAQUE,41650372000140,False,ATM
3335db17-feee-4f7b-9028-f691256f792c,41447DF0-318,2024-11-17,23787.67,COMPRA,26310475000178,False,POS
ffed00f2-8417-49c6-860d-c4bd3585e7c1,35086199-94C,2024-05-18,15839.25,COMPRA,93724015000183,False,AGENCIA
1269d46c-cc10-4512-8dc5-0d8ebe953f13,4E94EA62-B64,2024-08-12,21798.71,PAGAMENTO_BOLETO,,False,AGENCIA
8367342e-bb05-4d01-af44-5d1cf546c581,9F9C772D-136,2024-01-26,9426.19,ESTORNO,56709342000130,False,POS
8a4c9ef2-d2bf-40e5-8175-17bbeae7af90,81C3E631-AF2,2024-03-23,24156.25,SAQUE,62374195000197,False,APP
5c2bd025-c326-4896-820d-9206f6b3b383,C3A72A25-B2D,2023-04-25,7275.48,COMPRA,13895740000185,False,POS
b0d2c462-ab9e-4d4c-801c-3917bcac625d,C7EB1719-285,2023-04-29,23430.36,PAGAMENTO_BOLETO,54736802000193,False,AGENCIA
915c955c-9f8c-4e7e-98da-26436f733780,F1CDD8F8-1EB,2024-08-13,23851.78,ESTORNO,61742503000127,True,APP
b108d542-df8d-49ff-bad7-ae48bc234b6a,EF19EEC0-BD4,2023-07-14,14752.11,PIX,48729310000178,False,AGENCIA
b5ce6fc5-9e23-4eaa-8edd-57399933f81a,68E76439-1E8,2024-11-26,19282.37,SAQUE,04791682000159,False,POS
264287c4-9298-47fe-8731-76db8f5c6e5c,068586DA-620,2023-04-20,14770.01,PIX,49351678000108,True,ATM
ec721c92-4489-4049-8da4-971014294640,49E83FD0-F85,2023-10-31,7899.18,SAQUE,63470981000150,False,ATM
441a3402-ebc8-40b8-b7c0-89133299d112,96DA1266-C0E,2023-10-18,3686.91,SAQUE,12853709000119,False,APP
dff79018-3e42-4d1f-a50a-be5f82e93479,DD2D8963-D7B,2023-11-13,14972.61,PAGAMENTO_BOLETO,12653094000187,False,APP
5c7cf74e-a37a-4354-b684-bba9a0cda4ce,0555CB56-9ED,2024-12-24,6837.4,PAGAMENTO_BOLETO,59361480000169,False,INTERNET
9fafe61d-5cac-4305-8f58-622645b96594,765EE55A-52F,2024-12-22,12376.4,PIX,87104953000188,False,AGENCIA
6e93cd09-557e-41f3-b3b3-05e53f7e9d2f,0DA24407-9FE,2023-08-04,3818.83,ESTORNO,08349172000187,False,INTERNET
52665368-3a5b-4142-8e51-884b9433add4,9BFCAD91-7E3,2023-02-23,17510.63,SAQUE,06437921000100,False,ATM
4461a953-d3a0-4dbd-a1b7-3f398e4ca372,03B2A91E-1A5,2024-11-06,7478.6,SAQUE,71928364000184,False,POS
490d26fd-c4c9-478d-9f1b-e1a1adedb6ef,DC8908DA-8F7,2024-03-08,9808.05,ESTORNO,07394218000117,False,AGENCIA
58ac73ff-3844-4ed5-8222-90d87b8e6e76,6DFA9806-BEE,2024-02-05,18943.22,COMPRA,89657140000140,False,AGENCIA
5a1a16c9-6a52-4fac-97f8-0be5c23cc9f1,449D32F1-6D3,2023-07-19,7060.18,ESTORNO,18074329000162,False,ATM
7f732bed-937c-4f45-9107-7e5bc0d3c987,3A57D145-7AE,2023-11-28,2434.34,PAGAMENTO_BOLETO,98705341000167,False,APP
deab7fea-20cd-4047-b7a1-176aa26225ff,1D4CE7C2-3D0,2024-12-27,21245.47,TED,82369451000165,False,INTERNET
9f873e99-8bf6-4de0-8e57-a2e17dca0039,2539F02B-4A1,2024-03-28,14429.57,ESTORNO,94318756000127,False,INTERNET
e0ec1306-923d-4336-a5d2-d9d8e4518a05,36E4E86C-9AD,2023-07-20,5245.34,ESTORNO,29410753000157,False,AGENCIA
7cecdab2-7e69-4974-ae26-e9ac9e3b3d3b,FEA1DFCC-528,2024-08-12,18149.35,COMPRA,72543108000131,False,INTERNET
ed32d0ce-f69c-45a3-8385-1050bd4e73ac,21043012-9E8,2024-03-13,9414.83,ESTORNO,64573809000195,False,APP
78b0a723-c36a-40c5-8719-e134ca5dbba3,43FB0188-85B,2024-04-30,2402.55,SAQUE,06538724000170,False,APP
3bd726c6-3b19-4764-befe-e99279600a6f,3FFD1064-90D,2024-10-27,24506.95,TED,29504318000191,False,INTERNET
6c6eb1f8-4b46-4cff-bca3-ebd650957743,3FFD1064-90D,2024-02-18,15674.87,SAQUE,75890412000143,True,INTERNET
e497ed9c-b282-46d9-8ba4-bbcb59886714,4E08B3D8-9B2,2023-11-06,9917.02,ESTORNO,74238156000141,False,INTERNET
001fd962-13e8-41f0-b9e3-052b84d57db1,9BF6290C-56C,2024-01-20,16320.44,ESTORNO,29460581000126,False,APP
6b4db4b9-a0a8-4bf4-b6a0-64940596646b,9EE31C47-B9D,2024-10-27,19443.6,PIX,78291046000102,False,ATM
cd5a23d3-b10d-4058-89c6-79d48b778a0f,1F1CA918-5F9,2023-05-03,9184.03,COMPRA,36872054000194,False,ATM
7429bef5-573e-4691-a1cc-949faef0b20b,6E88FF98-416,2024-06-05,16035.77,SAQUE,40839126000179,True,POS
ad3f191b-af32-49bb-b36b-775879870029,37E8DF7D-3E6,2024-05-06,24683.75,TED,47935128000100,False,APP
761cde33-f41b-4e94-a7b7-f65ec58cbd8e,E927D0BE-3CA,2023-07-05,19858.9,PIX,97260845000158,False,ATM
8aa48f17-46db-4e99-94fb-e97003c42d49,83A3630D-986,2023-05-09,7460.14,COMPRA,04692135000116,False,POS
31abc67f-7322-4a0a-8aab-59b711897adf,D632B177-F1C,2024-12-18,4623.47,COMPRA,79201548000150,False,POS
4bf0f5ab-58f3-411f-9faf-1af6cc0c573f,F7A73324-9E9,2024-06-26,19587.19,PIX,65038429000113,False,POS
9f5d0f30-5b15-45e9-9f7a-c3586acb6e24,2EF8E3DD-D1E,2024-10-29,13475.24,COMPRA,53149028000151,False,INTERNET
7e0bd46b-67c7-45f4-8b90-78713df66af3,A68F5DC6-489,2023-05-01,24142.08,SAQUE,79386452000103,False,INTERNET
39f304ea-5fd8-42b8-8fff-edca9ad80a59,C7D00506-2FE,2024-04-02,134.59,TED,,False,INTERNET
20ed0522-6cfe-4323-843e-f2c4f5093954,42EF5C4D-DE5,2024-10-30,14377.66,SAQUE,42967308000150,False,AGENCIA
58d2d342-1688-4074-8d3e-538319ac21ec,215AFA8C-231,2023-02-05,21286.48,COMPRA,63987140000115,False,POS
ef74626f-8808-4e4f-a94c-3d1f9d098916,C06F17DC-9A2,2024-07-11,7465.5,SAQUE,94132576000156,False,APP
660ba8df-35cd-434e-b202-4dc5b40b9862,4C12EBF1-37C,2023-02-17,6209.55,PAGAMENTO_BOLETO,07612485000113,False,AGENCIA
5e1a0064-42de-4721-8966-f80ca0c14cbe,3230B053-3C0,2024-03-31,16479.45,SAQUE,,False,AGENCIA
e5298797-ccb8-4caa-ac9e-08d3546f793e,62E073C2-900,2023-12-27,13067.37,PAGAMENTO_BOLETO,45198076000101,False,INTERNET
80f2e3c7-0116-4559-ae0d-b77ed83b70cb,C3A72A25-B2D,2024-11-09,17198.73,COMPRA,39856741000104,False,INTERNET
3d98ddc8-be4b-4344-9bf8-96d7947ac50c,CECEDA63-6CE,2023-08-09,3542.97,SAQUE,85093174000107,False,INTERNET
bcc11ade-0b16-4be4-8420-7df6f8122a9f,449D32F1-6D3,2023-10-12,14795.19,SAQUE,,False,ATM
b00cff1b-2803-4ba4-8fcb-bdd86938d3b3,4FA36B7A-15A,2023-09-19,1860.38,TED,35741896000144,False,INTERNET
48300779-10b0-4551-9617-0220d0abab9d,047F0DDC-A98,2023-03-27,10002.38,TED,82043619000148,False,INTERNET
296a2707-d1e9-4d62-a2c8-d498608449b5,1B6E2455-D35,2023-03-14,13398.3,ESTORNO,06487531000137,False,INTERNET
999c9f4e-7251-4aec-8646-8f1af80e7adf,5416063C-534,2024-07-31,17861.55,ESTORNO,47509623000158,False,POS
46a71350-77b7-4626-a07c-b08f381a1504,61E830BC-5BD,2024-03-05,15124.21,SAQUE,49820631000146,False,ATM
a67a760f-59a7-4a4c-8cf5-11d313426e17,C0FBC931-596,2024-09-10,9474.48,SAQUE,76498512000191,False,APP
99c45bfb-0e3c-498f-b7f0-254ef8395e4d,0C5EADF3-023,2024-12-01,13287.46,PAGAMENTO_BOLETO,02143765000106,False,AGENCIA
85d0d095-8e51-4a42-99ff-020a181da395,B875B80A-47D,2024-01-07,16004.98,TED,41523790000177,False,INTERNET
75563325-f015-48d6-800d-4b8760e4d24a,F88FDEB3-526,2023-08-20,21721.58,TED,98257640000186,True,ATM
4da179db-96b4-4f45-a6b7-558ba2199372,957C145B-8DB,2023-08-16,24487.16,PIX,62314975000141,False,APP
a87bba76-6baa-4767-af5a-5e513ce5f2db,0555CB56-9ED,2023-11-10,4394.52,PAGAMENTO_BOLETO,,False,ATM
e511f039-3349-48e4-b023-8aa60a347110,DD2D8963-D7B,2023-12-24,2389.87,ESTORNO,82179653000144,False,AGENCIA
b1400f64-33f0-4a5c-a6c8-07f289cb3d8c,C168C135-354,2024-09-14,13789.23,COMPRA,60154287000136,False,INTERNET
5509e929-6cfb-409a-b4ab-91df919c55f0,42EF5C4D-DE5,2024-02-03,7950.93,SAQUE,26981703000131,False,POS
35e5e0fe-1acc-4a0b-9403-70fb55c6ac00,215AFA8C-231,2024-02-17,13792.46,PIX,35897640000120,False,AGENCIA
1bdf09a0-bda6-4bc0-b1c9-cae4a7ae66fc,D0A18F14-9EE,2024-06-09,238.92,ESTORNO,64287305000109,False,INTERNET
42b68c01-b53b-473b-a62a-af65b14c2db8,49216251-87E,2024-08-04,3568.04,ESTORNO,24685039000158,False,AGENCIA
383b0c2d-fee6-4ed5-8bcf-62c7ebd63f18,164AE852-07F,2023-09-13,17688.0,ESTORNO,48769512000143,False,ATM
d8a24a43-ca00-4501-a5e5-3a545b5a50d6,D702CAE1-1FC,2023-12-29,4578.84,PIX,26183957000104,False,AGENCIA
9ed85878-a284-4807-80f6-e78627e1a329,04BDD102-FB8,2024-06-17,23815.48,ESTORNO,53920678000159,False,INTERNET
9f5c1f67-1d31-4b15-adc8-8dc22caf8bea,42EF5C4D-DE5,2023-03-31,7630.73,TED,86492015000130,False,AGENCIA
c2f88e5a-eb6a-4f55-bda7-b0ea89437102,C4A6246B-EF0,2024-10-11,21131.37,COMPRA,98036571000180,False,INTERNET
fb38b62d-e622-4b88-b806-9db392d9da47,361BB598-53A,2023-06-19,23621.76,PAGAMENTO_BOLETO,76018235000172,False,AGENCIA
b8411326-b5e7-4453-8410-82fc4aac31c7,BD11EEDC-C85,2024-05-19,13854.66,COMPRA,21957604000109,False,ATM
53a7f67a-cd51-4f45-82d5-14ba9eb936df,30F610BC-369,2023-05-20,16926.31,PIX,84093127000192,False,POS
b6eedafa-1bba-4488-9ba2-cc0e85b069ed,544F1EA5-BA8,2024-02-20,17447.5,COMPRA,69375201000170,False,APP
8ec57e24-94e8-4475-acab-93f8d7295138,841E8850-39D,2024-12-20,17854.43,PAGAMENTO_BOLETO,,False,INTERNET
380d1629-108e-4563-af11-5301e2c807a4,61E0D431-814,2024-11-08,24855.56,PAGAMENTO_BOLETO,23910675000173,False,APP
f50ea03e-a1f3-4d65-906a-46945d536dd4,67F91DD3-4E3,2023-06-22,15184.93,ESTORNO,68017234000185,False,POS
915a6572-ed6f-4a22-a02d-ea92c904b446,7D44A617-A24,2023-06-29,22595.11,COMPRA,95376482000195,False,INTERNET
c9b16060-7ed5-4d85-aecd-681aa28b0f0a,377C5395-E02,2023-02-22,12842.84,PIX,90367524000108,False,INTERNET
a20be78c-3450-4a53-a5de-b715e90e3b82,43E4F50E-1E2,2023-04-26,9333.03,TED,73608145000143,False,INTERNET
e55c9c6d-ca68-4c27-8d10-eb7a67396fc4,E662A59B-095,2023-05-01,20793.41,TED,89654237000108,False,AGENCIA
469629ac-6729-4f90-ae41-e0bbb0c167e1,F2C8DB91-74A,2023-01-03,6619.87,ESTORNO,68345921000120,False,ATM
ed7e9d3a-1302-4681-85de-e2e1aa7383f9,F88FDEB3-526,2023-11-09,5437.75,ESTORNO,68245319000110,False,APP
b509f22e-75bb-43a7-b112-cd5d9d215031,A445604E-039,2024-09-24,23385.46,PIX,81390265000145,False,APP
6240d020-0c7e-4e56-a11a-da4acc1a1de0,1962FC4A-3FB,2023-12-03,15388.83,TED,,False,APP
10f639ff-c0cb-4fb4-8ffa-a4bacaf4b8bd,210AB4C4-0FF,2023-07-10,8744.02,PIX,46189573000106,False,APP
e710a456-3ba4-4b8d-929e-ea70ff1284c6,BCFBFD45-6C5,2023-07-22,10770.95,COMPRA,96024751000117,False,INTERNET
529ccdad-628a-421d-9b04-f83c556638a2,06B76CEE-1D6,2024-05-14,10268.86,COMPRA,10754832000157,False,AGENCIA
4169c198-a2ef-4edb-af24-0b27bd5285b9,B9CEE932-7C5,2024-02-09,5653.54,TED,85431297000100,False,ATM
ebe8ba6d-834c-4547-83fb-439e52fb4250,86AFF3D4-68D,2024-07-03,22305.0,TED,68921075000149,False,ATM
9e870b94-eaef-4ae3-ad14-6ee8f10f062e,840DD761-523,2024-03-25,16407.51,SAQUE,07259436000149,False,ATM
82a33f82-0269-4341-b99d-d10a6cff88d3,00132D80-DA5,2024-12-27,146.75,SAQUE,,False,AGENCIA
08c63f48-c880-4251-9735-e8132eebf407,5D187F55-29C,2024-02-09,1007.85,PIX,40916378000154,False,APP
fb0f3bb1-6419-40a6-85fa-79a383b971ff,9AE6B4DD-D3F,2023-07-23,4009.07,PIX,07563248000100,False,AGENCIA
1a03daf5-c715-492c-84e8-24f39ed97ab0,34B222B2-9DE,2024-05-15,2971.13,PAGAMENTO_BOLETO,12097634000193,False,INTERNET
0501c6e2-d9d5-44a4-83ad-1fba66a91a21,03B2A91E-1A5,2024-02-14,8123.21,PAGAMENTO_BOLETO,,False,ATM
f9d2e6f1-8f0d-404c-9b9e-a2739045cd69,D067620C-54C,2023-04-21,3286.74,COMPRA,73618594000172,False,AGENCIA
c1fdf468-53d3-4ede-b2f6-4389b2f756fd,2F55F100-C7F,2024-12-01,12500.77,SAQUE,01658492000170,False,AGENCIA
419f52ae-f84a-4853-9c36-9c1ea303538c,A2A3A921-AF1,2024-09-03,10742.48,ESTORNO,23981475000101,True,ATM
85e390ee-b0f0-4453-9282-e9eea4416a43,3BC1A2D5-34C,2024-05-12,7237.73,COMPRA,28104795000105,False,INTERNET
cc0fd63b-f75a-44f1-88f6-e8d64aed1db4,025CF5F2-09D,2024-06-07,15440.9,SAQUE,85910724000125,False,APP
293513d4-6cae-411a-a5ab-394c2e8ade61,73A1B9C1-2DF,2024-12-18,21604.37,SAQUE,,False,ATM
8e7c3f0e-45e7-46a7-a251-09a6114a593f,78622155-B29,2024-12-24,4961.51,COMPRA,49578310000187,False,POS
521d43ee-97e4-4db3-958f-6b0a50e83a3a,E69A3FEB-67F,2023-07-13,15278.09,PAGAMENTO_BOLETO,04913582000158,False,INTERNET
7f1b60b5-b46b-4184-9e3d-e97ed9a18016,71BCC411-656,2023-05-16,5735.76,PIX,27651948000163,True,INTERNET
7c3377be-c2ac-4c86-b736-687bfbbcec70,F7A73324-9E9,2024-03-12,23227.56,COMPRA,65017428000192,False,APP
757214f1-ff1a-47d5-bf82-f1877e57ecc5,4EC6A80E-F7E,2024-01-25,21608.96,PIX,35268497000108,False,INTERNET
e2bb8f25-0803-4fe5-bb74-e9cc8e687972,F732FFEC-0D1,2024-03-12,5545.55,PIX,21759048000158,False,ATM
4ddf0414-2c8f-4366-877d-8e53a8bba88e,81C3E631-AF2,2023-11-08,16097.36,COMPRA,25871034000182,False,AGENCIA
6d72ab3e-4c13-406f-aa2c-6139c28c6219,E900AF4E-89C,2024-12-29,23575.05,PIX,72369510000141,False,APP
eefcf201-50e7-4222-b2da-da733203d674,AEF1DF6B-566,2023-01-01,4545.02,COMPRA,91834607000122,False,AGENCIA
45d18e9c-ae9e-4aa6-98e5-0616c950555f,24B74B31-A04,2024-04-28,5300.62,TED,64270951000163,False,APP
33b9f3ce-2afa-45bd-b010-247547587c7a,E99A2EFB-DB8,2023-09-16,10773.54,PIX,52971043000118,False,AGENCIA
23a66246-2c47-4094-8478-8edae06ef872,C8928B8F-0A0,2024-11-16,2789.55,COMPRA,61375920000189,False,INTERNET
db424041-9e01-4261-b5d4-d6cc3eb94dbd,D1EA4AA4-9AC,2024-01-06,8281.3,ESTORNO,81260735000156,False,POS
fff52bdb-f382-46d1-8327-67fd622c8b21,B51FBD1F-DF1,2023-09-01,15118.44,ESTORNO,41759236000193,False,POS
6eb78093-9830-41ac-bd6b-e01460633461,E9BB0CDA-96B,2023-04-19,9602.16,SAQUE,37160892000106,False,POS
4c37f806-f60f-4c2b-8723-b71a4d5bbe4a,9EE31C47-B9D,2024-08-23,3010.18,ESTORNO,25034718000120,False,INTERNET
16ec29ae-d28a-4c95-8a4b-b6f789be14a9,24029FF4-8E7,2023-04-12,17616.94,COMPRA,41635270000156,False,POS
7fd33d39-3d60-4bcb-9bf3-38d548d9b1e8,B51FBD1F-DF1,2024-04-30,8573.43,SAQUE,87019253000195,False,INTERNET
783792fc-b9d3-4ea9-9920-9e1f29e1c34e,82B4C143-FF4,2023-07-16,1096.71,PIX,86453170000147,False,AGENCIA
05a6fb3b-d6b3-4844-a7bd-dbcb84e8f095,4E80E524-120,2024-07-27,22289.83,TED,96823741000141,False,ATM
e19f488d-07ce-4371-9ab9-99bb3ae297ee,A68F5DC6-489,2023-05-01,15747.17,PIX,07396852000199,False,ATM
e696b190-fe4c-4985-8d87-502ccae9b957,A82B9A72-283,2024-05-30,13094.78,COMPRA,37645810000105,False,AGENCIA
f341ee3c-b5d1-45d7-920f-b01365f25970,67F91DD3-4E3,2023-05-13,17418.11,TED,49302156000116,False,POS
fbff5248-37a8-461a-b18c-d0822535919c,542FDE83-A87,2024-12-11,1521.24,SAQUE,,False,ATM
083f8fd5-0080-4368-a0a4-1d43b9530dac,FEA1DFCC-528,2024-06-29,12376.4,PAGAMENTO_BOLETO,39807645000176,False,INTERNET
4cf4ba6d-83d9-49b9-8fb9-b7eaf2b5094c,9966908A-182,2024-06-05,10944.47,PIX,36825419000120,False,ATM
61f22cd2-37fe-403a-bc62-94979bab8f45,930F7F60-FD1,2023-10-06,10022.12,SAQUE,74593862000101,False,INTERNET
6f41387c-4b25-4677-96b0-0376d0481f27,28B623E7-B25,2024-08-29,14298.09,ESTORNO,96073815000170,True,POS
36f083a3-335f-4320-94d6-a37e8b3a5240,6F82F24D-A39,2024-12-25,11386.84,ESTORNO,05183964000136,False,AGENCIA
22849dc0-72b3-4780-ab9f-964bc3b6d9a8,8860DAB5-D79,2023-10-31,21312.1,ESTORNO,32096158000101,False,APP
59dcdc41-546c-4526-bfbd-e127d2b609e0,62E073C2-900,2023-02-16,4278.97,PAGAMENTO_BOLETO,12860539000108,False,APP
4a6cb157-6a84-43b4-a758-16a03828a03f,B98E686A-43D,2023-10-12,15990.92,SAQUE,,False,APP
956cee37-3cf7-4c40-8f8b-543a8878bac3,21AA2292-A3D,2023-09-12,16060.86,SAQUE,68031279000104,False,APP
59ae2149-850b-4312-9403-2fd6b96e1318,6F8080B9-3E0,2024-10-09,16216.66,PAGAMENTO_BOLETO,50291684000104,False,AGENCIA
c942a07b-2acf-43bb-90ff-abdc0f2d3758,B67825BC-EA8,2024-12-23,2082.53,PAGAMENTO_BOLETO,69481307000158,False,INTERNET
dac6374d-7a92-4b6b-a46e-4c3711fdceb3,BCFBFD45-6C5,2024-09-18,10209.46,TED,32157069000110,False,APP
612067b1-9a6e-487d-a3af-07376c03f72e,A68F5DC6-489,2023-01-11,15649.44,TED,63508247000133,False,AGENCIA
dee0461b-30fb-400b-842c-3e68be193ae8,39428893-575,2023-01-17,4419.62,PAGAMENTO_BOLETO,,False,POS
df87c20a-c747-462a-be99-4ae3c11d787e,A0DAE6DC-5E3,2024-12-05,2662.41,PIX,02367589000196,False,AGENCIA
d8cdaad1-f3a0-4318-ae0d-113540abd5a1,F7EE6A6D-65D,2024-10-11,21750.84,PAGAMENTO_BOLETO,34571980000102,False,ATM
528501bb-55e0-4e69-88dd-e761fe16184e,0C5EADF3-023,2023-10-03,5517.14,SAQUE,60419783000174,False,ATM
21e3cf99-8f1d-4878-a358-4c5c57e873b8,3546D87F-992,2023-08-26,3892.3,ESTORNO,92513408000185,False,AGENCIA
5ff7d169-0b49-400f-abb4-a670520c8e47,73A1B9C1-2DF,2024-05-05,3709.63,COMPRA,17498605000157,False,ATM
c45afacf-b3f8-4f4d-a3e3-579ecce6315c,E776BC4C-E6D,2023-06-30,4626.92,SAQUE,59731284000139,False,INTERNET
8d2e2305-85d7-43b0-86de-e7206a8984e8,7A96BC67-B9B,2023-01-22,16189.64,TED,12453907000195,False,INTERNET
2b932e0d-59ab-4699-9092-8cc368df56c0,CAD7888E-62F,2024-12-04,20437.75,PAGAMENTO_BOLETO,35908471000187,False,INTERNET
7aebb32a-76ef-4d3f-8379-40dfe2ecce81,C6FD676A-15B,2023-09-09,1802.61,PIX,27308549000102,False,ATM
d973faa2-8b90-4a43-8fc8-ec2d98b9dcbc,C765728D-5F2,2024-06-23,2507.19,SAQUE,54138296000130,False,APP
47476c10-1084-4e47-b5b2-668d75962053,7EB4C730-057,2024-01-22,15082.93,PIX,98534721000186,True,APP
15333ad4-3adf-40cb-8603-9a43562b463f,8B70E1A7-2B6,2024-10-21,19086.5,COMPRA,42906578000151,False,APP
8d1bdc33-42bb-4ecf-be15-b4cf0cb76b23,2D056ED2-044,2024-10-04,6692.51,PAGAMENTO_BOLETO,75038691000111,True,APP
c7042249-106e-4e70-86b9-b0a6affd3ff0,83A3630D-986,2023-04-19,23940.51,PAGAMENTO_BOLETO,93826071000129,False,AGENCIA
effbe723-88b7-4acf-b36b-eedf8824b02d,5EB08B28-F06,2023-03-29,21318.23,SAQUE,68237405000181,False,POS
be1e5a7b-c64c-4fec-b9ef-eb95129b8240,2B1DF965-AA8,2023-06-17,22309.92,TED,08465729000145,False,INTERNET
3b92c642-a48b-4864-9d65-6a3ceca1f764,C9ABF640-2D9,2024-07-10,6096.36,ESTORNO,24937160000120,False,POS
9f00a060-acfb-4b93-a6b0-ead885da6319,661EF33D-CAA,2023-02-15,3078.2,COMPRA,20786945000198,False,APP
002f4615-ba38-4a5d-98e3-adf04427eae0,B875B80A-47D,2024-03-01,12789.29,SAQUE,62317895000140,True,INTERNET
da5cad36-bb82-4958-83af-0f4130b0d9b1,56D6FE2D-8FE,2024-03-13,601.49,PIX,81756420000102,False,AGENCIA
d694a1b7-ec54-4b2d-af03-713098991087,1B6E2455-D35,2024-12-01,5648.27,PIX,69287031000171,False,APP
c49bfb26-a265-45f8-9491-78060d8fb8f0,3A57D145-7AE,2023-04-23,12296.28,SAQUE,35271680000162,False,AGENCIA
e6008b6f-dee3-4980-80ea-1ed7046d5118,5645954F-865,2024-09-22,8933.66,TED,60538197000149,False,APP
a0bc277e-03fb-44c2-b989-d767272091cd,94E29C76-8D2,2024-09-11,22389.82,SAQUE,89165034000140,False,POS
31b7731e-0e97-4017-a687-8b44fef28016,F1CDD8F8-1EB,2023-07-05,8372.1,ESTORNO,63185249000139,False,AGENCIA
281c3f6d-a30f-4ef3-96b0-2979de8cd770,E776BC4C-E6D,2023-10-21,15619.52,TED,01275396000142,False,AGENCIA
d3e54681-3917-4b6a-abcc-506624589259,1B6E2455-D35,2024-11-08,22905.98,TED,28573146000145,False,APP
13352567-a5f6-457d-bd42-c2c5e12332b4,C9ABF640-2D9,2023-06-02,19721.72,ESTORNO,07613829000109,False,INTERNET
18337c94-1988-4df5-8966-581888bf987d,E3E70BA5-A64,2024-05-04,9765.9,COMPRA,87410326000175,False,ATM
22fed200-0c63-490f-b60d-d42c1e1e3e48,3A57D145-7AE,2023-10-13,23989.69,SAQUE,63027481000149,False,INTERNET
0d0de6a2-9e88-42e9-871e-0a7b9b496076,7872734C-246,2024-01-30,4548.04,TED,16329450000162,False,ATM
3887eef8-fb8a-4fce-b770-56c93cbca5df,A8097D86-5EF,2024-02-28,12032.99,PAGAMENTO_BOLETO,39120465000111,False,AGENCIA
8a778941-f9b7-437f-9af4-27baffe44bc6,9E1E66D3-DE2,2024-10-31,3456.82,SAQUE,18760529000179,False,POS
a48b28e8-2a45-43ac-b939-443f0eedecf1,A1D85E40-DD7,2024-06-30,12428.31,PIX,,False,INTERNET
2162937e-ede1-4668-95ad-7849c7a4bbe0,4E08B3D8-9B2,2024-08-17,9616.6,ESTORNO,46925718000190,False,POS
5fa530cf-2e4c-47d3-b479-80046e2a86e8,2F0352D5-3FA,2023-08-13,19415.15,ESTORNO,06537891000104,False,AGENCIA
9ba48099-c58f-4a73-b26d-5b3f85f6415f,CAD7888E-62F,2023-01-18,73.15,TED,65832904000129,False,INTERNET
66e71d70-934d-42a3-ba1f-604d24caf6c1,215AFA8C-231,2023-03-03,23022.72,TED,69325801000123,False,INTERNET
3aea517e-dfd6-46c2-b727-996c1579cfdd,9DA4F4D3-70F,2023-05-28,7368.49,PAGAMENTO_BOLETO,04531276000157,False,ATM
11a56985-517e-4575-aee8-b2b6884fb323,43FBC6B3-A3B,2023-08-18,6063.57,COMPRA,21597043000176,False,APP
be72f583-b094-4586-a1dc-eab77b727b01,2F0352D5-3FA,2024-12-21,24051.36,SAQUE,27189645000170,False,APP
bb815a7c-ae86-4b77-8be2-4b109d81d2bb,F2C8DB91-74A,2024-03-10,17403.52,TED,67801524000152,False,APP
a5ac82b2-f489-47df-844e-843835555487,019DD80D-CE2,2023-03-17,16569.19,PIX,57618349000109,False,INTERNET
4d93cadd-5b31-461c-8b0c-926746e68c29,B1CB31F4-592,2024-01-10,756.1,SAQUE,06145873000179,False,APP
707d49c6-6c17-4f7c-b6d5-4ea491da4ad7,3D780747-534,2024-03-02,313.42,SAQUE,56207481000165,False,ATM
d0dcacd5-f501-40f2-ac7c-a53b4fa5515d,A6A69A7F-B7F,2024-06-24,18589.33,ESTORNO,82135760000170,False,ATM
3cb889de-aeb4-4d6b-ad78-15aa8dbc26cb,A50CBCE1-312,2023-12-12,10288.94,PIX,19834625000187,False,APP
3a7f0d4c-097c-4e1c-8324-583fe135b100,E28737AB-035,2023-06-09,7170.3,COMPRA,15734260000168,False,APP
0e94aa7b-85b9-44db-b5ab-4e4265d82843,4FA36B7A-15A,2023-06-27,15104.93,PAGAMENTO_BOLETO,58621047000152,False,ATM
375f33c2-8b76-437e-a0e3-7e6a544364af,0F06EB13-217,2024-11-27,20817.25,PIX,,False,AGENCIA
b9219cfc-65ca-43df-8b12-3fb1b483af2b,CECEDA63-6CE,2024-05-28,22978.88,TED,76814923000149,False,ATM
794df35a-8c41-4dbc-9e83-dcf5b648d436,10E2732C-E9F,2023-10-06,23286.36,COMPRA,32076985000125,False,INTERNET
b7dee4bb-1b62-4242-8410-3c78871c4065,1F1CA918-5F9,2024-02-15,18578.75,PAGAMENTO_BOLETO,47502813000143,False,ATM
6e52d623-99bd-4d6f-a009-e17106737212,AC12CBD1-6DF,2024-07-26,4593.57,PAGAMENTO_BOLETO,19852467000198,False,ATM
49877645-b272-410e-9729-cac230c1e6a4,6521CEC9-AA2,2024-10-30,11936.19,ESTORNO,31086952000101,False,ATM
c4733d02-3a6e-4026-91e1-52c2a1ebb48c,3E65DA6D-6E6,2024-01-16,4121.86,ESTORNO,48279356000132,False,AGENCIA
367b682a-f612-4bd6-af01-817ecdc743e5,8AE5A60C-D14,2023-03-21,2711.36,TED,40932716000141,False,AGENCIA
c15ee2e5-a643-4710-8247-761a216da2d4,BD11DD49-A39,2023-10-16,702.68,SAQUE,15978640000148,False,APP
3ae2d2e7-467a-46c6-9e42-f0e19f709241,7FBB5C7D-AD8,2023-01-12,5298.93,TED,20796435000100,False,INTERNET
7d6080f5-b395-4624-9f02-1c3c3aaa77bc,3546D87F-992,2023-02-03,15960.27,SAQUE,,False,POS
ce0f7f47-3401-43ef-b7dc-b4e2f60c9acb,DDD59A19-4F8,2024-07-31,14120.57,PIX,39568412000168,False,AGENCIA
a0e90ee4-4957-4240-ac77-cc0617def090,2881E506-FEC,2023-11-13,2331.63,COMPRA,03412896000104,False,AGENCIA
71989095-5980-433c-96a2-9fbd9c161092,73A1B9C1-2DF,2024-05-27,23968.54,SAQUE,91372850000176,False,ATM
d63a1f9d-8c1f-4aed-b393-a42868438ddb,999B258F-314,2023-05-13,18142.61,ESTORNO,85123497000198,False,AGENCIA
a22ee2a4-1496-40e1-9bc1-2c0767186e13,946DE457-D44,2024-05-30,10183.05,COMPRA,28704315000139,False,INTERNET
f0cc3772-1bdb-43f1-a2f9-93b10f429fee,542FDE83-A87,2024-01-27,593.6,PIX,48175396000134,False,APP
14fa4d26-a274-40d6-b080-6813aaf48859,C8CA30A1-BDA,2023-06-05,7254.05,ESTORNO,54908673000173,False,APP
f521726b-5db3-432e-996a-d0ad9de4daed,A8955C69-ADC,2023-08-26,23820.53,SAQUE,39261407000108,False,INTERNET
84d7646d-8f6f-4fa5-92f0-b561d798d70b,AE78C8FA-E00,2023-06-14,19220.99,PAGAMENTO_BOLETO,48690125000117,False,POS
b53dc21f-950f-4fcb-b18e-42500a7cc5c7,F7EE6A6D-65D,2023-12-16,16285.4,PIX,19324860000109,False,AGENCIA
17a70396-33ad-4f10-91b3-3619b4693654,56D6FE2D-8FE,2024-09-30,7272.1,PIX,16087523000157,False,ATM
b9f72301-ab19-480a-8ff2-07af1a7917f5,82B4C143-FF4,2024-09-17,5978.91,PAGAMENTO_BOLETO,68354071000126,False,INTERNET
472b4c4a-4b8d-42c1-92af-1282b5f26865,2E9ECC29-FC0,2024-05-24,14173.17,COMPRA,35687429000183,False,INTERNET
31e7ac15-00f2-4013-903d-3b1e3494edc1,68E76439-1E8,2023-11-13,19158.28,PAGAMENTO_BOLETO,20685391000132,False,APP
a9c0ba43-c37e-4967-a2cf-3a779e1e44b0,E99A2EFB-DB8,2024-04-10,12473.56,TED,70921456000170,False,AGENCIA
434877a6-1d38-49fa-bd64-9cd11feeb87f,6F5CFB6C-65F,2023-10-14,4038.07,PAGAMENTO_BOLETO,80963547000121,False,APP
1d81c8ad-23f4-49e4-b072-5aaf5e0cca8e,F88FDEB3-526,2024-12-28,1779.74,PIX,86092571000119,False,ATM
b754ec36-9a93-4ed2-a120-374c95f77415,43E4F50E-1E2,2024-03-28,24462.13,ESTORNO,91470326000138,False,APP
17cbfd91-dd06-4d0b-8e14-bafbcc9d71c0,60881B5C-A0F,2024-05-14,24292.06,COMPRA,87162504000196,False,AGENCIA
5906f23d-d323-46cc-925a-8c290c548618,8CE00274-965,2024-09-26,10024.38,ESTORNO,19287360000144,False,AGENCIA
1e503bfa-1fde-4962-bf40-063ce74d661b,999B258F-314,2024-10-01,12812.71,TED,80354197000104,False,ATM
ba29f962-4365-459e-9129-18e562e647fb,89CDAE3A-AA7,2023-09-27,12649.3,ESTORNO,98624073000159,False,APP
ade7c30d-fcf9-4afd-b9d2-2c34219df993,EB600701-C37,2023-09-08,18526.45,ESTORNO,80216593000167,False,APP
dbe43022-be5e-4fa0-8a04-c48c52ab86c5,26952F30-109,2023-04-18,3865.32,TED,70982643000163,False,POS
4d00fec8-46be-4126-9ff5-3d9cf58a14be,A1D85E40-DD7,2023-03-16,9982.91,SAQUE,60139742000124,False,ATM
dd6eaae8-7714-49d1-a3f5-836277e54ee8,8203203F-1BB,2023-12-24,16729.26,PIX,52406138000199,False,POS
5a5c3788-68dd-479e-b848-25d62b930654,E3E70BA5-A64,2024-04-21,22503.31,COMPRA,80761324000181,False,APP
a84dff01-4ee0-41fa-a663-5bc7cda9473a,4F20F3DE-58F,2024-02-11,22936.63,PIX,46782319000117,False,AGENCIA
4b12898c-5a11-4b20-97ac-7d85b6964ad5,8D6257F2-0BC,2023-12-17,1613.19,PAGAMENTO_BOLETO,06381254000183,False,ATM
55b8163d-19d4-4c39-98e1-c3848114845f,C8928B8F-0A0,2024-04-10,2859.49,COMPRA,48712903000121,False,ATM
a35e6eea-9db6-4760-9cc9-345ccd01a858,F4E06D74-59B,2023-08-07,3639.13,TED,46279580000107,False,POS
41515b18-7bbc-43d0-9774-2ff924943861,34B222B2-9DE,2023-03-05,19355.48,TED,31924750000183,False,ATM
44cbe2ae-e6df-4095-b0b9-9b33508e4435,6BD3FEE7-2F6,2023-08-05,5336.7,COMPRA,51947680000196,False,ATM
b8a81e73-8b94-48ce-b184-f7a79e69c9c8,75D1D9E0-A94,2024-10-12,6747.3,SAQUE,,False,APP
921e54d5-c25c-487f-862e-c9f18007654a,3ABC536B-F72,2023-03-25,6848.72,TED,62450179000136,False,ATM
90035a99-90e9-4c39-a3e5-9e52f9666e88,ACFA7CDE-7DE,2024-06-21,21782.42,SAQUE,67041832000127,False,AGENCIA
9b2cec92-3627-4d24-9653-35fe2b6d9eb2,89CDAE3A-AA7,2023-02-25,4603.18,COMPRA,61238495000186,False,ATM
a91a5565-c67a-4ff5-8357-16ab76cc7178,1D472B18-75F,2023-11-01,8551.47,SAQUE,52608179000168,False,ATM
b0849f79-cbe7-4294-8ab9-4b8d991a079f,29BE421A-5BA,2024-07-02,12041.41,ESTORNO,94723068000142,False,ATM
7a70fe7f-56c4-4605-ab75-8f80a968df08,12BFEB32-53C,2024-12-10,8868.28,PAGAMENTO_BOLETO,31642780000105,False,APP
46ad22ce-b063-4cd3-8919-1c68e15d8add,AAB6D5ED-143,2024-09-03,14023.37,SAQUE,24518063000100,False,POS
0a6cec7a-28e9-4cc0-be91-b0efd1fe1a3d,47331903-D7F,2023-11-28,15413.38,ESTORNO,34126790000178,False,AGENCIA
046ad520-91a0-442d-9538-b487741a213e,E6A5D42B-21B,2024-04-14,356.15,SAQUE,07839215000140,False,AGENCIA
1e4eff12-67bb-44b0-9b16-66458b90d5e3,1B83739B-35A,2024-11-21,2841.5,PIX,39521768000146,False,APP
917e1864-a7ec-4176-aea9-1ba3a6236a12,D1EA4AA4-9AC,2023-05-09,24705.98,ESTORNO,,False,POS
2612a23f-babf-45c3-b10b-3323f8278095,7DE3D174-99D,2023-08-12,2437.51,ESTORNO,43916528000118,False,ATM
e05fadb0-596a-4e74-8a13-df7c5153b388,49216251-87E,2023-06-20,17411.61,PAGAMENTO_BOLETO,57398142000176,False,AGENCIA
65c81234-c200-43df-954f-29f05f566568,5D0A3BD0-9AB,2023-07-15,5245.26,ESTORNO,30947126000139,False,APP
14cd4994-0ba1-490c-abc1-3f57158d131f,2C78AA82-972,2024-01-08,9257.35,COMPRA,42579163000110,False,AGENCIA
e486fe42-8d05-4cc0-8b8a-b1b4b3ac41bb,CDFC9AF6-69D,2023-05-08,12552.88,ESTORNO,,False,ATM
ca1b4c5b-7bb0-41ac-9045-77b95bdff851,7D44A617-A24,2023-12-27,10352.22,TED,65032917000113,False,ATM
c3027468-1013-43c5-a3a7-e8eb519ecf28,047F0DDC-A98,2023-12-10,13079.96,COMPRA,63802194000169,False,ATM
5808fea7-e83f-4dd6-a458-0dee0318e6c5,A50CBCE1-312,2023-07-01,10710.45,PAGAMENTO_BOLETO,12397806000144,False,POS
d2247d7f-6973-4225-9e72-35c38d9a6d9c,28B623E7-B25,2023-10-19,10897.75,ESTORNO,98473120000100,False,ATM
957b59c7-1c59-4a26-b4d3-5862636e9c48,3BC1A2D5-34C,2024-12-19,15853.23,PAGAMENTO_BOLETO,97685321000109,False,APP
8faa2abc-a8b6-4622-b24f-39550f3a654e,78EC04D3-5CE,2023-04-17,24884.09,COMPRA,53214698000104,False,POS
ac5081d0-58b8-452e-ad84-9d7544a215d0,8D6257F2-0BC,2023-04-17,23312.52,PIX,86341527000103,False,POS
1b13f698-f632-4359-a110-e6864addbb4a,2AA9353D-609,2023-04-13,23180.83,ESTORNO,35187624000144,False,POS
5f0a1559-6102-4da8-ba7e-07679253f31f,2D056ED2-044,2024-11-14,20147.06,TED,68930572000103,False,INTERNET
537b013b-28dd-4325-991c-19224c4cf55e,57106EA0-11F,2024-04-10,5573.15,PAGAMENTO_BOLETO,91560473000107,False,INTERNET
295b8c5e-dd18-4041-9b02-0d6f9141eda3,4C50E255-9D4,2023-05-08,21408.78,TED,37920418000127,False,ATM
e52c4382-4a80-4350-8ce3-97a7108d96d2,73A1B9C1-2DF,2024-10-22,10324.25,ESTORNO,38571069000148,False,ATM
96db6f4a-68d7-4fa8-bc72-56572a31b466,DE1EB8BA-7FB,2024-01-19,191.62,SAQUE,60534297000105,False,AGENCIA
eac92e59-7aa7-4d76-97b7-ac5b9d0888f7,FD09AE3B-6D3,2023-09-28,21990.36,TED,63708952000184,False,ATM
affd9a07-a0ca-4632-950e-6cb10f5b83a6,83A3630D-986,2023-01-05,16833.01,PIX,61384590000198,True,APP
2b5082be-295c-43aa-a0f1-6115adb20b3e,A5504EF8-9EF,2024-01-19,3835.65,PAGAMENTO_BOLETO,62547109000109,False,POS
4f54eab8-f13d-451f-92df-a8213e6e9f4a,AE34D5C2-B85,2023-06-24,7937.8,PAGAMENTO_BOLETO,79386502000152,False,INTERNET
4781bf6a-2933-442c-9631-5ab86cea2d31,BC413E0A-A58,2024-02-05,13894.16,SAQUE,90518267000168,False,ATM
0a99df72-c51f-45f3-88b4-cfe93617e04f,C06F17DC-9A2,2024-08-14,20714.0,PIX,40691735000123,False,ATM
249266db-76fa-419a-a0f7-c839a7618a24,4C12EBF1-37C,2023-06-27,24433.92,PIX,24519078000185,False,POS
e55a9692-8300-4307-805c-45aa1e329bd7,E5F7AB58-912,2023-08-25,3962.35,COMPRA,85974102000160,False,INTERNET
bf564850-731e-40a4-9dbe-9781979ca9d7,B8360065-FB3,2024-10-08,12607.17,PAGAMENTO_BOLETO,46315079000140,False,AGENCIA
082b63f4-7eb5-42b1-bff8-28a035fe067d,4C50E255-9D4,2023-06-12,20933.69,TED,,False,APP
979f9c88-4604-426c-a9ed-ce9b1eb4cc60,74D79365-D71,2023-01-12,642.47,ESTORNO,70153692000193,False,INTERNET
77fe151b-604b-47bf-a74e-f46caf32f767,868F5BA6-7AF,2024-12-25,696.92,PAGAMENTO_BOLETO,29364758000190,False,APP
184d837e-22aa-4114-85b8-59d47c25edff,B49889C1-FBF,2023-01-26,14295.49,ESTORNO,83714569000146,False,ATM
4b867fc6-d18e-44b4-82fa-d95fcc139e0a,E9BB0CDA-96B,2024-01-02,15862.13,SAQUE,53406187000194,False,INTERNET
8fa407ae-d901-410e-a92c-ca4be5e07c4a,3F520D89-F16,2024-07-02,7424.12,SAQUE,,False,ATM
a36ac698-4b9a-4039-a11d-853fcda8b5da,9EE31C47-B9D,2024-11-06,19260.13,COMPRA,10975362000151,False,INTERNET
a40d53b9-aea1-456a-8d4d-9d4fd626edcd,C3513C2D-EDC,2024-10-15,15686.51,PAGAMENTO_BOLETO,65103248000123,False,APP
fd2b1540-61ed-4368-bf4f-9022fff6f1c1,73BDBBCB-2B0,2024-09-02,11479.0,COMPRA,65409372000111,False,AGENCIA
a77bbb26-8b90-401a-bfca-3cd94d9dbafc,D4932C84-A6F,2023-07-04,6550.97,COMPRA,13682590000121,False,AGENCIA
bc2b9b6e-8f74-428b-b76e-5cea661b0a2e,30F610BC-369,2023-08-01,22818.11,PIX,82319657000180,False,APP
07c8cf72-0086-42f9-9fe8-f9743b5ecfbc,1FB0EFAF-649,2024-05-13,10344.51,ESTORNO,80916324000103,False,ATM
dafe6521-c4e2-4127-a738-d2a8481cd28b,35431FCA-B9B,2023-11-18,9382.3,ESTORNO,18573946000102,False,INTERNET
bb8874c3-bdf1-429b-9d80-caadcad91286,4976E05D-750,2023-01-11,4496.39,SAQUE,71625439000158,False,POS
a93a7393-f1f8-476a-a28e-bd87a285a50f,978EE185-C10,2023-05-01,21370.44,TED,17402395000151,False,ATM
424a14e2-9c24-423d-8612-f0aeab17fda0,210AB4C4-0FF,2024-09-06,24872.91,PAGAMENTO_BOLETO,86317459000139,True,POS
34974f23-ea1a-4a8a-a264-30073050b19b,025CF5F2-09D,2023-05-05,18542.81,SAQUE,23697051000110,False,POS
7d6a789a-590a-4725-8a98-2f9a4b40168f,CAD7888E-62F,2024-06-08,577.42,SAQUE,70453962000181,False,AGENCIA
4a84bb5e-cba0-4999-94cf-096947cd91a1,AC12CBD1-6DF,2023-08-11,2871.04,COMPRA,60897513000179,False,INTERNET
adc86092-e46d-4d03-b8f2-20c7c0fec787,8C23AC70-D20,2024-12-09,2087.44,SAQUE,62159487000107,False,ATM
04948d21-f314-4939-be85-14f686d25d28,E28737AB-035,2023-04-05,4982.14,TED,05672143000163,False,AGENCIA
935b3020-94ec-40e8-85bb-d04f38e7eb7a,1D472B18-75F,2024-05-22,11676.89,PIX,07624153000159,False,ATM
b39805a6-4519-4e19-827f-8b09eb284eeb,3D8FEF6D-DFF,2023-09-14,23058.82,SAQUE,60581374000170,False,AGENCIA
4cc0e986-d770-46ba-a602-557926701db9,978EE185-C10,2023-04-16,24046.84,PAGAMENTO_BOLETO,81956073000153,False,POS
cce7b988-c828-4bed-bb49-18fad0142df9,CB44EF57-2EE,2023-07-30,7790.66,ESTORNO,31428709000116,False,ATM
ef11eb4b-2864-404e-ae5e-c0cf9fca8ff4,9F9C772D-136,2023-10-06,10594.3,TED,,False,POS
be7778d9-e62f-430c-b88c-c3ce121b6add,451C870A-0E0,2023-07-24,9577.07,PAGAMENTO_BOLETO,87496023000117,False,APP
d6a849b5-0bc7-4bc9-866c-6d58980241cf,A37F74BF-331,2023-02-04,11235.91,PAGAMENTO_BOLETO,29173854000151,False,ATM
802239e5-8f09-4a40-9530-8e0e4a88fb27,74D79365-D71,2024-10-22,7337.9,PAGAMENTO_BOLETO,71295680000166,False,APP
c6052b8c-c71f-465e-bc53-20e1df6680e7,C89849F8-A37,2023-11-27,2867.58,PIX,18395402000106,False,AGENCIA
3b3e9483-b2fc-4e80-97c0-e457fbde9fab,9EE31C47-B9D,2023-08-09,6134.09,ESTORNO,14905326000172,False,INTERNET
88f0662b-c4a9-4a19-a631-4444441fc438,DDD59A19-4F8,2023-05-06,19488.19,COMPRA,95241786000145,False,APP
fb1c0d54-1095-4bbf-81b4-f642dd1095a0,B651FFFE-4FC,2023-08-07,17920.49,PIX,83279645000132,False,AGENCIA
49c744ef-0826-469d-8033-6027bcd1ef08,E5F7AB58-912,2024-07-29,22468.75,COMPRA,84975106000109,False,POS
063544a7-6f50-4898-a07e-ea7dda26cc01,6EC8FB61-859,2023-08-11,5305.56,COMPRA,56430281000177,False,POS
8ea9b5bf-7d06-4640-890f-952d637f50f4,D05200EB-CD1,2024-11-18,23656.86,COMPRA,61509438000194,False,ATM
69c4681b-97d7-4557-bad4-ab2f0218807c,A2A3A921-AF1,2024-03-21,17053.77,TED,01572863000104,False,INTERNET
ce884d0b-092a-4b31-8c18-39673a8c94f6,13AC4D38-051,2024-05-20,4929.29,PIX,17846305000111,False,AGENCIA
0550d1d0-6101-4ebf-b1de-d82cf5c90e8a,957C145B-8DB,2023-05-08,10531.8,PIX,03146597000175,False,AGENCIA
060fa824-8714-4d8b-803e-d88767fd9a52,EB600701-C37,2023-08-31,14779.89,PAGAMENTO_BOLETO,10943286000100,True,APP
d0d026a1-a29e-423e-8401-f5ce69b173b8,8B70E1A7-2B6,2024-08-12,16092.2,COMPRA,63415892000101,False,AGENCIA
f3d2d4a9-3211-4a4c-b17c-4e0364e5cc49,4976E05D-750,2024-02-17,3277.75,COMPRA,60917385000188,False,POS
bc9592e5-9a27-4881-9b18-4622903a9af9,E05C3AD2-27A,2024-10-22,979.45,COMPRA,58627109000133,False,APP
f326bc8a-858d-4c03-91ba-f4156c2314ea,08D6EE30-B7E,2024-03-01,20746.51,ESTORNO,38529107000102,False,AGENCIA
6f239799-5357-4be2-b411-8b37fc514290,639C3C74-607,2024-02-14,18842.68,COMPRA,82065439000167,False,AGENCIA
d45f1c45-b8be-4675-8d4a-9271e8b318b1,A2A3A921-AF1,2023-02-18,12346.22,PIX,47189065000190,False,ATM
236b6e20-5f03-4429-b7ee-53097f9e070b,911EDD34-DA6,2024-10-18,12334.18,COMPRA,24587163000180,False,POS
59f92320-a812-40aa-929d-d5dfdea2b632,A1DA6E29-82C,2023-08-18,2569.94,COMPRA,28169053000150,False,INTERNET
aad42f08-1943-4c6a-bdbe-ac4f35329663,21043012-9E8,2023-11-27,2629.73,ESTORNO,40219867000157,False,INTERNET
0ef92d28-702f-439f-9a3e-dde962d36d7e,AD8D3A79-CA3,2023-07-15,4256.03,ESTORNO,26317458000162,False,AGENCIA
383e0587-5978-48bb-aaeb-2100660cdeae,A50CBCE1-312,2024-07-04,20403.97,COMPRA,52317684000153,False,APP
79195e09-5013-48e1-a510-0d2e959f007c,7872734C-246,2023-02-14,6493.3,COMPRA,34719526000148,False,AGENCIA
43d71061-7433-43ea-a1f7-7e17d2aafa97,52D2A17E-E8E,2023-12-04,1877.44,ESTORNO,68031952000106,False,ATM
3c2e20a6-6f93-404e-9a0e-275c7e3c8aca,CD82BAA4-48B,2023-06-24,6748.9,SAQUE,15698307000185,False,APP
1f312e33-4ca2-411c-835a-72cc2098ac45,AA120121-053,2023-06-01,3158.53,PAGAMENTO_BOLETO,23461598000111,False,ATM
236495f9-f5aa-401b-a03f-31d18a3be508,58B2D16C-0F2,2024-11-15,15923.14,COMPRA,23568091000161,False,INTERNET
86e3f37f-e282-44ee-bc1c-1894bec9645e,96DA1266-C0E,2024-11-08,14447.75,PIX,40792531000189,False,AGENCIA
872d5b15-7b4c-4ccf-814c-faaae68b926e,41447DF0-318,2024-05-09,19316.44,SAQUE,40675392000103,False,AGENCIA
e28993a8-76f7-4569-855b-523d5a92871e,E59DD6D4-E21,2023-12-28,17784.97,PAGAMENTO_BOLETO,,False,INTERNET
7a50f3d1-0aa3-46df-ab04-a5e580731f82,D2B61881-C7B,2023-07-30,16487.53,ESTORNO,46073852000100,False,ATM
4d8ee404-0fde-4c9c-a9e5-c7ea029064c9,06B76CEE-1D6,2023-01-14,1508.08,ESTORNO,,False,ATM
406490e0-8cd5-404f-92ef-fabf72502073,CE2E4510-929,2023-04-18,4699.15,TED,10864937000169,False,POS
99f341a8-0ecd-40a7-aac3-0b05545e6759,96DA1266-C0E,2024-06-10,19040.42,TED,72056819000181,False,AGENCIA
58a8dcb7-c541-4476-8eb8-34d13f7165f7,AB30F52A-62C,2024-11-02,17713.25,SAQUE,69352187000199,False,APP
39c5b1e4-564d-4138-946d-7d3ff3a94a33,5051CF2D-63E,2023-08-13,22853.26,TED,51840672000146,False,ATM
4d15a857-078c-4ca4-9492-79b9c76604ad,4FA36B7A-15A,2024-06-09,21696.67,SAQUE,57932018000149,False,INTERNET
525cc2d2-8c46-426d-a05f-6b55e11600f4,0E516B8F-999,2024-03-09,1717.38,SAQUE,53067421000104,False,POS
cf83cfb2-d320-4aa7-a7fb-6879f9aa5182,E7FF97B9-1F5,2023-05-31,16210.1,PIX,84590631000106,False,APP
0750b3e7-5932-4323-b1bc-8e6b9aa2f48b,C168C135-354,2024-04-16,6015.2,SAQUE,42753896000120,False,ATM
d2890cd2-4797-4f82-bc8b-843d47c496db,44F065AB-2EA,2024-04-08,16547.64,TED,69387215000103,False,POS
05973c39-4091-4157-b827-c8b32365a72d,78EC04D3-5CE,2024-03-17,2103.04,SAQUE,05193247000195,False,POS
ece6c64e-7164-4be4-8710-a55dcde28317,5216EA77-C3D,2023-12-08,10772.06,COMPRA,94806537000197,False,AGENCIA
cfbef5a0-ddf0-4a48-9d39-80b57c8f66a3,999B258F-314,2024-10-26,2446.67,PIX,73415926000111,False,ATM
11b302e0-74fe-4905-9f7e-fb945efe034b,4C6D5EA5-40B,2023-07-13,4849.5,PIX,26039154000180,False,AGENCIA
b1355988-4490-4551-875e-23597269f982,F6504DB8-DBB,2024-05-20,13239.77,PAGAMENTO_BOLETO,43260891000128,False,APP
a3e3797c-f6ff-4edd-8e03-b2a3d1a0d08b,C71E42C9-FCB,2023-04-24,16159.15,SAQUE,40728135000192,False,APP
51b09f27-7003-438a-801a-576b01dee243,5416063C-534,2023-09-02,14381.4,COMPRA,64215389000175,False,AGENCIA
6c5f8163-10e9-4d55-aedf-82163a9c474d,1FB0EFAF-649,2024-09-27,5662.79,ESTORNO,04259638000100,False,ATM
3b044504-839d-4615-9d56-8ee68728c2e3,12263431-E5E,2023-08-14,9823.05,ESTORNO,51048723000100,False,AGENCIA
f79a28b9-8f16-4f48-ab4b-011359414506,4E069749-559,2023-06-25,12380.05,SAQUE,85139726000162,False,AGENCIA
c01904c2-34aa-44c5-97bc-b8785618aaa1,9B934FBC-326,2023-10-22,17646.77,ESTORNO,09468351000104,True,INTERNET
5a29e502-6bc7-4cd1-849e-9736d5e72379,1208ADB6-F71,2024-12-18,12581.75,PAGAMENTO_BOLETO,75432806000158,False,AGENCIA
11c77492-a451-4e04-ba1d-f81f3d395175,E927D0BE-3CA,2024-12-05,21314.32,SAQUE,56140329000102,False,APP
fb66891c-2082-4ad0-bfd4-92ede5101b45,7ED99614-32E,2023-12-07,4167.39,PIX,86291473000100,False,APP
9ee0908e-5392-4b6c-8e7f-599035848f19,B2074467-96B,2024-03-14,16651.29,TED,20157846000147,True,AGENCIA
bfc87d10-21af-4258-8446-056c452b80b6,CB8DE8E5-AA5,2023-06-24,22031.62,ESTORNO,30792518000176,False,APP
96d7cf70-abac-48c6-9c66-97d35c0049f3,71BCC411-656,2024-04-30,14850.74,PAGAMENTO_BOLETO,94380625000170,True,INTERNET
2ee9216f-42b7-430a-9a8a-dc407304f83a,EEA83E73-983,2023-02-16,11815.0,COMPRA,74936825000159,False,AGENCIA
ffbc64ad-1d24-45d6-8ef8-5ff60e86bb14,330D0315-9CF,2024-06-21,20884.22,PAGAMENTO_BOLETO,49672018000129,False,INTERNET
c4a90740-5cf2-4db4-9983-98c0a1071557,447E8ABD-7DC,2023-04-13,19381.75,TED,85076914000199,False,AGENCIA
af21b3d2-06ba-4464-881e-1acaea56fc01,6CB0A497-D8C,2023-12-26,11316.23,PAGAMENTO_BOLETO,52417069000119,False,ATM
b831b607-ad84-43fa-afd8-868a1bd0e066,3B68AAE2-734,2024-04-14,6339.54,COMPRA,34609851000158,False,AGENCIA
d7a9f3c8-d552-430c-8062-b5131ad323c4,7B71A5BC-EDF,2024-06-14,17754.36,ESTORNO,20543986000153,False,POS
2bef24fa-6d85-4fb4-9183-628ccede461c,43E4F50E-1E2,2023-10-04,12109.64,ESTORNO,75830624000135,False,APP
6e47dd8d-5ae7-4c7c-9aef-e73c6fb13f21,AD88DDAB-470,2024-02-25,3698.79,SAQUE,21768903000197,False,INTERNET
ed957c5a-3285-4e63-bbb2-ae0206a6f4ec,C7D00506-2FE,2023-02-01,8930.82,SAQUE,54028963000122,False,ATM
19dca633-9f69-410f-8843-b911de79aab5,C71E42C9-FCB,2023-04-02,8986.46,SAQUE,58012976000164,False,ATM
16ca1bf5-aa96-46f7-8f97-8371065bb901,6CDA6062-172,2023-10-08,15968.89,ESTORNO,79513240000140,False,ATM
7bb9bafb-548f-4570-9ffc-57f7c78798a2,3D780747-534,2024-06-23,24683.31,SAQUE,10895426000104,False,AGENCIA
a13002ea-4434-4cb4-8a9b-bbbe8c601124,677F429C-354,2024-02-05,22200.04,PAGAMENTO_BOLETO,14937268000169,False,AGENCIA
c174ef15-fd2f-4a44-88b4-a2f2082ca2aa,A0DAE6DC-5E3,2023-02-12,7734.12,PAGAMENTO_BOLETO,84062957000152,False,AGENCIA
92f41580-2706-4c16-a043-55833298d2a2,A459CF89-330,2023-05-06,20854.54,PIX,04629318000197,False,POS
d79239be-d64e-4a49-b2bc-2b165241f203,3D6A8A02-684,2023-12-22,24203.87,TED,31608759000185,False,APP
50a3fe35-7500-4b1b-8b25-a43d133a3d8a,F7A73324-9E9,2024-12-02,12473.93,SAQUE,81327950000127,False,INTERNET
43bcf7fa-dd7c-4c92-80af-9f0c0b934025,A5504EF8-9EF,2023-10-24,13080.37,PAGAMENTO_BOLETO,49807325000170,False,INTERNET
47fa8c11-32a4-4cd7-8414-7d44159fed67,2615E0F1-75B,2023-10-23,7592.18,COMPRA,96571804000110,False,APP
9ce13349-6e89-4c20-b421-9ceee1ee367e,52D2A17E-E8E,2023-08-11,11347.27,TED,91382047000112,False,APP
4734cc0e-0a38-4baa-a828-4c953ac340b5,E2CC2FF9-3C3,2023-11-10,1331.25,COMPRA,31768045000134,False,APP
ce241cc2-932d-4ac8-8db8-fc28e7f9e6e3,019DD80D-CE2,2023-05-22,1248.98,TED,24851039000180,False,POS
3b21ec7a-185d-4b9f-b235-8b3c972293f4,1FB0EFAF-649,2024-07-28,16633.65,SAQUE,97260548000102,False,AGENCIA
21134098-5e0f-47c8-97e5-f3b8dd183ff8,514D1FFF-609,2023-07-21,3567.39,PIX,89543612000134,False,APP
eda87502-806e-4aa2-a08a-034f487627f9,55F9EF03-44F,2023-02-02,7271.11,PIX,58743906000186,False,INTERNET
efe6c26d-4500-4e75-b625-06b78623a551,EC5B23B3-57D,2024-10-14,20293.01,PIX,86523917000196,False,APP
f62078f4-2886-428f-951f-c02cc5ca65d7,6CDA6062-172,2023-11-06,22326.0,PAGAMENTO_BOLETO,21754098000142,False,POS
13b6dd78-aac4-4b1c-a8d4-d2d77e6244d8,86AFF3D4-68D,2023-11-27,10896.25,PAGAMENTO_BOLETO,06249183000160,False,INTERNET
016c3371-5efe-4537-a50e-45b6ce7d05c9,BC44968A-ABF,2024-03-02,6251.64,PAGAMENTO_BOLETO,15368792000129,False,AGENCIA
757ccc85-c584-4d03-a6ef-c5a73e91778b,C9ABF640-2D9,2024-08-03,2141.32,ESTORNO,17680942000160,False,INTERNET
641cf9c9-2af8-423a-94cd-f40ec8438181,CB8DE8E5-AA5,2024-03-23,9400.08,COMPRA,27165304000165,False,ATM
4959cf79-54fa-4820-8524-cb3b347a2e61,46EDC7BD-AE1,2024-05-30,17353.79,ESTORNO,75813406000192,False,ATM
6c916ec9-dcd9-4cb8-bb30-0ca5ec3fa208,4E94EA62-B64,2024-04-22,8855.81,PIX,79081324000151,False,ATM
e6d00c26-935b-43af-ac9d-8f12caea5c88,F0263AD6-AB7,2024-07-26,693.28,COMPRA,08234597000140,False,ATM
ea7283c2-afff-421d-8af6-9254ab63b2c4,0FBBED98-579,2023-05-24,2212.09,PAGAMENTO_BOLETO,06823495000135,False,INTERNET
6971fa60-5009-4cc4-8238-edb1ae48b2cd,E035A2E3-186,2024-01-18,14508.69,SAQUE,,False,POS
fb3c5d3b-13e6-4f07-b458-6dbaf2ec42ac,7ED99614-32E,2023-02-24,21945.31,PIX,82693175000196,False,APP
3f632145-cfc1-454e-949e-61aa300d76cb,86AFF3D4-68D,2024-06-14,11571.0,PIX,08796312000165,False,APP
4fb64c42-1578-48a0-80d6-ee9d808e23c6,93078DA7-767,2024-10-27,1368.74,COMPRA,81369504000185,False,APP
2d8a8e20-57f7-4c2c-b540-c7a6c51a811c,37E8DF7D-3E6,2024-08-02,20548.77,PIX,49385260000111,False,APP
72a677e4-bfee-4b5b-925b-0f439aa08f07,6F5CFB6C-65F,2024-08-21,3037.38,ESTORNO,69743250000118,False,APP
d28f41f5-d78d-4366-b251-157df3fc0fd2,61E0D431-814,2024-06-12,17539.76,SAQUE,47510892000134,False,ATM
c91fda04-6acd-4c85-a211-6b7e75ba561a,8BD26CFA-FB4,2024-11-22,3411.36,ESTORNO,29186345000163,False,AGENCIA
2be8edb9-5238-4395-8813-a108648cc429,0C5EADF3-023,2023-01-07,15706.54,PIX,60731429000180,False,INTERNET
dbcf15dd-aef0-4833-a7a2-041eaae6a6d6,2F0352D5-3FA,2023-01-01,2869.05,SAQUE,70253198000109,False,APP
11048cf6-2bc2-41a6-8cd8-be886dfb189c,DB548180-53F,2023-09-11,12996.28,SAQUE,01648925000106,False,APP
aef066fc-4b37-4f21-b55f-139830cf3bbe,AB30F52A-62C,2024-03-30,20818.41,PIX,78249361000163,False,APP
351d7222-11c0-4568-b4de-738a6dad7ecd,795786BD-32C,2024-05-10,7499.14,SAQUE,07469218000139,False,POS
fbffb04f-b700-48fa-b328-8e53d0ba90df,78622155-B29,2024-09-19,6507.9,ESTORNO,93724658000127,False,POS
0264fbff-0e74-4bc1-9769-45f698fb22e0,46EDC7BD-AE1,2023-05-30,3081.23,ESTORNO,57601823000190,True,INTERNET
b88ade4c-4055-4bf0-a6cb-fcb9367586eb,7EB4C730-057,2024-11-04,20464.02,SAQUE,09254368000150,False,POS
c392f7ee-f956-4199-8415-103009798ee6,286DE560-C6E,2024-05-06,5009.98,TED,90472365000101,False,APP
bbf1e682-4d07-4f34-9602-7e7d271b0a6c,3CB008A4-3D2,2024-05-19,23977.35,TED,72136580000150,False,ATM
d264dcc4-7294-46f1-ad1b-48d4b102ce5b,CBC8DA3B-193,2023-04-20,9646.44,PIX,50273694000109,False,ATM
b1580e65-258d-4240-93ca-8cd652c86797,82B4C143-FF4,2023-10-18,3705.44,PIX,78120645000155,False,ATM
b885f44e-1cca-4a5b-a000-c2df47fac963,3D6A8A02-684,2023-11-07,276.97,COMPRA,85027163000110,False,POS
19fff4d2-a49d-4413-b8e5-166dd7ccd7f9,639C3C74-607,2023-12-30,11112.82,SAQUE,28345190000106,False,ATM
c734509b-1a88-444b-8ce4-43af4c4225b6,E77F3142-134,2023-06-12,6923.69,TED,17068325000109,False,POS
d9d1154b-fe76-4343-b6cb-ddbde3f25ece,CDFC9AF6-69D,2024-12-24,5270.69,PAGAMENTO_BOLETO,13876925000142,False,APP
666032f2-e55c-4aca-92a1-ea597690fde3,251EABCD-165,2023-06-05,4363.66,TED,47516329000173,False,POS
970b6e7b-df60-45e2-acc6-3d41b44758c3,F0263AD6-AB7,2023-05-24,8483.27,TED,50731824000100,False,AGENCIA
4ae2eb14-05d9-4f30-8db5-b0bbd7f8b595,4E80E524-120,2023-03-11,23087.04,ESTORNO,65193082000183,False,ATM
ad376c7f-deb6-4bf4-9528-25f07404adad,573B575E-B3F,2023-07-04,15146.64,PAGAMENTO_BOLETO,80427935000198,False,POS
ebf3d223-1641-4058-8ced-1910ede312b6,93078DA7-767,2024-06-22,19385.29,TED,08629473000164,False,AGENCIA
b423557a-071a-42e6-8aa3-763c4fa0a289,DC8908DA-8F7,2024-08-17,14721.92,TED,96374502000151,False,ATM
afc9fc3b-fab6-43f3-ad16-b5002206afec,17C1A81E-00C,2023-01-31,1690.65,ESTORNO,06738521000127,False,APP
048f7ec5-4a34-4ed9-bbd7-f9425f1fa656,36E4E86C-9AD,2024-05-26,16632.03,ESTORNO,,False,INTERNET
dcaace30-1562-4ec6-8e03-9539e8c777af,3BC1A2D5-34C,2023-08-31,24533.24,COMPRA,45601793000132,False,INTERNET
5b6584b6-8b71-4f2f-951d-967008abb457,10E2732C-E9F,2024-01-29,18204.49,PIX,64250971000172,False,APP
9116a7a9-1c90-42a7-9142-aebea12ed600,B6F46681-0D4,2023-04-28,15298.17,COMPRA,47128396000110,False,APP
7c2085fe-9008-4391-a818-8a9d3829af21,E9BB0CDA-96B,2024-01-19,11039.05,PAGAMENTO_BOLETO,23941506000109,False,APP
c7046da5-7cd9-426b-ac97-9061c93c7009,C6B07089-C0D,2023-11-25,23088.89,COMPRA,31570894000189,False,ATM
5efcb44d-0007-4b05-a2a7-9f1d633b7a8e,BD11DD49-A39,2024-10-14,3331.72,PAGAMENTO_BOLETO,79351684000126,False,INTERNET
50eb4656-57cd-4abe-a8c4-5475e234b68c,17E7ECC4-C30,2024-03-24,6313.49,ESTORNO,54901326000119,False,INTERNET
6239c005-56d7-4bd8-b857-8695e462fb64,A16D5C74-5C0,2024-03-20,18554.23,PAGAMENTO_BOLETO,37096524000138,False,INTERNET
8e76f8a0-7193-4219-aa84-e10ef2964b15,5F04780A-40F,2023-01-25,2151.83,ESTORNO,30174658000180,False,APP
c2a10ca9-c569-42f1-87d3-d24affb9e608,1AFF18D3-A32,2023-05-24,5089.68,COMPRA,13509624000180,False,ATM
04d47538-a0fc-4379-aaf4-cb8fbe43ceea,56578C7E-3E7,2023-03-15,14208.02,TED,81960725000123,False,POS
cd49c2f7-61ff-41ef-8e46-8f1373d72efa,C3D04F2D-158,2023-08-01,12405.14,PAGAMENTO_BOLETO,74298361000100,False,POS
2eab7dd3-9798-4b9e-883d-88cd2c206601,06BB587F-947,2024-09-25,8803.62,PAGAMENTO_BOLETO,15238790000115,False,APP
d4ca9992-b680-4215-ac62-630bfcca17ca,18E22FE4-666,2024-10-02,10972.79,PIX,01683475000192,False,POS
8fa2f8e7-2c07-4199-a6bb-a21c4dd98fa3,9966908A-182,2024-06-13,1954.98,TED,04915738000130,False,ATM
289be12a-b5c3-4e47-b93f-d60f5e78b23f,3D6A8A02-684,2024-09-07,5765.49,PAGAMENTO_BOLETO,13248609000126,False,INTERNET
7be61bba-afcb-409c-8b27-2023d8eee593,7E31306C-B35,2023-10-24,20533.46,TED,03257416000188,False,AGENCIA
f45568a4-019b-41ca-91ef-56eeb30f6e33,BC413E0A-A58,2023-06-11,1700.22,TED,71952036000113,False,POS
17bfb670-fcb1-45b2-8e90-54266449d044,6AA468DB-F4C,2024-06-14,6036.1,PAGAMENTO_BOLETO,87035426000169,False,ATM
cfd52bbc-85da-4a3c-b714-fc3d42a0da48,C8928B8F-0A0,2024-07-13,15466.69,ESTORNO,36159240000180,False,POS
8f6fa887-ebad-4206-a4d3-7e2ff6ba380a,60881B5C-A0F,2023-09-27,11775.26,ESTORNO,61730824000101,True,AGENCIA
90ecde02-4d58-4262-a8b7-5a07062a6e63,61E830BC-5BD,2023-07-25,10536.01,TED,46598701000175,False,APP
18caf898-277d-4415-8a77-c14226f3e040,8203203F-1BB,2024-07-14,3483.51,ESTORNO,14029863000104,False,APP
216e746c-cfe6-4b82-ba56-8a9f88f14430,F0DDEE1E-1BE,2023-03-16,5891.58,PAGAMENTO_BOLETO,59172806000100,False,APP
febc8220-d41b-4728-808d-0646627f3d92,4EC6A80E-F7E,2023-03-14,8647.12,PIX,29015847000121,False,POS
5ee4f06a-f03c-4c3f-a300-4c0b910c47ec,F0EB7FEF-00A,2024-07-18,23234.2,PIX,19846573000169,False,AGENCIA
9b8e93f5-35f7-42b6-9e3d-8c68a1348088,DE1EB8BA-7FB,2023-04-17,18083.66,COMPRA,18073529000109,False,INTERNET
50068059-a656-4581-923b-850bba8d6b8b,148F3E96-F1C,2024-03-17,16258.95,PIX,75304186000171,False,INTERNET
bfe5e558-0a31-487d-83ad-b76d9b18ae94,E6A5D42B-21B,2023-02-26,537.55,COMPRA,93207148000182,False,INTERNET
2991073d-97f2-4070-8918-e6e02fba992b,46EF8FCF-C38,2024-01-24,13355.35,ESTORNO,10695428000150,False,APP
60f4b8f1-5a5d-47b8-b459-ee945d649f9f,1CCA8889-E67,2023-02-23,13813.07,PIX,80354712000148,False,INTERNET
f7a29065-ab1d-4954-a5c8-4666686a10da,330D0315-9CF,2024-03-13,10743.82,PAGAMENTO_BOLETO,84657029000130,False,ATM
3b73a2ab-4fc1-4024-9deb-b263d9ccec02,019DD80D-CE2,2024-09-22,2951.14,TED,28951630000160,False,AGENCIA
7560d817-2c8d-4d13-a482-9ec2ae702f98,89CDAE3A-AA7,2023-03-01,10913.97,SAQUE,97450312000139,False,POS
c0259ced-a058-4dc8-bedd-818278860aba,E61FBB78-66A,2024-02-27,252.73,ESTORNO,67918403000195,False,POS
a7c648fa-1cb3-4702-a413-b6c3e719ba37,148F3E96-F1C,2023-01-16,14201.86,ESTORNO,23587016000148,False,APP
2073f9a3-2b19-4b32-9305-9b50bf114744,54501F75-460,2023-05-10,1916.68,PIX,,False,APP
92599bc5-fabd-40cc-8c98-a18c83056961,62E073C2-900,2024-09-08,7854.18,ESTORNO,84375106000160,False,AGENCIA
fadfb42d-21ac-4dd3-ad49-547d25be09d1,59134585-23E,2024-02-12,3244.21,PIX,04859371000184,False,APP
955e27bd-8f65-4a1c-b240-d880cf99a9d1,449D32F1-6D3,2024-07-10,1910.83,SAQUE,35724089000113,False,AGENCIA
f4252816-d273-4794-9400-e88a662ead7e,43FB0188-85B,2023-08-14,22441.16,PIX,80537491000143,False,AGENCIA
19118e8e-ff0f-4589-afd2-d3960bc7dd4b,5216EA77-C3D,2023-10-27,19505.54,ESTORNO,59126703000103,False,AGENCIA
99470d20-a0c3-4909-8eba-40de5ced0baf,573B575E-B3F,2024-07-08,7972.5,PAGAMENTO_BOLETO,20861534000110,False,AGENCIA
a9cb69f9-654c-4e02-b125-a32bc9632d16,FD09AE3B-6D3,2024-12-23,22510.78,PAGAMENTO_BOLETO,52864179000129,False,APP
868c9910-3bf2-47c7-a870-e06fea3259ad,5C0F3CFD-4BA,2023-05-21,5090.07,PAGAMENTO_BOLETO,08314576000135,False,POS
19fa09b5-0606-4ec1-a68e-3c99adbb68ab,49216251-87E,2024-01-17,5270.42,ESTORNO,48957316000100,False,INTERNET
a22b0c98-d712-4a4f-867d-fc94997347e8,83A3630D-986,2023-08-29,898.14,ESTORNO,85170394000189,False,ATM
07e0df72-a1ea-4dc2-8ca2-70b0c7fb0191,573B575E-B3F,2023-01-22,23826.19,PIX,87413250000131,False,AGENCIA
93cb0b95-38d2-4d03-8b66-7a748c33dffd,CE99382F-A02,2024-01-29,6950.27,TED,,False,APP
5a905635-a8e5-44d0-96ba-e1c2148544fd,B5314841-8B2,2024-09-16,1494.41,PIX,30678594000155,False,ATM
5d534f6f-6a3b-4407-9fbb-916e66ce5dc5,39428893-575,2023-02-15,9617.5,SAQUE,25341908000190,False,INTERNET
e30097a8-c8b8-4999-83d0-c4daab1af81e,D2B61881-C7B,2024-06-29,16498.65,COMPRA,35687194000120,False,APP
28f82e76-2276-4069-aa80-c47f096b4690,F6A87F05-958,2023-12-23,13539.42,COMPRA,28190564000153,False,AGENCIA
02076ffe-3059-46f8-ad85-d9fa6f36bbb3,2028D94F-E51,2023-09-26,23067.58,PAGAMENTO_BOLETO,03962517000150,False,APP
adafa83d-dff3-4fe3-98c0-a46f2449cff4,E99A2EFB-DB8,2024-09-28,8524.6,PIX,63120874000100,False,APP
7716fc36-7a1a-4395-abda-72bbb307f7cb,DCA0FBF7-DB2,2024-07-20,20185.21,PIX,36750941000190,False,AGENCIA
6122a3e6-4e62-457f-b3ee-714b8d3b7d9f,1FB0EFAF-649,2024-07-01,21463.06,PIX,53829471000173,False,POS
0c9e01c7-9402-4c4b-8f5c-0a031272f070,4FA36B7A-15A,2023-09-24,19225.66,SAQUE,41573980000107,False,ATM
a958b304-e05b-4c78-8ab1-30aa1a20836c,43C6A944-EC7,2023-09-01,18641.23,SAQUE,10275364000138,False,AGENCIA
800e7440-4e3e-4dda-8ce1-582756e909bf,BA2097E1-7E5,2023-10-08,19990.02,COMPRA,08469315000194,False,POS
16cc8ec3-5e41-46bd-a59f-54829cb00406,A82B9A72-283,2024-08-07,7396.68,PIX,61780253000110,True,AGENCIA
8ad30320-43c5-4371-8375-14eb43ee7585,A82B9A72-283,2024-11-06,9043.33,TED,,False,POS
5a105e72-a279-448e-b822-3cb682539828,6267E6A6-638,2023-11-11,309.96,PAGAMENTO_BOLETO,90734628000103,False,AGENCIA
0053e30f-68f1-4158-a1c9-d5573fd5967f,AA120121-053,2024-03-30,21190.05,PIX,53248617000197,True,APP
baaa8c42-e0ed-440d-a5c0-1ee385f9877f,9B934FBC-326,2024-01-03,11661.79,PIX,,False,POS
d0e1281a-d148-4267-9fc5-6816789f301f,0CE60254-FEF,2023-03-01,5447.24,PAGAMENTO_BOLETO,49807615000113,False,AGENCIA
01cd5a59-73ec-49bc-9264-324a67f1da27,09093D1C-963,2024-07-18,22426.26,TED,83764519000173,False,ATM
9b753c28-23d4-4b9d-952a-b584c3090988,9BF6290C-56C,2023-10-10,4496.33,TED,,False,INTERNET
6c4f9b17-90ca-41c2-a19d-dec5ee80eb00,4D3FA355-D96,2023-06-28,5686.63,SAQUE,39471250000145,False,APP
22eeb985-211a-425a-9797-a32636eceb73,C6B07089-C0D,2024-11-01,5817.96,COMPRA,02461537000184,False,POS
ad6d80e2-4668-4737-8b44-c4d4141bd5b2,5D413897-554,2024-08-16,21514.47,TED,,False,INTERNET
cfdd959c-23cf-4a2f-9cb3-1508f62d910c,3BC1A2D5-34C,2023-09-23,1521.73,TED,20316957000159,True,AGENCIA
a441b437-3598-4097-a8b3-d1ac93eb5ef3,B5314841-8B2,2023-02-15,13511.72,PAGAMENTO_BOLETO,06952734000157,False,APP
b2d5c12b-dfd4-4357-94e0-1bcfce61b1eb,068586DA-620,2024-03-30,1938.36,COMPRA,84261390000143,False,INTERNET
4fa6c893-f5f8-4934-a43e-431cbaf102cc,8791F791-376,2024-08-07,5102.24,TED,30257891000127,False,ATM
76dcc78e-4041-4f56-a53d-ed10b8795509,43E4F50E-1E2,2024-03-12,1786.22,TED,50914673000125,False,AGENCIA
31984eb1-18f8-49fb-9476-1a4fa86ce3d6,8C23AC70-D20,2024-01-04,15174.76,TED,64371592000130,False,AGENCIA
f4512232-7314-4957-83b6-61ca4e760410,8D95AEC4-371,2023-10-29,11767.92,PAGAMENTO_BOLETO,15340279000120,True,AGENCIA
229173dd-8501-43f8-8866-de9663ed438b,12BFEB32-53C,2023-06-03,1116.7,PAGAMENTO_BOLETO,14892750000120,True,POS
a14cf51f-b5c8-4047-a266-d76c60369606,1B34E4AF-C6B,2023-11-17,5288.17,PAGAMENTO_BOLETO,62549301000126,False,POS
6962d541-6899-4b11-bbae-87d56d075f24,CECEDA63-6CE,2024-12-30,19587.0,TED,04573691000173,False,ATM
7196bccb-50e7-49e2-abf9-67fa8b040aec,0F06EB13-217,2023-02-03,20768.42,ESTORNO,78529046000190,False,ATM
1b91cb28-e4aa-49c3-a264-69124ae58f6b,0555CB56-9ED,2024-10-26,19065.65,COMPRA,23756189000142,False,INTERNET
52ccc1b5-6f07-4bca-a1ac-351160b4ef0a,9EE31C47-B9D,2024-08-11,14135.71,ESTORNO,39540217000120,False,ATM
4b5e59a3-b619-440a-9834-c6d2c8238b62,D85C93CF-85B,2023-05-05,13474.88,PAGAMENTO_BOLETO,17623495000108,False,POS
4a51fa34-88a4-465f-a9d4-165b32fcc803,2539F02B-4A1,2024-06-21,11809.02,PAGAMENTO_BOLETO,89752630000126,False,AGENCIA
0a8a7007-88a8-4de7-a1e5-d14f7b3e1b3f,D067620C-54C,2024-08-12,4876.8,TED,32068749000167,False,AGENCIA
1638a88a-3b42-46c3-9ee1-812891ff0b9a,AD6C2C9A-4BC,2024-01-06,6077.97,SAQUE,87091356000166,False,APP
b328b4c7-5887-4f58-bb48-52368b54063c,61E830BC-5BD,2024-03-31,17327.29,ESTORNO,06732459000166,False,ATM
e4640079-cc40-43e5-8ff7-d46c11ccebd7,C6FD676A-15B,2023-12-27,9047.99,PAGAMENTO_BOLETO,67253419000126,False,AGENCIA
df23650e-036c-47eb-82de-ca283c3f9ca2,3D8FEF6D-DFF,2024-09-11,16333.77,SAQUE,85713462000109,False,ATM
db936d08-1c05-4d6d-88e4-460c2a590a49,52F07F56-04F,2023-05-09,5745.24,PAGAMENTO_BOLETO,32491067000162,False,ATM
e6aa4f68-5ab8-4486-9425-f8a50d894664,F7A73324-9E9,2024-11-12,16853.12,SAQUE,06859132000150,False,AGENCIA
81d1c4d6-b484-4d4d-897e-cca9f4fcd3e7,486958AD-C07,2023-05-01,8540.28,COMPRA,02897154000153,False,POS
990aec85-5b70-40db-a072-67a6e4532476,732F188D-6EB,2024-08-12,24581.22,PIX,50914728000105,False,INTERNET
a17d66b6-9de1-42f5-bbb4-70cb7667c046,65386D23-32A,2024-04-09,22496.96,COMPRA,94573120000121,False,ATM
e77e8e40-6365-44ed-b508-92f5855522e7,AFB5E037-4BE,2024-07-21,6585.51,ESTORNO,,False,APP
ae294c21-a0ec-4459-9b55-292d70646c0c,AFB02E04-2E7,2023-02-04,3161.26,PIX,59217346000199,True,INTERNET
593d84f1-6292-45e7-9da6-7b744d70ff59,B8B761D1-DC3,2023-05-16,24748.35,PAGAMENTO_BOLETO,14295860000104,False,ATM
4788cc9c-f5a7-48fe-bdf9-fa9cc312601e,75D1D9E0-A94,2023-12-29,22606.65,SAQUE,41382960000140,False,POS
958b9d8e-d7ca-4e62-856b-72846bb7f711,DDD59A19-4F8,2023-10-28,6037.01,COMPRA,52603187000111,False,AGENCIA
8e9332dc-3852-49bf-a8dc-cd4428374ee2,B8B761D1-DC3,2024-09-23,14787.56,COMPRA,71283094000100,False,APP
11c5fec2-6a34-420e-8a0f-a4aabcbb2dfb,74D79365-D71,2023-12-30,1845.2,PIX,84152763000148,False,ATM
c632a417-b710-4fbb-845c-8fa4c4c9167c,930F7F60-FD1,2024-03-22,18517.83,TED,89306145000129,False,INTERNET
ae6e1c09-6d66-41c6-8bd0-2bc5c243dfbb,DE1EB8BA-7FB,2024-08-26,18336.48,PAGAMENTO_BOLETO,64712890000147,False,APP
098b7883-61c0-4c25-bd71-67e5e4b68246,D3EECC52-E33,2024-01-14,14839.44,ESTORNO,84019536000149,False,ATM
0e5368e5-26c5-4752-b13c-1ae1e912e905,4EF11F0C-59F,2023-06-30,8011.94,PAGAMENTO_BOLETO,45708169000139,False,AGENCIA
294594ee-a058-4398-be57-dd91e6c8415b,A8097D86-5EF,2023-04-10,23619.29,SAQUE,51063972000166,False,AGENCIA
fc0e2a3f-78b6-4108-903b-2a89d90a4f2a,6EA7678C-366,2024-06-14,1208.63,PAGAMENTO_BOLETO,46590172000163,False,ATM
7948fe0d-6560-4c98-a7e7-3db5ee04a338,24B74B31-A04,2024-01-29,7132.5,TED,,False,INTERNET
128378bc-488a-4907-91e0-b2a73b41fda4,486958AD-C07,2023-08-04,1049.8,PIX,03427685000145,False,POS
7ef010cc-93d1-4fee-86c0-73ccadbafd82,73BDBBCB-2B0,2023-11-18,21989.77,COMPRA,69840213000128,False,INTERNET
8730a0f4-9e2e-4660-a8a0-d6106d4c4a77,E77F3142-134,2023-10-08,2965.1,PIX,87056923000143,False,INTERNET
b0e855bb-923a-4007-be68-1e52e297a908,58339DDE-C00,2023-09-23,7213.04,PAGAMENTO_BOLETO,,False,INTERNET
a28415b2-7e22-4eca-b268-d606952b05a0,9933E9A7-836,2023-05-25,16661.34,COMPRA,95273604000118,False,POS
fa0951e1-8407-4129-ab51-423884bd31bc,DCA0FBF7-DB2,2023-01-29,18871.99,PAGAMENTO_BOLETO,79458362000180,False,POS
0ad7dd6f-5ec0-40b3-bb5e-9b23c60aba6d,C4A6246B-EF0,2023-07-19,13448.59,COMPRA,95301682000189,False,APP
cd35a530-0a0d-4965-8efd-dedb91aaada0,37C14703-C54,2023-10-16,9239.46,PAGAMENTO_BOLETO,46182793000108,False,ATM
0eb73b21-390a-4ba8-bb60-d15428f30443,6267E6A6-638,2024-04-09,13023.07,TED,80129367000149,False,APP
65c52084-cb9b-4943-abed-41387ddb1aa9,48B2EBE6-D96,2024-03-18,11110.96,PIX,,False,INTERNET
35b0af85-fd2c-487c-ba2b-1d9948f0afdf,1680FC7C-891,2024-11-15,24826.94,COMPRA,68971032000178,False,APP
9d6abb06-9367-4646-beee-2017f4073589,7938E4EE-F83,2023-08-16,18607.32,ESTORNO,65047918000131,False,INTERNET
357e7178-a509-4672-9f68-e8eaa2e18247,361BB598-53A,2023-10-10,12677.24,PIX,19632507000196,False,POS
4f8fe31b-440c-48c8-9547-254e7731167a,52D2A17E-E8E,2023-03-17,16802.53,ESTORNO,07536248000110,False,APP
7ef50ef0-7ae2-4b1e-afe7-d49e47a44cb7,A8097D86-5EF,2024-12-23,10835.29,PAGAMENTO_BOLETO,46951283000158,False,POS
0b021cf2-d724-4819-9726-d6fabfd9e656,BF280803-18A,2024-10-03,16528.77,COMPRA,,False,APP
956be342-8443-46f2-b6ec-99cc485e106f,53EFDB0B-6B0,2024-08-23,6148.97,PIX,46329507000194,False,INTERNET
bee9c1c2-6555-49f1-a2e6-698a3864af5d,E776BC4C-E6D,2023-09-29,16834.18,PIX,64813720000159,False,INTERNET
84e2ebf7-0aab-4742-8687-cab245aa43aa,A445604E-039,2023-10-17,18339.42,SAQUE,65309184000111,False,APP
d3971e24-cbce-4db1-aedc-e94a9412a5dc,9E49D006-67C,2023-08-08,23770.89,COMPRA,51273849000170,False,ATM
19915406-a8ab-4d54-b2b2-f0886901c949,5216EA77-C3D,2023-08-02,13944.09,ESTORNO,20364759000160,False,ATM
5da069f5-6393-43a1-8c68-20bf214b0667,43FBC6B3-A3B,2024-09-20,17200.01,PIX,80234176000147,False,INTERNET
80152c30-6f36-488c-b900-bcb8f6e638fd,3230B053-3C0,2024-05-10,15943.41,PAGAMENTO_BOLETO,94126780000164,False,INTERNET
65672480-63a3-421c-8958-788c582642fd,B7B44BF3-E1C,2023-08-26,21947.42,TED,79846312000170,False,ATM
9954fdfc-fdaa-40f9-95f2-40887bc6b0e5,15AD529C-E77,2024-02-06,19918.96,PAGAMENTO_BOLETO,06935742000195,False,ATM
c2382e21-7232-454c-b496-f8bfc3068849,5BF500E4-8BE,2023-08-13,7386.49,COMPRA,17653842000145,False,AGENCIA
a4e74f86-5c26-4844-b65a-f35a7279b193,54501F75-460,2024-04-02,10490.72,TED,23690785000177,False,ATM
a01e28ad-ecc9-4666-a755-c42c60a400a0,E776BC4C-E6D,2024-04-20,2896.81,TED,53867491000139,False,AGENCIA
5b6dfa34-78c5-46e2-bd3b-19869240964a,FC5E85F8-30E,2024-12-22,17424.67,SAQUE,34912075000160,False,ATM
d13332d5-a98d-45bc-8a8e-6689260b8449,7E63ADB8-846,2024-05-15,21003.26,PAGAMENTO_BOLETO,40789621000110,False,INTERNET
b2c05907-80ac-422b-a45a-1bf7e5436c6b,C8CA30A1-BDA,2023-10-02,725.52,PAGAMENTO_BOLETO,97460813000104,False,ATM
263c8089-31f8-4669-a077-179058574ffd,C765728D-5F2,2023-11-27,1521.49,TED,08354162000130,False,ATM
cbab3a82-bfd1-40ad-98ed-627261c13da0,E927D0BE-3CA,2024-03-28,9785.37,PIX,,False,APP
c3790be4-28f2-4b2b-ac16-417107b9f44f,544F1EA5-BA8,2023-08-13,6709.03,TED,75291486000163,False,APP
20cc359f-c96e-4902-b666-a0d6ce29c7f7,DB548180-53F,2024-02-24,7713.8,SAQUE,40689735000199,False,INTERNET
493919b6-eb0b-4848-8b47-4d510d3e57b6,7938E4EE-F83,2024-10-02,13401.02,COMPRA,10392475000124,False,POS
840d6758-902d-443e-be16-427fc65c11d6,3E8A1035-2EB,2023-05-13,15269.37,PAGAMENTO_BOLETO,,False,APP
3a0f4dfa-dc34-4287-a87a-348a2cc81250,C3513C2D-EDC,2023-04-03,20060.62,ESTORNO,28705943000139,False,AGENCIA
5a5fd7f5-6efe-42a5-8896-8a3315867d55,07EC18E1-7E1,2024-07-20,19171.4,COMPRA,75083294000161,False,POS
35bd2ef9-2e14-41a8-bdef-5febec7574ab,6CB0A497-D8C,2024-07-02,5262.77,SAQUE,98764523000109,False,POS
5cada55c-20aa-4723-9e1f-ea475616bbab,1D4CE7C2-3D0,2023-08-23,9889.06,TED,43906852000155,False,AGENCIA
08c60e94-c3ce-4e67-94f2-05941e81179a,49216251-87E,2023-08-09,8288.56,PAGAMENTO_BOLETO,30421795000172,False,APP
2684c0de-cc06-47ac-9551-29d01a968cf0,F7EE6A6D-65D,2023-01-21,903.32,PAGAMENTO_BOLETO,61538720000108,False,ATM
2349387f-0b31-45cf-8cdc-3bcebaf0d05f,C0FBC931-596,2023-02-13,19783.9,SAQUE,96754308000100,False,APP
4e58b694-e742-47cf-aeab-522381f65dd8,0C5EADF3-023,2024-12-05,5751.29,SAQUE,06248391000144,True,APP
4a43ee03-f1a3-41dd-8ca0-795efe68dc48,05B83F29-A94,2024-01-22,20325.18,ESTORNO,70265491000188,False,AGENCIA
f7d597a4-69f9-4e8e-b7ba-98183961293b,2B1DF965-AA8,2023-03-20,21549.8,COMPRA,35612947000138,False,ATM
8ba7a80e-b8d7-449c-aef1-d5a6953d38c4,A82B9A72-283,2024-07-08,505.32,PAGAMENTO_BOLETO,57380421000102,False,APP
865573ab-1d66-43ca-8a71-aee7b6062825,3A8256A4-B54,2024-02-05,18397.23,SAQUE,81435679000143,False,AGENCIA
3b4d41a6-218d-4faa-9320-e73c21072d01,A4EB6D98-E2B,2024-03-11,19619.62,PAGAMENTO_BOLETO,89713450000135,False,AGENCIA
3b815682-e6df-4f17-a6d6-cbf3f794b7ea,8D6257F2-0BC,2023-07-27,6852.33,COMPRA,70816259000190,False,POS
5083b6fc-f250-402f-86cc-c6cc1e9caded,CE99382F-A02,2023-10-26,11785.8,PIX,94182637000190,False,ATM
b44d9e07-403a-40c1-a02c-91f856fd9f8b,93078DA7-767,2024-05-09,14025.56,TED,70436159000139,False,POS
800cff21-dc8b-40a4-87f5-845681d28092,1B83739B-35A,2024-01-27,12665.58,COMPRA,74061938000158,False,ATM
70d4d118-ae39-458a-957d-677f7a491288,EF19EEC0-BD4,2024-07-13,23786.51,ESTORNO,03491265000128,False,INTERNET
93d226ec-6c21-4495-be35-d849ae8e6f42,732F188D-6EB,2023-01-26,14447.62,PIX,24163805000114,False,ATM
1b28e7d4-e748-46a6-b093-a298f9cb0349,3902F1F6-EBF,2024-07-30,9246.49,COMPRA,79562180000155,False,AGENCIA
dac2dc12-88ab-4788-b826-b5189100310f,17C1A81E-00C,2024-10-07,3595.57,COMPRA,50614398000124,False,INTERNET
d4723b9b-227b-4585-9897-0b5268f63adb,C765728D-5F2,2024-05-16,5193.23,PAGAMENTO_BOLETO,62481350000174,False,INTERNET
1c8b8a96-3972-4a17-a141-da1f744b7c90,53A31699-631,2024-04-29,10080.77,PAGAMENTO_BOLETO,,False,POS
68b3fb53-0748-4d9f-af7a-bb53944c2703,639C3C74-607,2023-03-02,19014.9,PIX,08195673000156,False,AGENCIA
f3216460-537f-4297-b900-d127815fa67c,F4E06D74-59B,2023-06-04,18513.17,COMPRA,91423056000104,False,POS
87770427-6fd5-421a-ba53-0ad23c94bbb3,F35D7C71-395,2023-01-06,14968.85,TED,53974128000112,False,POS
24380cf4-b0e5-436a-989b-2ff168278f7c,4FA36B7A-15A,2024-07-12,19867.7,PIX,42913857000142,False,INTERNET
20826f21-be66-4b4d-aafb-19c08f2b30ff,B2074467-96B,2024-12-26,8046.97,PIX,21470359000100,False,APP
4faeefa5-60a1-4dae-839a-d85336fe3ad5,BBAEB98D-57E,2024-03-11,23030.88,ESTORNO,,False,INTERNET
3afd3f59-a757-4577-8c16-a71f25d72ffd,58B2D16C-0F2,2023-06-15,18922.53,PAGAMENTO_BOLETO,41387625000135,False,INTERNET
1d24bf77-755b-4dd4-b2f0-afcbbdcd1a8d,B875B80A-47D,2023-04-27,4935.39,COMPRA,78960314000123,False,ATM
98688dbd-6dc7-43f8-83ff-2e1fb59235ea,CAD7888E-62F,2024-06-21,4269.3,PIX,46237589000147,False,POS
e93e03a9-9e91-4f1e-acca-c60f0d00721e,1AFF18D3-A32,2023-01-10,10454.56,TED,31624957000132,False,AGENCIA
3c80f89c-6b79-447a-8038-9389a5991c19,A459CF89-330,2024-11-23,17998.99,TED,06837942000105,False,POS
5e0e2168-b92d-4731-8ef2-5a97cfa37234,868F5BA6-7AF,2024-07-31,22238.79,ESTORNO,74125830000181,False,AGENCIA
746464dc-59db-477b-b331-b3d9b6d8b313,2C8EDF74-278,2023-07-29,13082.0,PAGAMENTO_BOLETO,21938740000143,False,AGENCIA
bca2d531-e14e-4580-bb12-a1e49c08671d,35086199-94C,2023-09-15,12985.22,PIX,48096715000116,False,AGENCIA
9a0fa32e-c674-4b65-ada4-e38e4a409941,C89849F8-A37,2023-05-19,23177.1,SAQUE,25314086000158,False,ATM
1f29e547-d478-4f8b-806e-da8d274317bf,6267E6A6-638,2024-03-02,247.01,SAQUE,01758643000161,False,APP
b99f08e0-885d-4a75-a531-0220f5076402,CF2CB41E-A65,2023-01-06,24832.77,TED,34125769000158,False,INTERNET
6676a6cc-19f6-4135-9f3d-0751667f439c,6F82F24D-A39,2024-07-04,17351.59,PIX,93875621000108,False,APP
314514db-733a-478c-8876-5d7c79e28923,93078DA7-767,2024-08-31,15624.88,SAQUE,57963084000186,False,POS
1d79ae9d-c817-4d7d-b854-d402e362e0e0,81C3E631-AF2,2023-12-20,22083.75,ESTORNO,,True,INTERNET
ca7214a5-9a45-4379-aa52-c5394735029b,43FBC6B3-A3B,2024-03-12,6865.6,PAGAMENTO_BOLETO,53748012000165,False,AGENCIA
50b41de2-8c62-4641-93d2-b80a50077e9d,57106EA0-11F,2024-02-17,15613.09,TED,52746930000192,False,INTERNET
03c1c458-114e-4fa1-a9b8-14032078a554,D69AE3EB-E7A,2023-06-06,1938.29,COMPRA,75912863000134,False,AGENCIA
32b741e2-7caa-4691-b3f1-014c9cd34944,C7EB1719-285,2024-07-31,4459.36,COMPRA,56139248000192,False,POS
992ffd28-a3f5-4330-a24e-5caf132d63e0,091BF7AC-2CB,2024-01-28,14683.55,TED,87691350000120,False,POS
68388f06-80ce-451f-b7c0-43e3f9605426,C4A6246B-EF0,2024-09-22,15119.97,ESTORNO,25790318000144,False,INTERNET
86daaa1c-3ea5-4d4d-92f6-e48aba4ed2bd,347D3234-43B,2023-08-26,4203.73,SAQUE,58276914000160,False,POS
7053b7c9-caf6-40cc-8f50-d05a1b5b28bd,8791F791-376,2023-06-18,3663.57,PIX,95784620000175,False,AGENCIA
34f0555c-ee7f-480d-b904-a863cf1bb987,42EF5C4D-DE5,2023-02-23,1946.07,SAQUE,02358647000115,False,ATM
133d4f17-598f-4f9a-97ca-e7db4a45f486,34B222B2-9DE,2024-04-28,10636.01,TED,96782310000184,False,APP
61537762-c105-44d7-bdf3-c0c2db633a1e,82B4C143-FF4,2024-02-07,6020.46,PIX,19702683000157,False,ATM
717fe24d-5044-4802-9c8c-a5c16ce45583,997916CC-660,2024-06-18,8875.76,TED,,False,POS
41b90a73-db93-4b47-ac97-3962d0639420,2BF82552-0F6,2023-06-20,21055.02,ESTORNO,37281650000162,False,INTERNET
dc309eb6-2d73-4c8c-872d-d14f29a2b08a,49216251-87E,2024-07-27,20997.14,PIX,21564803000149,False,AGENCIA
37f05351-25d6-4921-9fe5-e8b06c4cc7c5,AA120121-053,2024-07-25,17134.66,PIX,20749168000101,False,INTERNET
d2f93064-90e8-468e-aae6-862240db7110,148F3E96-F1C,2024-01-10,633.85,PIX,27435190000126,False,AGENCIA
795fbb0f-b9b4-408e-9a62-c2b2f4599c13,FA9EFF19-5B7,2023-08-07,18212.69,PAGAMENTO_BOLETO,89402536000147,False,INTERNET
b887d441-a5c8-46ad-9f77-10384bb7b8c7,CB8DE8E5-AA5,2023-07-03,9562.36,ESTORNO,23105678000134,False,INTERNET
11a8c5f7-2622-45e6-8748-70a3dd383160,5D0A3BD0-9AB,2024-06-22,11052.85,SAQUE,40827196000107,True,AGENCIA
f6901365-4b28-45aa-8ca8-032b780e74ae,E9BB0CDA-96B,2024-01-13,8212.3,TED,12679058000192,False,APP
d8e42289-e453-4844-882d-dcdbe1ea2db9,2539F02B-4A1,2023-02-04,15169.95,ESTORNO,69452870000106,False,ATM
bbaf5fb7-26a4-480d-b706-41f0e21b102f,6DFA9806-BEE,2024-12-13,9958.25,ESTORNO,86451723000122,False,APP
40ae1b45-0d94-495b-87fe-c775543228c8,54501F75-460,2023-02-01,24278.56,ESTORNO,70935126000133,False,POS
e49e3271-4f1b-472f-a45f-0b2e5d86d587,75D1D9E0-A94,2024-05-17,15806.55,SAQUE,59407631000172,False,POS
4d88cfa1-bd62-443f-9031-c053c3518914,00132D80-DA5,2023-02-09,20186.06,TED,35917684000175,True,INTERNET
feb9274e-6ff1-4da8-95ad-e0e449370e1e,24D04B83-419,2023-07-01,17641.43,SAQUE,24513897000115,False,APP
cc48cacd-006f-46eb-b7b3-5b42fcdb1293,542FDE83-A87,2024-10-14,1402.62,ESTORNO,34917056000127,False,APP
f95e5f39-0046-45ab-b3a7-395332ab3e9a,B3F7EBB1-A6D,2023-10-12,21447.47,SAQUE,98173265000196,False,APP
a158adea-e62e-4574-8d9f-d2ea0b8f1c41,215AFA8C-231,2024-11-19,8317.63,TED,02917643000120,False,INTERNET
4cc38b1e-72f3-406e-bf56-8321fa43b0b0,3BC1A2D5-34C,2024-08-23,22643.26,ESTORNO,92156837000142,False,POS
f0bdda27-3eac-412d-a76f-27bb58899618,F732FFEC-0D1,2024-11-11,355.76,PIX,86475920000181,False,APP
6341031d-9c3a-4a75-b30c-feea34c43d84,FE3BC573-E74,2024-05-28,1625.28,SAQUE,97812043000103,False,APP
195a2e2b-e78c-4a1b-9272-2295875bf50c,CD82BAA4-48B,2023-02-15,4315.87,TED,78913452000151,False,POS
a1220a15-e566-450c-bd12-a3f3e9cc1426,F46A071B-66A,2024-10-12,10232.17,ESTORNO,78450312000194,False,APP
127f67ff-14d6-4d3e-852a-c21a112f3978,2EE17F81-447,2024-07-28,7780.15,TED,60378219000150,False,ATM
eb396d24-1774-4bc8-87f8-a937fe2c7064,164AE852-07F,2024-12-14,14204.98,COMPRA,12968507000112,False,ATM
4447ce05-36e2-46bc-8176-909eb266aa92,9E1E66D3-DE2,2023-04-03,2205.42,SAQUE,32906178000192,False,INTERNET
99b8ebb1-871b-45c8-81da-1822c6be50f9,F88FDEB3-526,2024-10-03,7938.56,COMPRA,97348126000193,False,APP
517abecd-f7ec-4550-bd99-a5aec7e4b43c,8860DAB5-D79,2024-01-19,5439.32,PIX,60413278000112,False,INTERNET
e580e794-5135-44cc-9c88-a60666ade09a,765EE55A-52F,2024-11-28,7695.6,ESTORNO,,False,INTERNET
feb369f1-7421-4cf9-bf33-474725548dba,A585B805-C57,2023-05-16,18685.59,TED,01283695000129,False,AGENCIA
311c431e-ee40-43cc-894d-e4b98864babf,4E08B3D8-9B2,2023-05-24,4451.33,PAGAMENTO_BOLETO,41085693000140,False,INTERNET
feec9bdd-3af1-492b-adec-a537d0814574,05B83F29-A94,2023-10-07,20882.13,SAQUE,87560291000150,False,AGENCIA
b1693b26-7599-411c-90b6-a937470e49c0,9723A85B-15C,2024-03-26,6484.96,TED,14607925000100,False,AGENCIA
0c452de6-9145-44e3-81ed-42ad4ecdc828,8791F791-376,2023-12-24,14468.04,ESTORNO,13287590000127,False,INTERNET
16847d73-a01a-436b-aa91-c9c44fe47343,3230B053-3C0,2024-08-22,919.72,PIX,51034697000152,False,POS
8e5500fd-4029-4e0a-9201-a030017f597e,F58A26F9-93F,2024-12-20,5267.75,PIX,78692053000108,False,AGENCIA
f19f4f1d-83c7-4024-952c-4d1ec6cca920,F7EE6A6D-65D,2024-12-17,5187.36,PAGAMENTO_BOLETO,03487159000170,False,AGENCIA
78ad8eb1-357d-4ebe-85a7-28836e7f8354,C6B07089-C0D,2023-08-04,2270.3,TED,21538706000181,False,AGENCIA
a241afb3-afa1-4c3b-ba8c-e82eda885bcb,328458A5-952,2023-04-29,787.65,PAGAMENTO_BOLETO,06812793000120,False,INTERNET
39f304ea-5fd8-42b8-8fff-edca9ad80a59,C7D00506-2FE,2024-04-02,134.59,TED,,False,INTERNET
adafa83d-dff3-4fe3-98c0-a46f2449cff4,E99A2EFB-DB8,2024-09-28,8524.6,PIX,63120874000100,False,APP
1bab4769-86e9-4932-934e-69df20bf73a9,9966908A-182,2024-01-07,19524.68,ESTORNO,37892415000127,False,ATM
b7bf6086-3323-45ba-9717-c889090462f8,E9BB0CDA-96B,2024-10-02,20407.3,TED,43890765000157,False,INTERNET
7a70fe7f-56c4-4605-ab75-8f80a968df08,12BFEB32-53C,2024-12-10,8868.28,PAGAMENTO_BOLETO,31642780000105,False,APP
4d93cadd-5b31-461c-8b0c-926746e68c29,B1CB31F4-592,2024-01-10,756.1,SAQUE,06145873000179,False,APP
ff78815b-2872-4daf-8a63-8291f1193742,D3EECC52-E33,2024-12-01,9241.89,ESTORNO,01765234000192,False,APP
4d00fec8-46be-4126-9ff5-3d9cf58a14be,A1D85E40-DD7,2023-03-16,9982.91,SAQUE,60139742000124,False,ATM
be1e5a7b-c64c-4fec-b9ef-eb95129b8240,2B1DF965-AA8,2023-06-17,22309.92,TED,08465729000145,False,INTERNET
61f22cd2-37fe-403a-bc62-94979bab8f45,930F7F60-FD1,2023-10-06,10022.12,SAQUE,74593862000101,False,INTERNET
1c3ff5ed-c28a-402a-94f8-4c949548370b,999B258F-314,2024-10-12,11207.61,SAQUE,50981632000151,False,ATM
6bae455d-1dd8-4d7f-a480-190f1a5653a5,451C870A-0E0,2024-04-15,8541.73,PAGAMENTO_BOLETO,51379048000193,False,INTERNET
d6a849b5-0bc7-4bc9-866c-6d58980241cf,A37F74BF-331,2023-02-04,11235.91,PAGAMENTO_BOLETO,29173854000151,False,ATM
f50ea03e-a1f3-4d65-906a-46945d536dd4,67F91DD3-4E3,2023-06-22,15184.93,ESTORNO,68017234000185,False,POS
c1737f5b-8758-46f4-8dbd-ce5bc4cd1e65,A1DA6E29-82C,2024-08-04,11553.81,SAQUE,30581796000184,False,ATM
3fe3d9a4-47a1-4134-8bf7-978347c78d81,C8928B8F-0A0,2024-05-17,3016.37,PIX,17560439000171,False,AGENCIA
f4252816-d273-4794-9400-e88a662ead7e,43FB0188-85B,2023-08-14,22441.16,PIX,80537491000143,False,AGENCIA
2acca47d-c634-4666-805e-cd861c99f2cc,0083A2C1-6A4,2023-06-24,21039.3,COMPRA,21543987000160,False,INTERNET
4e4f376c-0ebe-41b3-a115-9027dec52c54,62E073C2-900,2023-08-31,13714.76,TED,92581347000193,False,POS
1b13928b-8bab-4328-9649-8ea3d7f1dcf4,2BF82552-0F6,2023-06-02,1331.97,COMPRA,96813547000185,False,APP
314214ab-666e-414e-846b-cd73e6c14f0c,7EB4C730-057,2024-08-26,3554.78,PIX,97216508000163,False,AGENCIA
4a742535-d683-466f-acfd-d9aeb92ae67a,0DA24407-9FE,2023-03-20,10434.53,COMPRA,,False,APP
82a33f82-0269-4341-b99d-d10a6cff88d3,00132D80-DA5,2024-12-27,146.75,SAQUE,,False,AGENCIA
2349387f-0b31-45cf-8cdc-3bcebaf0d05f,C0FBC931-596,2023-02-13,19783.9,SAQUE,96754308000100,False,APP
9601d4e2-c8d8-4237-ab54-178772c3d9ad,C765728D-5F2,2024-11-12,3105.74,TED,97401852000122,False,ATM
915a6572-ed6f-4a22-a02d-ea92c904b446,7D44A617-A24,2023-06-29,22595.11,COMPRA,95376482000195,False,INTERNET
3548d4cb-7946-4a25-b763-59b88157686e,840DD761-523,2023-11-29,19719.78,PIX,45978612000191,False,APP
3b815682-e6df-4f17-a6d6-cbf3f794b7ea,8D6257F2-0BC,2023-07-27,6852.33,COMPRA,70816259000190,False,POS
d9270dc9-ec29-4a1f-ab4e-dcd8b4a3bad3,C9ABF640-2D9,2024-05-26,14907.4,PAGAMENTO_BOLETO,57218906000102,False,AGENCIA
284fa6b0-43ee-40dc-b7ea-293d5b424416,52851123-A74,2024-12-11,5560.11,SAQUE,92853407000180,False,AGENCIA
